source_file,action,source_rank,word,lemma,pos,form_type,sense_id,meaning_ja,level,importance,category,note,note2,center_word_original,center_pos,center_pmw,review_reason,suggested_level,level_reason,reference_meaning_ja
review,add,119,used,used,verb,past_participle,1,,high_school,2,center_exam,センター試験語彙リスト由来。意味は要補充,center_pos=VVN; center_pmw=1000+; not_found_in_junior_or_high_word_lists,used,VVN,1000+,pos_review,review,not_found_in_junior_or_high_word_lists,
auto,add,175,mr,mr,noun,base,1,,high_school,2,center_exam,センター試験語彙リスト由来。意味は要補充,center_pos=NN; center_pmw=500+; not_found_in_junior_or_high_word_lists,mr,NN,500+,,review,not_found_in_junior_or_high_word_lists,
auto,add,184,lot,lot,noun,base,1,,high_school,2,center_exam,センター試験語彙リスト由来。意味は要補充,center_pos=NN; center_pmw=500+; not_found_in_junior_or_high_word_lists,lot,NN,500+,,review,not_found_in_junior_or_high_word_lists,
auto,add,219,ok,ok,verb,base,1,,high_school,2,center_exam,センター試験語彙リスト由来。意味は要補充,center_pos=VV; center_pmw=500+; not_found_in_junior_or_high_word_lists,ok,VV,500+,,review,not_found_in_junior_or_high_word_lists,
auto,add,235,accord,accord,noun,base,1,,high_school,2,center_exam,センター試験語彙リスト由来。意味は要補充,center_pos=NN; center_pmw=500+; not_found_in_junior_or_high_word_lists,accord,NN,500+,,review,not_found_in_junior_or_high_word_lists,
review,add,276,mrs,mrs,noun,plural,1,,high_school,2,center_exam,センター試験語彙リスト由来。意味は要補充,center_pos=NNS; center_pmw=500+; not_found_in_junior_or_high_word_lists,mrs,NNS,500+,pos_review,review,not_found_in_junior_or_high_word_lists,
auto,add,283,able,able,adjective,base,1,,high_school,2,center_exam,センター試験語彙リスト由来。意味は要補充,center_pos=JJ; center_pmw=100+; not_found_in_junior_or_high_word_lists,able,JJ,100+,,review,not_found_in_junior_or_high_word_lists,
auto,add,308,paragraph,paragraph,noun,base,1,,high_school,2,center_exam,センター試験語彙リスト由来。意味は要補充,center_pos=NN; center_pmw=100+; not_found_in_junior_or_high_word_lists,paragraph,NN,100+,,review,not_found_in_junior_or_high_word_lists,
auto,add,316,expect,expect,verb,base,1,,high_school,2,center_exam,センター試験語彙リスト由来。意味は要補充,center_pos=VVP; center_pmw=100+; not_found_in_junior_or_high_word_lists,expect,VVP,100+,,review,not_found_in_junior_or_high_word_lists,
auto,add,318,clothe,clothe,verb,base,1,,high_school,2,center_exam,センター試験語彙リスト由来。意味は要補充,center_pos=VV; center_pmw=100+; not_found_in_junior_or_high_word_lists,clothe,VV,100+,,review,not_found_in_junior_or_high_word_lists,
review,add,324,following,following,verb,present_participle,1,,high_school,2,center_exam,センター試験語彙リスト由来。意味は要補充,center_pos=VVG; center_pmw=100+; not_found_in_junior_or_high_word_lists,following,VVG,100+,pos_review,review,not_found_in_junior_or_high_word_lists,
auto,add,346,john,john,noun,base,1,,high_school,2,center_exam,センター試験語彙リスト由来。意味は要補充,center_pos=NN; center_pmw=100+; not_found_in_junior_or_high_word_lists,john,NN,100+,,review,not_found_in_junior_or_high_word_lists,
auto,add,352,dr,dr,noun,base,1,,high_school,2,center_exam,センター試験語彙リスト由来。意味は要補充,center_pos=NN; center_pmw=100+; not_found_in_junior_or_high_word_lists,dr,NN,100+,,review,not_found_in_junior_or_high_word_lists,
auto,add,365,view,view,noun,base,1,,high_school,2,center_exam,センター試験語彙リスト由来。意味は要補充,center_pos=NN; center_pmw=100+; not_found_in_junior_or_high_word_lists,view,NN,100+,,review,not_found_in_junior_or_high_word_lists,
auto,add,379,tom,tom,noun,base,1,,high_school,2,center_exam,センター試験語彙リスト由来。意味は要補充,center_pos=NN; center_pmw=100+; not_found_in_junior_or_high_word_lists,tom,NN,100+,,review,not_found_in_junior_or_high_word_lists,
auto,add,428,provide,provide,verb,base,1,,high_school,2,center_exam,センター試験語彙リスト由来。意味は要補充,center_pos=VV; center_pmw=100+; not_found_in_junior_or_high_word_lists,provide,VV,100+,,review,not_found_in_junior_or_high_word_lists,
auto,add,432,adult,adult,noun,base,1,,high_school,2,center_exam,センター試験語彙リスト由来。意味は要補充,center_pos=NN; center_pmw=100+; not_found_in_junior_or_high_word_lists,adult,NN,100+,,review,not_found_in_junior_or_high_word_lists,
auto,add,439,cost,cost,noun,base,1,,high_school,2,center_exam,センター試験語彙リスト由来。意味は要補充,center_pos=NN; center_pmw=100+; not_found_in_junior_or_high_word_lists,cost,NN,100+,,review,not_found_in_junior_or_high_word_lists,
auto,add,441,situation,situation,noun,base,1,,high_school,2,center_exam,センター試験語彙リスト由来。意味は要補充,center_pos=NN; center_pmw=100+; not_found_in_junior_or_high_word_lists,situation,NN,100+,,review,not_found_in_junior_or_high_word_lists,
auto,add,445,television,television,noun,base,1,,high_school,2,center_exam,センター試験語彙リスト由来。意味は要補充,center_pos=NN; center_pmw=100+; not_found_in_junior_or_high_word_lists,television,NN,100+,,review,not_found_in_junior_or_high_word_lists,
auto,add,451,offer,offer,noun,base,1,,high_school,2,center_exam,センター試験語彙リスト由来。意味は要補充,center_pos=NN; center_pmw=100+; not_found_in_junior_or_high_word_lists,offer,NN,100+,,review,not_found_in_junior_or_high_word_lists,
auto,add,462,attention,attention,noun,base,1,,high_school,2,center_exam,センター試験語彙リスト由来。意味は要補充,center_pos=NN; center_pmw=100+; not_found_in_junior_or_high_word_lists,attention,NN,100+,,review,not_found_in_junior_or_high_word_lists,
auto,add,494,speaker,speaker,noun,base,1,,high_school,2,center_exam,センター試験語彙リスト由来。意味は要補充,center_pos=NN; center_pmw=100+; not_found_in_junior_or_high_word_lists,speaker,NN,100+,,review,not_found_in_junior_or_high_word_lists,
auto,add,497,clear,clear,adjective,base,1,,high_school,2,center_exam,センター試験語彙リスト由来。意味は要補充,center_pos=JJ; center_pmw=100+; not_found_in_junior_or_high_word_lists,clear,JJ,100+,,review,not_found_in_junior_or_high_word_lists,
auto,add,511,form,form,noun,base,1,,high_school,2,center_exam,センター試験語彙リスト由来。意味は要補充,center_pos=NN; center_pmw=100+; not_found_in_junior_or_high_word_lists,form,NN,100+,,review,not_found_in_junior_or_high_word_lists,
auto,add,526,stress,stress,noun,base,1,,high_school,2,center_exam,センター試験語彙リスト由来。意味は要補充,center_pos=NN; center_pmw=100+; not_found_in_junior_or_high_word_lists,stress,NN,100+,,review,not_found_in_junior_or_high_word_lists,
auto,add,527,system,system,noun,base,1,,high_school,2,center_exam,センター試験語彙リスト由来。意味は要補充,center_pos=NN; center_pmw=100+; not_found_in_junior_or_high_word_lists,system,NN,100+,,review,not_found_in_junior_or_high_word_lists,
auto,add,535,require,require,verb,base,1,,high_school,2,center_exam,センター試験語彙リスト由来。意味は要補充,center_pos=VV; center_pmw=100+; not_found_in_junior_or_high_word_lists,require,VV,100+,,review,not_found_in_junior_or_high_word_lists,
auto,add,541,statement,statement,noun,base,1,,high_school,2,center_exam,センター試験語彙リスト由来。意味は要補充,center_pos=NN; center_pmw=100+; not_found_in_junior_or_high_word_lists,statement,NN,100+,,review,not_found_in_junior_or_high_word_lists,
auto,add,544,unite,unite,verb,base,1,,high_school,2,center_exam,センター試験語彙リスト由来。意味は要補充,center_pos=VV; center_pmw=100+; not_found_in_junior_or_high_word_lists,unite,VV,100+,,review,not_found_in_junior_or_high_word_lists,
auto,add,546,worker,worker,noun,base,1,,high_school,2,center_exam,センター試験語彙リスト由来。意味は要補充,center_pos=NN; center_pmw=100+; not_found_in_junior_or_high_word_lists,worker,NN,100+,,review,not_found_in_junior_or_high_word_lists,
review,add,554,ms,ms,noun,plural,1,,high_school,2,center_exam,センター試験語彙リスト由来。意味は要補充,center_pos=NNS; center_pmw=100+; not_found_in_junior_or_high_word_lists,ms,NNS,100+,pos_review,review,not_found_in_junior_or_high_word_lists,
auto,add,565,trouble,trouble,noun,base,1,,high_school,2,center_exam,センター試験語彙リスト由来。意味は要補充,center_pos=NN; center_pmw=100+; not_found_in_junior_or_high_word_lists,trouble,NN,100+,,review,not_found_in_junior_or_high_word_lists,
auto,add,566,value,value,noun,base,1,,high_school,2,center_exam,センター試験語彙リスト由来。意味は要補充,center_pos=NN; center_pmw=100+; not_found_in_junior_or_high_word_lists,value,NN,100+,,review,not_found_in_junior_or_high_word_lists,
review,add,573,germany,germany,noun,base,1,,high_school,2,center_exam,センター試験語彙リスト由来。意味は要補充,center_pos=NP; center_pmw=100+; not_found_in_junior_or_high_word_lists,Germany,NP,100+,pos_review;proper_noun,review,not_found_in_junior_or_high_word_lists,
auto,add,580,base,base,noun,base,1,,high_school,2,center_exam,センター試験語彙リスト由来。意味は要補充,center_pos=NN; center_pmw=100+; not_found_in_junior_or_high_word_lists,base,NN,100+,,review,not_found_in_junior_or_high_word_lists,
auto,add,582,bob,bob,noun,base,1,,high_school,2,center_exam,センター試験語彙リスト由来。意味は要補充,center_pos=NN; center_pmw=100+; not_found_in_junior_or_high_word_lists,bob,NN,100+,,review,not_found_in_junior_or_high_word_lists,
review,add,586,internet,internet,noun,base,1,,high_school,2,center_exam,センター試験語彙リスト由来。意味は要補充,center_pos=NP; center_pmw=100+; not_found_in_junior_or_high_word_lists,Internet,NP,100+,pos_review;proper_noun,review,not_found_in_junior_or_high_word_lists,
auto,add,594,average,average,noun,base,1,,high_school,2,center_exam,センター試験語彙リスト由来。意味は要補充,center_pos=NN; center_pmw=100+; not_found_in_junior_or_high_word_lists,average,NN,100+,,review,not_found_in_junior_or_high_word_lists,
auto,add,602,rate,rate,noun,base,1,,high_school,2,center_exam,センター試験語彙リスト由来。意味は要補充,center_pos=NN; center_pmw=100+; not_found_in_junior_or_high_word_lists,rate,NN,100+,,review,not_found_in_junior_or_high_word_lists,
auto,add,634,process,process,noun,base,1,,high_school,2,center_exam,センター試験語彙リスト由来。意味は要補充,center_pos=NN; center_pmw=100+; not_found_in_junior_or_high_word_lists,process,NN,100+,,review,not_found_in_junior_or_high_word_lists,
auto,add,637,equal,equal,adjective,base,1,,high_school,2,center_exam,センター試験語彙リスト由来。意味は要補充,center_pos=JJ; center_pmw=100+; not_found_in_junior_or_high_word_lists,equal,JJ,100+,,review,not_found_in_junior_or_high_word_lists,
review,add,639,france,france,noun,base,1,,high_school,2,center_exam,センター試験語彙リスト由来。意味は要補充,center_pos=NP; center_pmw=100+; not_found_in_junior_or_high_word_lists,France,NP,100+,pos_review;proper_noun,review,not_found_in_junior_or_high_word_lists,
review,add,646,tokyo,tokyo,noun,base,1,,high_school,2,center_exam,センター試験語彙リスト由来。意味は要補充,center_pos=NP; center_pmw=100+; not_found_in_junior_or_high_word_lists,Tokyo,NP,100+,pos_review;proper_noun,review,not_found_in_junior_or_high_word_lists,
auto,add,662,online,online,adjective,base,1,,high_school,2,center_exam,センター試験語彙リスト由来。意味は要補充,center_pos=JJ; center_pmw=100+; not_found_in_junior_or_high_word_lists,online,JJ,100+,,review,not_found_in_junior_or_high_word_lists,
auto,add,669,tend,tend,verb,base,1,,high_school,2,center_exam,センター試験語彙リスト由来。意味は要補充,center_pos=VVP; center_pmw=100+; not_found_in_junior_or_high_word_lists,tend,VVP,100+,,review,not_found_in_junior_or_high_word_lists,
review,add,682,saying,saying,verb,present_participle,1,,high_school,2,center_exam,センター試験語彙リスト由来。意味は要補充,center_pos=VVG; center_pmw=100+; not_found_in_junior_or_high_word_lists,saying,VVG,100+,pos_review,review,not_found_in_junior_or_high_word_lists,
auto,add,683,service,service,noun,base,1,,high_school,2,center_exam,センター試験語彙リスト由来。意味は要補充,center_pos=NN; center_pmw=100+; not_found_in_junior_or_high_word_lists,service,NN,100+,,review,not_found_in_junior_or_high_word_lists,
auto,add,684,sheet,sheet,noun,base,1,,high_school,2,center_exam,センター試験語彙リスト由来。意味は要補充,center_pos=NN; center_pmw=100+; not_found_in_junior_or_high_word_lists,sheet,NN,100+,,review,not_found_in_junior_or_high_word_lists,
auto,add,689,act,act,noun,base,1,,high_school,2,center_exam,センター試験語彙リスト由来。意味は要補充,center_pos=NN; center_pmw=100+; not_found_in_junior_or_high_word_lists,act,NN,100+,,review,not_found_in_junior_or_high_word_lists,
auto,add,701,jack,jack,noun,base,1,,high_school,2,center_exam,センター試験語彙リスト由来。意味は要補充,center_pos=NN; center_pmw=100+; not_found_in_junior_or_high_word_lists,jack,NN,100+,,review,not_found_in_junior_or_high_word_lists,
auto,add,711,topic,topic,noun,base,1,,high_school,2,center_exam,センター試験語彙リスト由来。意味は要補充,center_pos=NN; center_pmw=100+; not_found_in_junior_or_high_word_lists,topic,NN,100+,,review,not_found_in_junior_or_high_word_lists,
auto,add,721,finding,finding,noun,base,1,,high_school,2,center_exam,センター試験語彙リスト由来。意味は要補充,center_pos=NN; center_pmw=100+; not_found_in_junior_or_high_word_lists,finding,NN,100+,,review,not_found_in_junior_or_high_word_lists,
review,add,728,us(a),us(a),,,1,,high_school,2,center_exam,センター試験語彙リスト由来。意味は要補充,center_pos=; center_pmw=100+; not_found_in_junior_or_high_word_lists,US(A),,100+,pos_review;multiword_or_symbol;unknown_pos,review,not_found_in_junior_or_high_word_lists,
auto,add,745,manage,manage,verb,base,1,,high_school,2,center_exam,センター試験語彙リスト由来。意味は要補充,center_pos=VV; center_pmw=100+; not_found_in_junior_or_high_word_lists,manage,VV,100+,,review,not_found_in_junior_or_high_word_lists,
auto,add,750,sally,sally,noun,base,1,,high_school,2,center_exam,センター試験語彙リスト由来。意味は要補充,center_pos=NN; center_pmw=100+; not_found_in_junior_or_high_word_lists,sally,NN,100+,,review,not_found_in_junior_or_high_word_lists,
auto,add,753,stage,stage,noun,base,1,,high_school,2,center_exam,センター試験語彙リスト由来。意味は要補充,center_pos=NN; center_pmw=100+; not_found_in_junior_or_high_word_lists,stage,NN,100+,,review,not_found_in_junior_or_high_word_lists,
auto,add,754,style,style,noun,base,1,,high_school,2,center_exam,センター試験語彙リスト由来。意味は要補充,center_pos=NN; center_pmw=100+; not_found_in_junior_or_high_word_lists,style,NN,100+,,review,not_found_in_junior_or_high_word_lists,
review,add,764,ken,ken,noun,base,1,,high_school,2,center_exam,センター試験語彙リスト由来。意味は要補充,center_pos=NP; center_pmw=100+; not_found_in_junior_or_high_word_lists,Ken,NP,100+,pos_review;proper_noun,review,not_found_in_junior_or_high_word_lists,
auto,add,777,difficulty,difficulty,noun,base,1,,high_school,2,center_exam,センター試験語彙リスト由来。意味は要補充,center_pos=NN; center_pmw=100+; not_found_in_junior_or_high_word_lists,difficulty,NN,100+,,review,not_found_in_junior_or_high_word_lists,
auto,add,779,familiar,familiar,adjective,base,1,,high_school,2,center_exam,センター試験語彙リスト由来。意味は要補充,center_pos=JJ; center_pmw=100+; not_found_in_junior_or_high_word_lists,familiar,JJ,100+,,review,not_found_in_junior_or_high_word_lists,
auto,add,788,prepare,prepare,verb,base,1,,high_school,2,center_exam,センター試験語彙リスト由来。意味は要補充,center_pos=VV; center_pmw=100+; not_found_in_junior_or_high_word_lists,prepare,VV,100+,,review,not_found_in_junior_or_high_word_lists,
auto,add,791,serve,serve,verb,base,1,,high_school,2,center_exam,センター試験語彙リスト由来。意味は要補充,center_pos=VV; center_pmw=100+; not_found_in_junior_or_high_word_lists,serve,VV,100+,,review,not_found_in_junior_or_high_word_lists,
auto,add,793,suitcase,suitcase,noun,base,1,,high_school,2,center_exam,センター試験語彙リスト由来。意味は要補充,center_pos=NN; center_pmw=100+; not_found_in_junior_or_high_word_lists,suitcase,NN,100+,,review,not_found_in_junior_or_high_word_lists,
auto,add,801,compare,compare,verb,base,1,,high_school,2,center_exam,センター試験語彙リスト由来。意味は要補充,center_pos=VV; center_pmw=100+; not_found_in_junior_or_high_word_lists,compare,VV,100+,,review,not_found_in_junior_or_high_word_lists,
auto,add,817,alarm,alarm,noun,base,1,,high_school,2,center_exam,センター試験語彙リスト由来。意味は要補充,center_pos=NN; center_pmw=100+; not_found_in_junior_or_high_word_lists,alarm,NN,100+,,review,not_found_in_junior_or_high_word_lists,
auto,add,828,message,message,noun,base,1,,high_school,2,center_exam,センター試験語彙リスト由来。意味は要補充,center_pos=NN; center_pmw=100+; not_found_in_junior_or_high_word_lists,message,NN,100+,,review,not_found_in_junior_or_high_word_lists,
auto,add,840,total,total,adjective,base,1,,high_school,2,center_exam,センター試験語彙リスト由来。意味は要補充,center_pos=JJ; center_pmw=100+; not_found_in_junior_or_high_word_lists,total,JJ,100+,,review,not_found_in_junior_or_high_word_lists,
auto,add,846,butterfly,butterfly,noun,base,1,,high_school,2,center_exam,センター試験語彙リスト由来。意味は要補充,center_pos=NN; center_pmw=100+; not_found_in_junior_or_high_word_lists,butterfly,NN,100+,,review,not_found_in_junior_or_high_word_lists,
auto,add,847,calorie,calorie,noun,base,1,,high_school,2,center_exam,センター試験語彙リスト由来。意味は要補充,center_pos=NN; center_pmw=100+; not_found_in_junior_or_high_word_lists,calorie,NN,100+,,review,not_found_in_junior_or_high_word_lists,
review,add,851,déjà(-vu),déjà(-vu),,,1,,high_school,2,center_exam,センター試験語彙リスト由来。意味は要補充,center_pos=; center_pmw=100+; not_found_in_junior_or_high_word_lists,déjà(-vu),,100+,pos_review;multiword_or_symbol;unknown_pos,review,not_found_in_junior_or_high_word_lists,
auto,add,854,figure,figure,noun,base,1,,high_school,2,center_exam,センター試験語彙リスト由来。意味は要補充,center_pos=NN; center_pmw=100+; not_found_in_junior_or_high_word_lists,figure,NN,100+,,review,not_found_in_junior_or_high_word_lists,
auto,add,858,glen,glen,noun,base,1,,high_school,2,center_exam,センター試験語彙リスト由来。意味は要補充,center_pos=NN; center_pmw=100+; not_found_in_junior_or_high_word_lists,glen,NN,100+,,review,not_found_in_junior_or_high_word_lists,
auto,add,860,instance,instance,noun,base,1,,high_school,2,center_exam,センター試験語彙リスト由来。意味は要補充,center_pos=NN; center_pmw=100+; not_found_in_junior_or_high_word_lists,instance,NN,100+,,review,not_found_in_junior_or_high_word_lists,
review,add,862,lower,lower,adjective,comparative,1,,high_school,2,center_exam,センター試験語彙リスト由来。意味は要補充,center_pos=JJR; center_pmw=100+; not_found_in_junior_or_high_word_lists,lower,JJR,100+,pos_review,review,not_found_in_junior_or_high_word_lists,
auto,add,865,quilt,quilt,noun,base,1,,high_school,2,center_exam,センター試験語彙リスト由来。意味は要補充,center_pos=NN; center_pmw=100+; not_found_in_junior_or_high_word_lists,quilt,NN,100+,,review,not_found_in_junior_or_high_word_lists,
auto,add,868,transportation,transportation,noun,base,1,,high_school,2,center_exam,センター試験語彙リスト由来。意味は要補充,center_pos=NN; center_pmw=100+; not_found_in_junior_or_high_word_lists,transportation,NN,100+,,review,not_found_in_junior_or_high_word_lists,
review,add,881,indian,indian,noun,base,1,,high_school,2,center_exam,センター試験語彙リスト由来。意味は要補充,center_pos=NP; center_pmw=100+; not_found_in_junior_or_high_word_lists,Indian,NP,100+,pos_review;proper_noun,review,not_found_in_junior_or_high_word_lists,
auto,add,883,level,level,noun,base,1,,high_school,2,center_exam,センター試験語彙リスト由来。意味は要補充,center_pos=NN; center_pmw=100+; not_found_in_junior_or_high_word_lists,level,NN,100+,,review,not_found_in_junior_or_high_word_lists,
auto,add,884,limit,limit,noun,base,1,,high_school,2,center_exam,センター試験語彙リスト由来。意味は要補充,center_pos=NN; center_pmw=100+; not_found_in_junior_or_high_word_lists,limit,NN,100+,,review,not_found_in_junior_or_high_word_lists,
auto,add,886,original,original,adjective,base,1,,high_school,2,center_exam,センター試験語彙リスト由来。意味は要補充,center_pos=JJ; center_pmw=100+; not_found_in_junior_or_high_word_lists,original,JJ,100+,,review,not_found_in_junior_or_high_word_lists,
auto,add,909,choice,choice,noun,base,1,,high_school,2,center_exam,センター試験語彙リスト由来。意味は要補充,center_pos=NN; center_pmw=100+; not_found_in_junior_or_high_word_lists,choice,NN,100+,,review,not_found_in_junior_or_high_word_lists,
review,add,915,new york,new york,,,1,,high_school,2,center_exam,センター試験語彙リスト由来。意味は要補充,center_pos=; center_pmw=100+; not_found_in_junior_or_high_word_lists,New York,,100+,pos_review;multiword_or_symbol;proper_noun;unknown_pos,review,not_found_in_junior_or_high_word_lists,
auto,add,924,regard,regard,noun,base,1,,high_school,2,center_exam,センター試験語彙リスト由来。意味は要補充,center_pos=NN; center_pmw=100+; not_found_in_junior_or_high_word_lists,regard,NN,100+,,review,not_found_in_junior_or_high_word_lists,
auto,add,925,schedule,schedule,noun,base,1,,high_school,2,center_exam,センター試験語彙リスト由来。意味は要補充,center_pos=NN; center_pmw=100+; not_found_in_junior_or_high_word_lists,schedule,NN,100+,,review,not_found_in_junior_or_high_word_lists,
auto,add,933,advance,advance,noun,base,1,,high_school,2,center_exam,センター試験語彙リスト由来。意味は要補充,center_pos=NN; center_pmw=100+; not_found_in_junior_or_high_word_lists,advance,NN,100+,,review,not_found_in_junior_or_high_word_lists,
auto,add,934,basic,basic,adjective,base,1,,high_school,2,center_exam,センター試験語彙リスト由来。意味は要補充,center_pos=JJ; center_pmw=100+; not_found_in_junior_or_high_word_lists,basic,JJ,100+,,review,not_found_in_junior_or_high_word_lists,
auto,add,935,character,character,noun,base,1,,high_school,2,center_exam,センター試験語彙リスト由来。意味は要補充,center_pos=NN; center_pmw=100+; not_found_in_junior_or_high_word_lists,character,NN,100+,,review,not_found_in_junior_or_high_word_lists,
auto,add,936,communication,communication,noun,base,1,,high_school,2,center_exam,センター試験語彙リスト由来。意味は要補充,center_pos=NN; center_pmw=100+; not_found_in_junior_or_high_word_lists,communication,NN,100+,,review,not_found_in_junior_or_high_word_lists,
review,add,938,data,data,noun,plural,1,,high_school,2,center_exam,センター試験語彙リスト由来。意味は要補充,center_pos=NNS; center_pmw=100+; not_found_in_junior_or_high_word_lists,data,NNS,100+,pos_review,review,not_found_in_junior_or_high_word_lists,
auto,add,943,email,email,noun,base,1,,high_school,2,center_exam,センター試験語彙リスト由来。意味は要補充,center_pos=NN; center_pmw=100+; not_found_in_junior_or_high_word_lists,email,NN,100+,,review,not_found_in_junior_or_high_word_lists,
auto,add,950,leader,leader,noun,base,1,,high_school,2,center_exam,センター試験語彙リスト由来。意味は要補充,center_pos=NN; center_pmw=100+; not_found_in_junior_or_high_word_lists,leader,NN,100+,,review,not_found_in_junior_or_high_word_lists,
auto,add,953,nearly,nearly,adverb,base,1,,high_school,2,center_exam,センター試験語彙リスト由来。意味は要補充,center_pos=RB; center_pmw=100+; not_found_in_junior_or_high_word_lists,nearly,RB,100+,,review,not_found_in_junior_or_high_word_lists,
auto,add,956,project,project,noun,base,1,,high_school,2,center_exam,センター試験語彙リスト由来。意味は要補充,center_pos=NN; center_pmw=100+; not_found_in_junior_or_high_word_lists,project,NN,100+,,review,not_found_in_junior_or_high_word_lists,
auto,add,962,variety,variety,noun,base,1,,high_school,2,center_exam,センター試験語彙リスト由来。意味は要補充,center_pos=NN; center_pmw=100+; not_found_in_junior_or_high_word_lists,variety,NN,100+,,review,not_found_in_junior_or_high_word_lists,
auto,add,973,european,european,adjective,base,1,,high_school,2,center_exam,センター試験語彙リスト由来。意味は要補充,center_pos=JJ; center_pmw=100+; not_found_in_junior_or_high_word_lists,european,JJ,100+,,review,not_found_in_junior_or_high_word_lists,
auto,add,980,laser,laser,noun,base,1,,high_school,2,center_exam,センター試験語彙リスト由来。意味は要補充,center_pos=NN; center_pmw=100+; not_found_in_junior_or_high_word_lists,laser,NN,100+,,review,not_found_in_junior_or_high_word_lists,
auto,add,989,pattern,pattern,noun,base,1,,high_school,2,center_exam,センター試験語彙リスト由来。意味は要補充,center_pos=NN; center_pmw=100+; not_found_in_junior_or_high_word_lists,pattern,NN,100+,,review,not_found_in_junior_or_high_word_lists,
auto,add,990,performance,performance,noun,base,1,,high_school,2,center_exam,センター試験語彙リスト由来。意味は要補充,center_pos=NN; center_pmw=100+; not_found_in_junior_or_high_word_lists,performance,NN,100+,,review,not_found_in_junior_or_high_word_lists,
auto,add,992,rodent,rodent,noun,base,1,,high_school,2,center_exam,センター試験語彙リスト由来。意味は要補充,center_pos=NN; center_pmw=100+; not_found_in_junior_or_high_word_lists,rodent,NN,100+,,review,not_found_in_junior_or_high_word_lists,
auto,add,994,self,self,noun,base,1,,high_school,2,center_exam,センター試験語彙リスト由来。意味は要補充,center_pos=NN; center_pmw=100+; not_found_in_junior_or_high_word_lists,self,NN,100+,,review,not_found_in_junior_or_high_word_lists,
auto,add,1000,access,access,noun,base,1,,high_school,2,center_exam,センター試験語彙リスト由来。意味は要補充,center_pos=NN; center_pmw=100+; not_found_in_junior_or_high_word_lists,access,NN,100+,,review,not_found_in_junior_or_high_word_lists,
review,add,1001,brazil,brazil,noun,base,1,,high_school,2,center_exam,センター試験語彙リスト由来。意味は要補充,center_pos=NP; center_pmw=100+; not_found_in_junior_or_high_word_lists,Brazil,NP,100+,pos_review;proper_noun,review,not_found_in_junior_or_high_word_lists,
auto,add,1004,essential,essential,adjective,base,1,,high_school,2,center_exam,センター試験語彙リスト由来。意味は要補充,center_pos=JJ; center_pmw=100+; not_found_in_junior_or_high_word_lists,essential,JJ,100+,,review,not_found_in_junior_or_high_word_lists,
review,add,1010,helping,helping,verb,present_participle,1,,high_school,2,center_exam,センター試験語彙リスト由来。意味は要補充,center_pos=VVG; center_pmw=100+; not_found_in_junior_or_high_word_lists,helping,VVG,100+,pos_review,review,not_found_in_junior_or_high_word_lists,
auto,add,1014,medical,medical,adjective,base,1,,high_school,2,center_exam,センター試験語彙リスト由来。意味は要補充,center_pos=JJ; center_pmw=100+; not_found_in_junior_or_high_word_lists,medical,JJ,100+,,review,not_found_in_junior_or_high_word_lists,
review,add,1016,moving,moving,verb,present_participle,1,,high_school,2,center_exam,センター試験語彙リスト由来。意味は要補充,center_pos=VVG; center_pmw=100+; not_found_in_junior_or_high_word_lists,moving,VVG,100+,pos_review,review,not_found_in_junior_or_high_word_lists,
auto,add,1018,peter,peter,noun,base,1,,high_school,2,center_exam,センター試験語彙リスト由来。意味は要補充,center_pos=NN; center_pmw=100+; not_found_in_junior_or_high_word_lists,peter,NN,100+,,review,not_found_in_junior_or_high_word_lists,
auto,add,1022,simply,simply,adverb,base,1,,high_school,2,center_exam,センター試験語彙リスト由来。意味は要補充,center_pos=RB; center_pmw=100+; not_found_in_junior_or_high_word_lists,simply,RB,100+,,review,not_found_in_junior_or_high_word_lists,
auto,add,1040,impossible,impossible,adjective,base,1,,high_school,2,center_exam,センター試験語彙リスト由来。意味は要補充,center_pos=JJ; center_pmw=100+; not_found_in_junior_or_high_word_lists,impossible,JJ,100+,,review,not_found_in_junior_or_high_word_lists,
auto,add,1041,jenny,jenny,noun,base,1,,high_school,2,center_exam,センター試験語彙リスト由来。意味は要補充,center_pos=NN; center_pmw=100+; not_found_in_junior_or_high_word_lists,jenny,NN,100+,,review,not_found_in_junior_or_high_word_lists,
auto,add,1053,steal,steal,verb,base,1,,high_school,2,center_exam,センター試験語彙リスト由来。意味は要補充,center_pos=VV; center_pmw=100+; not_found_in_junior_or_high_word_lists,steal,VV,100+,,review,not_found_in_junior_or_high_word_lists,
auto,add,1055,understanding,understanding,noun,base,1,,high_school,2,center_exam,センター試験語彙リスト由来。意味は要補充,center_pos=NN; center_pmw=100+; not_found_in_junior_or_high_word_lists,understanding,NN,100+,,review,not_found_in_junior_or_high_word_lists,
auto,add,1061,button,button,noun,base,1,,high_school,2,center_exam,センター試験語彙リスト由来。意味は要補充,center_pos=NN; center_pmw=100+; not_found_in_junior_or_high_word_lists,button,NN,100+,,review,not_found_in_junior_or_high_word_lists,
auto,add,1062,challenge,challenge,noun,base,1,,high_school,2,center_exam,センター試験語彙リスト由来。意味は要補充,center_pos=NN; center_pmw=100+; not_found_in_junior_or_high_word_lists,challenge,NN,100+,,review,not_found_in_junior_or_high_word_lists,
auto,add,1067,designer,designer,noun,base,1,,high_school,2,center_exam,センター試験語彙リスト由来。意味は要補充,center_pos=NN; center_pmw=100+; not_found_in_junior_or_high_word_lists,designer,NN,100+,,review,not_found_in_junior_or_high_word_lists,
auto,add,1072,everyday,everyday,adjective,base,1,,high_school,2,center_exam,センター試験語彙リスト由来。意味は要補充,center_pos=JJ; center_pmw=100+; not_found_in_junior_or_high_word_lists,everyday,JJ,100+,,review,not_found_in_junior_or_high_word_lists,
auto,add,1076,function,function,noun,base,1,,high_school,2,center_exam,センター試験語彙リスト由来。意味は要補充,center_pos=NN; center_pmw=100+; not_found_in_junior_or_high_word_lists,function,NN,100+,,review,not_found_in_junior_or_high_word_lists,
auto,add,1080,hiker,hiker,noun,base,1,,high_school,2,center_exam,センター試験語彙リスト由来。意味は要補充,center_pos=NN; center_pmw=100+; not_found_in_junior_or_high_word_lists,hiker,NN,100+,,review,not_found_in_junior_or_high_word_lists,
auto,add,1086,locate,locate,verb,base,1,,high_school,2,center_exam,センター試験語彙リスト由来。意味は要補充,center_pos=VV; center_pmw=100+; not_found_in_junior_or_high_word_lists,locate,VV,100+,,review,not_found_in_junior_or_high_word_lists,
auto,add,1087,missy,missy,noun,base,1,,high_school,2,center_exam,センター試験語彙リスト由来。意味は要補充,center_pos=NN; center_pmw=100+; not_found_in_junior_or_high_word_lists,missy,NN,100+,,review,not_found_in_junior_or_high_word_lists,
auto,add,1093,relax,relax,verb,base,1,,high_school,2,center_exam,センター試験語彙リスト由来。意味は要補充,center_pos=VV; center_pmw=100+; not_found_in_junior_or_high_word_lists,relax,VV,100+,,review,not_found_in_junior_or_high_word_lists,
auto,add,1095,single,single,adjective,base,1,,high_school,2,center_exam,センター試験語彙リスト由来。意味は要補充,center_pos=JJ; center_pmw=100+; not_found_in_junior_or_high_word_lists,single,JJ,100+,,review,not_found_in_junior_or_high_word_lists,
auto,add,1106,balance,balance,noun,base,1,,high_school,2,center_exam,センター試験語彙リスト由来。意味は要補充,center_pos=NN; center_pmw=100+; not_found_in_junior_or_high_word_lists,balance,NN,100+,,review,not_found_in_junior_or_high_word_lists,
auto,add,1110,carol,carol,noun,base,1,,high_school,2,center_exam,センター試験語彙リスト由来。意味は要補充,center_pos=NN; center_pmw=100+; not_found_in_junior_or_high_word_lists,carol,NN,100+,,review,not_found_in_junior_or_high_word_lists,
auto,add,1111,count,count,noun,base,1,,high_school,2,center_exam,センター試験語彙リスト由来。意味は要補充,center_pos=NN; center_pmw=100+; not_found_in_junior_or_high_word_lists,count,NN,100+,,review,not_found_in_junior_or_high_word_lists,
review,add,1112,cox,cox,noun,base,1,,high_school,2,center_exam,センター試験語彙リスト由来。意味は要補充,center_pos=NP; center_pmw=100+; not_found_in_junior_or_high_word_lists,Cox,NP,100+,pos_review;proper_noun,review,not_found_in_junior_or_high_word_lists,
auto,add,1119,fashion,fashion,noun,base,1,,high_school,2,center_exam,センター試験語彙リスト由来。意味は要補充,center_pos=NN; center_pmw=100+; not_found_in_junior_or_high_word_lists,fashion,NN,100+,,review,not_found_in_junior_or_high_word_lists,
auto,add,1128,hike,hike,noun,base,1,,high_school,2,center_exam,センター試験語彙リスト由来。意味は要補充,center_pos=NN; center_pmw=100+; not_found_in_junior_or_high_word_lists,hike,NN,100+,,review,not_found_in_junior_or_high_word_lists,
auto,add,1130,joke,joke,noun,base,1,,high_school,2,center_exam,センター試験語彙リスト由来。意味は要補充,center_pos=NN; center_pmw=100+; not_found_in_junior_or_high_word_lists,joke,NN,100+,,review,not_found_in_junior_or_high_word_lists,
review,add,1138,surrounding,surrounding,verb,present_participle,1,,high_school,2,center_exam,センター試験語彙リスト由来。意味は要補充,center_pos=VVG; center_pmw=100+; not_found_in_junior_or_high_word_lists,surrounding,VVG,100+,pos_review,review,not_found_in_junior_or_high_word_lists,
auto,add,1141,thus,thus,adverb,base,1,,high_school,2,center_exam,センター試験語彙リスト由来。意味は要補充,center_pos=RB; center_pmw=100+; not_found_in_junior_or_high_word_lists,thus,RB,100+,,review,not_found_in_junior_or_high_word_lists,
auto,add,1142,truck,truck,noun,base,1,,high_school,2,center_exam,センター試験語彙リスト由来。意味は要補充,center_pos=NN; center_pmw=100+; not_found_in_junior_or_high_word_lists,truck,NN,100+,,review,not_found_in_junior_or_high_word_lists,
review,add,1144,uk,uk,noun,base,1,,high_school,2,center_exam,センター試験語彙リスト由来。意味は要補充,center_pos=NP; center_pmw=100+; not_found_in_junior_or_high_word_lists,UK,NP,100+,pos_review;acronym;proper_noun,review,not_found_in_junior_or_high_word_lists,
auto,add,1146,vinegar,vinegar,noun,base,1,,high_school,2,center_exam,センター試験語彙リスト由来。意味は要補充,center_pos=NN; center_pmw=100+; not_found_in_junior_or_high_word_lists,vinegar,NN,100+,,review,not_found_in_junior_or_high_word_lists,
auto,add,1155,destination,destination,noun,base,1,,high_school,2,center_exam,センター試験語彙リスト由来。意味は要補充,center_pos=NN; center_pmw=100+; not_found_in_junior_or_high_word_lists,destination,NN,100+,,review,not_found_in_junior_or_high_word_lists,
auto,add,1157,digital,digital,adjective,base,1,,high_school,2,center_exam,センター試験語彙リスト由来。意味は要補充,center_pos=JJ; center_pmw=100+; not_found_in_junior_or_high_word_lists,digital,JJ,100+,,review,not_found_in_junior_or_high_word_lists,
auto,add,1159,dive,dive,noun,base,1,,high_school,2,center_exam,センター試験語彙リスト由来。意味は要補充,center_pos=NN; center_pmw=100+; not_found_in_junior_or_high_word_lists,dive,NN,100+,,review,not_found_in_junior_or_high_word_lists,
auto,add,1162,fit,fit,noun,base,1,,high_school,2,center_exam,センター試験語彙リスト由来。意味は要補充,center_pos=NN; center_pmw=100+; not_found_in_junior_or_high_word_lists,fit,NN,100+,,review,not_found_in_junior_or_high_word_lists,
auto,add,1167,km,km,noun,base,1,,high_school,2,center_exam,センター試験語彙リスト由来。意味は要補充,center_pos=NN; center_pmw=100+; not_found_in_junior_or_high_word_lists,km,NN,100+,,review,not_found_in_junior_or_high_word_lists,
auto,add,1168,label,label,noun,base,1,,high_school,2,center_exam,センター試験語彙リスト由来。意味は要補充,center_pos=NN; center_pmw=100+; not_found_in_junior_or_high_word_lists,label,NN,100+,,review,not_found_in_junior_or_high_word_lists,
auto,add,1171,officer,officer,noun,base,1,,high_school,2,center_exam,センター試験語彙リスト由来。意味は要補充,center_pos=NN; center_pmw=100+; not_found_in_junior_or_high_word_lists,officer,NN,100+,,review,not_found_in_junior_or_high_word_lists,
auto,add,1174,rainforest,rainforest,noun,base,1,,high_school,2,center_exam,センター試験語彙リスト由来。意味は要補充,center_pos=NN; center_pmw=100+; not_found_in_junior_or_high_word_lists,rainforest,NN,100+,,review,not_found_in_junior_or_high_word_lists,
auto,add,1175,regular,regular,adjective,base,1,,high_school,2,center_exam,センター試験語彙リスト由来。意味は要補充,center_pos=JJ; center_pmw=100+; not_found_in_junior_or_high_word_lists,regular,JJ,100+,,review,not_found_in_junior_or_high_word_lists,
auto,add,1177,screen,screen,noun,base,1,,high_school,2,center_exam,センター試験語彙リスト由来。意味は要補充,center_pos=NN; center_pmw=100+; not_found_in_junior_or_high_word_lists,screen,NN,100+,,review,not_found_in_junior_or_high_word_lists,
auto,add,1188,active,active,adjective,base,1,,exam,2,center_exam,センター試験語彙リスト由来。意味は要補充,center_pos=JJ; center_pmw=50+; not_found_in_junior_or_high_word_lists,active,JJ,50+,,review,not_found_in_junior_or_high_word_lists,
auto,add,1189,anywhere,anywhere,adverb,base,1,,exam,2,center_exam,センター試験語彙リスト由来。意味は要補充,center_pos=RB; center_pmw=50+; not_found_in_junior_or_high_word_lists,anywhere,RB,50+,,review,not_found_in_junior_or_high_word_lists,
auto,add,1194,campus,campus,noun,base,1,,exam,2,center_exam,センター試験語彙リスト由来。意味は要補充,center_pos=NN; center_pmw=50+; not_found_in_junior_or_high_word_lists,campus,NN,50+,,review,not_found_in_junior_or_high_word_lists,
auto,add,1196,claim,claim,noun,base,1,,exam,2,center_exam,センター試験語彙リスト由来。意味は要補充,center_pos=NN; center_pmw=50+; not_found_in_junior_or_high_word_lists,claim,NN,50+,,review,not_found_in_junior_or_high_word_lists,
auto,add,1213,grandpa,grandpa,noun,base,1,,exam,2,center_exam,センター試験語彙リスト由来。意味は要補充,center_pos=NN; center_pmw=50+; not_found_in_junior_or_high_word_lists,grandpa,NN,50+,,review,not_found_in_junior_or_high_word_lists,
auto,add,1224,powerful,powerful,adjective,base,1,,exam,2,center_exam,センター試験語彙リスト由来。意味は要補充,center_pos=JJ; center_pmw=50+; not_found_in_junior_or_high_word_lists,powerful,JJ,50+,,review,not_found_in_junior_or_high_word_lists,
auto,add,1231,scene,scene,noun,base,1,,exam,2,center_exam,センター試験語彙リスト由来。意味は要補充,center_pos=NN; center_pmw=50+; not_found_in_junior_or_high_word_lists,scene,NN,50+,,review,not_found_in_junior_or_high_word_lists,
auto,add,1232,search,search,noun,base,1,,exam,2,center_exam,センター試験語彙リスト由来。意味は要補充,center_pos=NN; center_pmw=50+; not_found_in_junior_or_high_word_lists,search,NN,50+,,review,not_found_in_junior_or_high_word_lists,
auto,add,1233,skin,skin,noun,base,1,,exam,2,center_exam,センター試験語彙リスト由来。意味は要補充,center_pos=NN; center_pmw=50+; not_found_in_junior_or_high_word_lists,skin,NN,50+,,review,not_found_in_junior_or_high_word_lists,
auto,add,1236,spite,spite,noun,base,1,,exam,2,center_exam,センター試験語彙リスト由来。意味は要補充,center_pos=NN; center_pmw=50+; not_found_in_junior_or_high_word_lists,spite,NN,50+,,review,not_found_in_junior_or_high_word_lists,
auto,add,1245,violin,violin,noun,base,1,,exam,2,center_exam,センター試験語彙リスト由来。意味は要補充,center_pos=NN; center_pmw=50+; not_found_in_junior_or_high_word_lists,violin,NN,50+,,review,not_found_in_junior_or_high_word_lists,
auto,add,1251,comment,comment,noun,base,1,,exam,2,center_exam,センター試験語彙リスト由来。意味は要補充,center_pos=NN; center_pmw=50+; not_found_in_junior_or_high_word_lists,comment,NN,50+,,review,not_found_in_junior_or_high_word_lists,
auto,add,1256,differ,differ,verb,base,1,,exam,2,center_exam,センター試験語彙リスト由来。意味は要補充,center_pos=VV; center_pmw=50+; not_found_in_junior_or_high_word_lists,differ,VV,50+,,review,not_found_in_junior_or_high_word_lists,
auto,add,1257,discount,discount,noun,base,1,,exam,2,center_exam,センター試験語彙リスト由来。意味は要補充,center_pos=NN; center_pmw=50+; not_found_in_junior_or_high_word_lists,discount,NN,50+,,review,not_found_in_junior_or_high_word_lists,
auto,add,1267,importance,importance,noun,base,1,,exam,2,center_exam,センター試験語彙リスト由来。意味は要補充,center_pos=NN; center_pmw=50+; not_found_in_junior_or_high_word_lists,importance,NN,50+,,review,not_found_in_junior_or_high_word_lists,
review,add,1269,korean,korean,adjective,base,1,,exam,2,center_exam,センター試験語彙リスト由来。意味は要補充,center_pos=JJ; center_pmw=50+; not_found_in_junior_or_high_word_lists,Korean,JJ,50+,proper_noun,review,not_found_in_junior_or_high_word_lists,
auto,add,1274,naturally,naturally,adverb,base,1,,exam,2,center_exam,センター試験語彙リスト由来。意味は要補充,center_pos=RB; center_pmw=50+; not_found_in_junior_or_high_word_lists,naturally,RB,50+,,review,not_found_in_junior_or_high_word_lists,
auto,add,1277,pollution,pollution,noun,base,1,,exam,2,center_exam,センター試験語彙リスト由来。意味は要補充,center_pos=NN; center_pmw=50+; not_found_in_junior_or_high_word_lists,pollution,NN,50+,,review,not_found_in_junior_or_high_word_lists,
auto,add,1279,procrastination,procrastination,noun,base,1,,exam,2,center_exam,センター試験語彙リスト由来。意味は要補充,center_pos=NN; center_pmw=50+; not_found_in_junior_or_high_word_lists,procrastination,NN,50+,,review,not_found_in_junior_or_high_word_lists,
auto,add,1289,tofu,tofu,noun,base,1,,exam,2,center_exam,センター試験語彙リスト由来。意味は要補充,center_pos=NN; center_pmw=50+; not_found_in_junior_or_high_word_lists,tofu,NN,50+,,review,not_found_in_junior_or_high_word_lists,
auto,add,1290,trend,trend,noun,base,1,,exam,2,center_exam,センター試験語彙リスト由来。意味は要補充,center_pos=NN; center_pmw=50+; not_found_in_junior_or_high_word_lists,trend,NN,50+,,review,not_found_in_junior_or_high_word_lists,
auto,add,1291,trick,trick,noun,base,1,,exam,2,center_exam,センター試験語彙リスト由来。意味は要補充,center_pos=NN; center_pmw=50+; not_found_in_junior_or_high_word_lists,trick,NN,50+,,review,not_found_in_junior_or_high_word_lists,
auto,add,1301,bilingual,bilingual,adjective,base,1,,exam,2,center_exam,センター試験語彙リスト由来。意味は要補充,center_pos=JJ; center_pmw=50+; not_found_in_junior_or_high_word_lists,bilingual,JJ,50+,,review,not_found_in_junior_or_high_word_lists,
auto,add,1306,clone,clone,noun,base,1,,exam,2,center_exam,センター試験語彙リスト由来。意味は要補充,center_pos=NN; center_pmw=50+; not_found_in_junior_or_high_word_lists,clone,NN,50+,,review,not_found_in_junior_or_high_word_lists,
review,add,1307,co2,co2,noun,base,1,,exam,2,center_exam,センター試験語彙リスト由来。意味は要補充,center_pos=NP; center_pmw=50+; not_found_in_junior_or_high_word_lists,CO2,NP,50+,pos_review;acronym;proper_noun,review,not_found_in_junior_or_high_word_lists,
auto,add,1316,frame,frame,noun,base,1,,exam,2,center_exam,センター試験語彙リスト由来。意味は要補充,center_pos=NN; center_pmw=50+; not_found_in_junior_or_high_word_lists,frame,NN,50+,,review,not_found_in_junior_or_high_word_lists,
auto,add,1319,highly,highly,adverb,base,1,,exam,2,center_exam,センター試験語彙リスト由来。意味は要補充,center_pos=RB; center_pmw=50+; not_found_in_junior_or_high_word_lists,highly,RB,50+,,review,not_found_in_junior_or_high_word_lists,
auto,add,1331,native,native,adjective,base,1,,exam,2,center_exam,センター試験語彙リスト由来。意味は要補充,center_pos=JJ; center_pmw=50+; not_found_in_junior_or_high_word_lists,native,JJ,50+,,review,not_found_in_junior_or_high_word_lists,
review,add,1332,oda,oda,noun,base,1,,exam,2,center_exam,センター試験語彙リスト由来。意味は要補充,center_pos=NP; center_pmw=50+; not_found_in_junior_or_high_word_lists,ODA,NP,50+,pos_review;acronym;proper_noun,review,not_found_in_junior_or_high_word_lists,
auto,add,1333,owner,owner,noun,base,1,,exam,2,center_exam,センター試験語彙リスト由来。意味は要補充,center_pos=NN; center_pmw=50+; not_found_in_junior_or_high_word_lists,owner,NN,50+,,review,not_found_in_junior_or_high_word_lists,
review,add,1334,paris,paris,noun,base,1,,exam,2,center_exam,センター試験語彙リスト由来。意味は要補充,center_pos=NP; center_pmw=50+; not_found_in_junior_or_high_word_lists,Paris,NP,50+,pos_review;proper_noun,review,not_found_in_junior_or_high_word_lists,
auto,add,1338,rank,rank,noun,base,1,,exam,2,center_exam,センター試験語彙リスト由来。意味は要補充,center_pos=NN; center_pmw=50+; not_found_in_junior_or_high_word_lists,rank,NN,50+,,review,not_found_in_junior_or_high_word_lists,
auto,add,1341,reflect,reflect,verb,base,1,,exam,2,center_exam,センター試験語彙リスト由来。意味は要補充,center_pos=VV; center_pmw=50+; not_found_in_junior_or_high_word_lists,reflect,VV,50+,,review,not_found_in_junior_or_high_word_lists,
auto,add,1343,response,response,noun,base,1,,exam,2,center_exam,センター試験語彙リスト由来。意味は要補充,center_pos=NN; center_pmw=50+; not_found_in_junior_or_high_word_lists,response,NN,50+,,review,not_found_in_junior_or_high_word_lists,
auto,add,1344,risk,risk,noun,base,1,,exam,2,center_exam,センター試験語彙リスト由来。意味は要補充,center_pos=NN; center_pmw=50+; not_found_in_junior_or_high_word_lists,risk,NN,50+,,review,not_found_in_junior_or_high_word_lists,
auto,add,1348,snowflake,snowflake,noun,base,1,,exam,2,center_exam,センター試験語彙リスト由来。意味は要補充,center_pos=NN; center_pmw=50+; not_found_in_junior_or_high_word_lists,snowflake,NN,50+,,review,not_found_in_junior_or_high_word_lists,
auto,add,1351,target,target,noun,base,1,,exam,2,center_exam,センター試験語彙リスト由来。意味は要補充,center_pos=NN; center_pmw=50+; not_found_in_junior_or_high_word_lists,target,NN,50+,,review,not_found_in_junior_or_high_word_lists,
auto,add,1359,yacht,yacht,noun,base,1,,exam,2,center_exam,センター試験語彙リスト由来。意味は要補充,center_pos=NN; center_pmw=50+; not_found_in_junior_or_high_word_lists,yacht,NN,50+,,review,not_found_in_junior_or_high_word_lists,
auto,add,1363,assistant,assistant,adjective,base,1,,exam,2,center_exam,センター試験語彙リスト由来。意味は要補充,center_pos=JJ; center_pmw=50+; not_found_in_junior_or_high_word_lists,assistant,JJ,50+,,review,not_found_in_junior_or_high_word_lists,
auto,add,1364,auction,auction,noun,base,1,,exam,2,center_exam,センター試験語彙リスト由来。意味は要補充,center_pos=NN; center_pmw=50+; not_found_in_junior_or_high_word_lists,auction,NN,50+,,review,not_found_in_junior_or_high_word_lists,
auto,add,1365,brand,brand,noun,base,1,,exam,2,center_exam,センター試験語彙リスト由来。意味は要補充,center_pos=NN; center_pmw=50+; not_found_in_junior_or_high_word_lists,brand,NN,50+,,review,not_found_in_junior_or_high_word_lists,
auto,add,1367,commonly,commonly,adverb,base,1,,exam,2,center_exam,センター試験語彙リスト由来。意味は要補充,center_pos=RB; center_pmw=50+; not_found_in_junior_or_high_word_lists,commonly,RB,50+,,review,not_found_in_junior_or_high_word_lists,
auto,add,1368,crane,crane,noun,base,1,,exam,2,center_exam,センター試験語彙リスト由来。意味は要補充,center_pos=NN; center_pmw=50+; not_found_in_junior_or_high_word_lists,crane,NN,50+,,review,not_found_in_junior_or_high_word_lists,
auto,add,1374,dye,dye,noun,base,1,,exam,2,center_exam,センター試験語彙リスト由来。意味は要補充,center_pos=NN; center_pmw=50+; not_found_in_junior_or_high_word_lists,dye,NN,50+,,review,not_found_in_junior_or_high_word_lists,
auto,add,1384,generally,generally,adverb,base,1,,exam,2,center_exam,センター試験語彙リスト由来。意味は要補充,center_pos=RB; center_pmw=50+; not_found_in_junior_or_high_word_lists,generally,RB,50+,,review,not_found_in_junior_or_high_word_lists,
auto,add,1391,location,location,noun,base,1,,exam,2,center_exam,センター試験語彙リスト由来。意味は要補充,center_pos=NN; center_pmw=50+; not_found_in_junior_or_high_word_lists,location,NN,50+,,review,not_found_in_junior_or_high_word_lists,
auto,add,1392,lock,lock,noun,base,1,,exam,2,center_exam,センター試験語彙リスト由来。意味は要補充,center_pos=NN; center_pmw=50+; not_found_in_junior_or_high_word_lists,lock,NN,50+,,review,not_found_in_junior_or_high_word_lists,
auto,add,1397,moderator,moderator,noun,base,1,,exam,2,center_exam,センター試験語彙リスト由来。意味は要補充,center_pos=NN; center_pmw=50+; not_found_in_junior_or_high_word_lists,moderator,NN,50+,,review,not_found_in_junior_or_high_word_lists,
auto,add,1400,nut,nut,noun,base,1,,exam,2,center_exam,センター試験語彙リスト由来。意味は要補充,center_pos=NN; center_pmw=50+; not_found_in_junior_or_high_word_lists,nut,NN,50+,,review,not_found_in_junior_or_high_word_lists,
auto,add,1402,okay,okay,adjective,base,1,,exam,2,center_exam,センター試験語彙リスト由来。意味は要補充,center_pos=JJ; center_pmw=50+; not_found_in_junior_or_high_word_lists,okay,JJ,50+,,review,not_found_in_junior_or_high_word_lists,
auto,add,1403,opening,opening,noun,base,1,,exam,2,center_exam,センター試験語彙リスト由来。意味は要補充,center_pos=NN; center_pmw=50+; not_found_in_junior_or_high_word_lists,opening,NN,50+,,review,not_found_in_junior_or_high_word_lists,
auto,add,1405,peal,peal,noun,base,1,,exam,2,center_exam,センター試験語彙リスト由来。意味は要補充,center_pos=NN; center_pmw=50+; not_found_in_junior_or_high_word_lists,peal,NN,50+,,review,not_found_in_junior_or_high_word_lists,
auto,add,1412,prove,prove,verb,base,1,,exam,2,center_exam,センター試験語彙リスト由来。意味は要補充,center_pos=VV; center_pmw=50+; not_found_in_junior_or_high_word_lists,prove,VV,50+,,review,not_found_in_junior_or_high_word_lists,
auto,add,1414,refuse,refuse,verb,base,1,,exam,2,center_exam,センター試験語彙リスト由来。意味は要補充,center_pos=VVP; center_pmw=50+; not_found_in_junior_or_high_word_lists,refuse,VVP,50+,,review,not_found_in_junior_or_high_word_lists,
auto,add,1417,safety,safety,noun,base,1,,exam,2,center_exam,センター試験語彙リスト由来。意味は要補充,center_pos=NN; center_pmw=50+; not_found_in_junior_or_high_word_lists,safety,NN,50+,,review,not_found_in_junior_or_high_word_lists,
auto,add,1419,seriously,seriously,adverb,base,1,,exam,2,center_exam,センター試験語彙リスト由来。意味は要補充,center_pos=RB; center_pmw=50+; not_found_in_junior_or_high_word_lists,seriously,RB,50+,,review,not_found_in_junior_or_high_word_lists,
auto,add,1425,strength,strength,noun,base,1,,exam,2,center_exam,センター試験語彙リスト由来。意味は要補充,center_pos=NN; center_pmw=50+; not_found_in_junior_or_high_word_lists,strength,NN,50+,,review,not_found_in_junior_or_high_word_lists,
review,add,1427,taipei,taipei,noun,base,1,,exam,2,center_exam,センター試験語彙リスト由来。意味は要補充,center_pos=NP; center_pmw=50+; not_found_in_junior_or_high_word_lists,Taipei,NP,50+,pos_review;proper_noun,review,not_found_in_junior_or_high_word_lists,
auto,add,1431,wedding,wedding,noun,base,1,,exam,2,center_exam,センター試験語彙リスト由来。意味は要補充,center_pos=NN; center_pmw=50+; not_found_in_junior_or_high_word_lists,wedding,NN,50+,,review,not_found_in_junior_or_high_word_lists,
auto,add,1435,acorn,acorn,noun,base,1,,exam,2,center_exam,センター試験語彙リスト由来。意味は要補充,center_pos=NN; center_pmw=50+; not_found_in_junior_or_high_word_lists,acorn,NN,50+,,review,not_found_in_junior_or_high_word_lists,
review,add,1437,africa,africa,noun,base,1,,exam,2,center_exam,センター試験語彙リスト由来。意味は要補充,center_pos=NP; center_pmw=50+; not_found_in_junior_or_high_word_lists,Africa,NP,50+,pos_review;proper_noun,review,not_found_in_junior_or_high_word_lists,
auto,add,1439,arrange,arrange,verb,base,1,,exam,2,center_exam,センター試験語彙リスト由来。意味は要補充,center_pos=VV; center_pmw=50+; not_found_in_junior_or_high_word_lists,arrange,VV,50+,,review,not_found_in_junior_or_high_word_lists,
auto,add,1440,arrangement,arrangement,noun,base,1,,exam,2,center_exam,センター試験語彙リスト由来。意味は要補充,center_pos=NN; center_pmw=50+; not_found_in_junior_or_high_word_lists,arrangement,NN,50+,,review,not_found_in_junior_or_high_word_lists,
auto,add,1442,batik,batik,noun,base,1,,exam,2,center_exam,センター試験語彙リスト由来。意味は要補充,center_pos=NN; center_pmw=50+; not_found_in_junior_or_high_word_lists,batik,NN,50+,,review,not_found_in_junior_or_high_word_lists,
auto,add,1444,bid,bid,noun,base,1,,exam,2,center_exam,センター試験語彙リスト由来。意味は要補充,center_pos=NN; center_pmw=50+; not_found_in_junior_or_high_word_lists,bid,NN,50+,,review,not_found_in_junior_or_high_word_lists,
auto,add,1445,britain,britain,noun,base,1,,exam,2,center_exam,センター試験語彙リスト由来。意味は要補充,center_pos=NN; center_pmw=50+; not_found_in_junior_or_high_word_lists,britain,NN,50+,,review,not_found_in_junior_or_high_word_lists,
review,add,1446,camper,camper,adjective,comparative,1,,exam,2,center_exam,センター試験語彙リスト由来。意味は要補充,center_pos=JJR; center_pmw=50+; not_found_in_junior_or_high_word_lists,camper,JJR,50+,pos_review,review,not_found_in_junior_or_high_word_lists,
auto,add,1448,code,code,noun,base,1,,exam,2,center_exam,センター試験語彙リスト由来。意味は要補充,center_pos=NN; center_pmw=50+; not_found_in_junior_or_high_word_lists,code,NN,50+,,review,not_found_in_junior_or_high_word_lists,
auto,add,1450,complicate,complicate,verb,base,1,,exam,2,center_exam,センター試験語彙リスト由来。意味は要補充,center_pos=VV; center_pmw=50+; not_found_in_junior_or_high_word_lists,complicate,VV,50+,,review,not_found_in_junior_or_high_word_lists,
auto,add,1453,differently,differently,adverb,base,1,,exam,2,center_exam,センター試験語彙リスト由来。意味は要補充,center_pos=RB; center_pmw=50+; not_found_in_junior_or_high_word_lists,differently,RB,50+,,review,not_found_in_junior_or_high_word_lists,
auto,add,1456,double,double,adverb,base,1,,exam,2,center_exam,センター試験語彙リスト由来。意味は要補充,center_pos=RB; center_pmw=50+; not_found_in_junior_or_high_word_lists,double,RB,50+,,review,not_found_in_junior_or_high_word_lists,
auto,add,1459,frequency,frequency,noun,base,1,,exam,2,center_exam,センター試験語彙リスト由来。意味は要補充,center_pos=NN; center_pmw=50+; not_found_in_junior_or_high_word_lists,frequency,NN,50+,,review,not_found_in_junior_or_high_word_lists,
review,add,1461,gnp,gnp,noun,base,1,,exam,2,center_exam,センター試験語彙リスト由来。意味は要補充,center_pos=NP; center_pmw=50+; not_found_in_junior_or_high_word_lists,GNP,NP,50+,pos_review;acronym;proper_noun,review,not_found_in_junior_or_high_word_lists,
auto,add,1462,gorilla,gorilla,noun,base,1,,exam,2,center_exam,センター試験語彙リスト由来。意味は要補充,center_pos=NN; center_pmw=50+; not_found_in_junior_or_high_word_lists,gorilla,NN,50+,,review,not_found_in_junior_or_high_word_lists,
auto,add,1472,interview,interview,noun,base,1,,exam,2,center_exam,センター試験語彙リスト由来。意味は要補充,center_pos=NN; center_pmw=50+; not_found_in_junior_or_high_word_lists,interview,NN,50+,,review,not_found_in_junior_or_high_word_lists,
review,add,1474,lohas,lohas,noun,base,1,,exam,2,center_exam,センター試験語彙リスト由来。意味は要補充,center_pos=NP; center_pmw=50+; not_found_in_junior_or_high_word_lists,LOHAS,NP,50+,pos_review;acronym;proper_noun,review,not_found_in_junior_or_high_word_lists,
auto,add,1475,magnet,magnet,noun,base,1,,exam,2,center_exam,センター試験語彙リスト由来。意味は要補充,center_pos=NN; center_pmw=50+; not_found_in_junior_or_high_word_lists,magnet,NN,50+,,review,not_found_in_junior_or_high_word_lists,
auto,add,1478,mike,mike,noun,base,1,,exam,2,center_exam,センター試験語彙リスト由来。意味は要補充,center_pos=NN; center_pmw=50+; not_found_in_junior_or_high_word_lists,mike,NN,50+,,review,not_found_in_junior_or_high_word_lists,
auto,add,1479,monolingual,monolingual,adjective,base,1,,exam,2,center_exam,センター試験語彙リスト由来。意味は要補充,center_pos=JJ; center_pmw=50+; not_found_in_junior_or_high_word_lists,monolingual,JJ,50+,,review,not_found_in_junior_or_high_word_lists,
auto,add,1483,opera,opera,noun,base,1,,exam,2,center_exam,センター試験語彙リスト由来。意味は要補充,center_pos=NN; center_pmw=50+; not_found_in_junior_or_high_word_lists,opera,NN,50+,,review,not_found_in_junior_or_high_word_lists,
auto,add,1485,plaid,plaid,noun,base,1,,exam,2,center_exam,センター試験語彙リスト由来。意味は要補充,center_pos=NN; center_pmw=50+; not_found_in_junior_or_high_word_lists,plaid,NN,50+,,review,not_found_in_junior_or_high_word_lists,
auto,add,1487,puzzle,puzzle,noun,base,1,,exam,2,center_exam,センター試験語彙リスト由来。意味は要補充,center_pos=NN; center_pmw=50+; not_found_in_junior_or_high_word_lists,puzzle,NN,50+,,review,not_found_in_junior_or_high_word_lists,
auto,add,1488,quantity,quantity,noun,base,1,,exam,2,center_exam,センター試験語彙リスト由来。意味は要補充,center_pos=NN; center_pmw=50+; not_found_in_junior_or_high_word_lists,quantity,NN,50+,,review,not_found_in_junior_or_high_word_lists,
auto,add,1495,speed,speed,noun,base,1,,exam,2,center_exam,センター試験語彙リスト由来。意味は要補充,center_pos=NN; center_pmw=50+; not_found_in_junior_or_high_word_lists,speed,NN,50+,,review,not_found_in_junior_or_high_word_lists,
auto,add,1497,switch,switch,noun,base,1,,exam,2,center_exam,センター試験語彙リスト由来。意味は要補充,center_pos=NN; center_pmw=50+; not_found_in_junior_or_high_word_lists,switch,NN,50+,,review,not_found_in_junior_or_high_word_lists,
auto,add,1501,turmeric,turmeric,noun,base,1,,exam,2,center_exam,センター試験語彙リスト由来。意味は要補充,center_pos=NN; center_pmw=50+; not_found_in_junior_or_high_word_lists,turmeric,NN,50+,,review,not_found_in_junior_or_high_word_lists,
auto,add,1514,bamboo,bamboo,noun,base,1,,exam,2,center_exam,センター試験語彙リスト由来。意味は要補充,center_pos=NN; center_pmw=50+; not_found_in_junior_or_high_word_lists,bamboo,NN,50+,,review,not_found_in_junior_or_high_word_lists,
review,add,1518,bore,bore,verb,past,1,,exam,2,center_exam,センター試験語彙リスト由来。意味は要補充,center_pos=VVD; center_pmw=50+; not_found_in_junior_or_high_word_lists,bore,VVD,50+,pos_review,review,not_found_in_junior_or_high_word_lists,
auto,add,1519,boring,boring,adjective,base,1,,exam,2,center_exam,センター試験語彙リスト由来。意味は要補充,center_pos=JJ; center_pmw=50+; not_found_in_junior_or_high_word_lists,boring,JJ,50+,,review,not_found_in_junior_or_high_word_lists,
auto,add,1524,collection,collection,noun,base,1,,exam,2,center_exam,センター試験語彙リスト由来。意味は要補充,center_pos=NN; center_pmw=50+; not_found_in_junior_or_high_word_lists,collection,NN,50+,,review,not_found_in_junior_or_high_word_lists,
auto,add,1531,cycle,cycle,noun,base,1,,exam,2,center_exam,センター試験語彙リスト由来。意味は要補充,center_pos=NN; center_pmw=50+; not_found_in_junior_or_high_word_lists,cycle,NN,50+,,review,not_found_in_junior_or_high_word_lists,
review,add,1533,denmark,denmark,noun,base,1,,exam,2,center_exam,センター試験語彙リスト由来。意味は要補充,center_pos=NP; center_pmw=50+; not_found_in_junior_or_high_word_lists,Denmark,NP,50+,pos_review;proper_noun,review,not_found_in_junior_or_high_word_lists,
auto,add,1536,eastern,eastern,adjective,base,1,,exam,2,center_exam,センター試験語彙リスト由来。意味は要補充,center_pos=JJ; center_pmw=50+; not_found_in_junior_or_high_word_lists,eastern,JJ,50+,,review,not_found_in_junior_or_high_word_lists,
auto,add,1538,embarrass,embarrass,verb,base,1,,exam,2,center_exam,センター試験語彙リスト由来。意味は要補充,center_pos=VV; center_pmw=50+; not_found_in_junior_or_high_word_lists,embarrass,VV,50+,,review,not_found_in_junior_or_high_word_lists,
auto,add,1544,flea,flea,noun,base,1,,exam,2,center_exam,センター試験語彙リスト由来。意味は要補充,center_pos=NN; center_pmw=50+; not_found_in_junior_or_high_word_lists,flea,NN,50+,,review,not_found_in_junior_or_high_word_lists,
auto,add,1545,greatly,greatly,adverb,base,1,,exam,2,center_exam,センター試験語彙リスト由来。意味は要補充,center_pos=RB; center_pmw=50+; not_found_in_junior_or_high_word_lists,greatly,RB,50+,,review,not_found_in_junior_or_high_word_lists,
auto,add,1548,insist,insist,verb,base,1,,exam,2,center_exam,センター試験語彙リスト由来。意味は要補充,center_pos=VVP; center_pmw=50+; not_found_in_junior_or_high_word_lists,insist,VVP,50+,,review,not_found_in_junior_or_high_word_lists,
auto,add,1551,kid,kid,noun,base,1,,exam,2,center_exam,センター試験語彙リスト由来。意味は要補充,center_pos=NN; center_pmw=50+; not_found_in_junior_or_high_word_lists,kid,NN,50+,,review,not_found_in_junior_or_high_word_lists,
auto,add,1553,lift,lift,noun,base,1,,exam,2,center_exam,センター試験語彙リスト由来。意味は要補充,center_pos=NN; center_pmw=50+; not_found_in_junior_or_high_word_lists,lift,NN,50+,,review,not_found_in_junior_or_high_word_lists,
auto,add,1555,mental,mental,adjective,base,1,,exam,2,center_exam,センター試験語彙リスト由来。意味は要補充,center_pos=JJ; center_pmw=50+; not_found_in_junior_or_high_word_lists,mental,JJ,50+,,review,not_found_in_junior_or_high_word_lists,
auto,add,1556,mushroom,mushroom,noun,base,1,,exam,2,center_exam,センター試験語彙リスト由来。意味は要補充,center_pos=NN; center_pmw=50+; not_found_in_junior_or_high_word_lists,mushroom,NN,50+,,review,not_found_in_junior_or_high_word_lists,
auto,add,1562,pressure,pressure,noun,base,1,,exam,2,center_exam,センター試験語彙リスト由来。意味は要補充,center_pos=NN; center_pmw=50+; not_found_in_junior_or_high_word_lists,pressure,NN,50+,,review,not_found_in_junior_or_high_word_lists,
auto,add,1563,private,private,adjective,base,1,,exam,2,center_exam,センター試験語彙リスト由来。意味は要補充,center_pos=JJ; center_pmw=50+; not_found_in_junior_or_high_word_lists,private,JJ,50+,,review,not_found_in_junior_or_high_word_lists,
auto,add,1567,recycling,recycling,noun,base,1,,exam,2,center_exam,センター試験語彙リスト由来。意味は要補充,center_pos=NN; center_pmw=50+; not_found_in_junior_or_high_word_lists,recycling,NN,50+,,review,not_found_in_junior_or_high_word_lists,
auto,add,1572,scale,scale,noun,base,1,,exam,2,center_exam,センター試験語彙リスト由来。意味は要補充,center_pos=NN; center_pmw=50+; not_found_in_junior_or_high_word_lists,scale,NN,50+,,review,not_found_in_junior_or_high_word_lists,
auto,add,1574,section,section,noun,base,1,,exam,2,center_exam,センター試験語彙リスト由来。意味は要補充,center_pos=NN; center_pmw=50+; not_found_in_junior_or_high_word_lists,section,NN,50+,,review,not_found_in_junior_or_high_word_lists,
auto,add,1577,smith,smith,noun,base,1,,exam,2,center_exam,センター試験語彙リスト由来。意味は要補充,center_pos=NN; center_pmw=50+; not_found_in_junior_or_high_word_lists,smith,NN,50+,,review,not_found_in_junior_or_high_word_lists,
auto,add,1587,uneasy,uneasy,adjective,base,1,,exam,2,center_exam,センター試験語彙リスト由来。意味は要補充,center_pos=JJ; center_pmw=50+; not_found_in_junior_or_high_word_lists,uneasy,JJ,50+,,review,not_found_in_junior_or_high_word_lists,
auto,add,1590,vase,vase,noun,base,1,,exam,2,center_exam,センター試験語彙リスト由来。意味は要補充,center_pos=NN; center_pmw=50+; not_found_in_junior_or_high_word_lists,vase,NN,50+,,review,not_found_in_junior_or_high_word_lists,
auto,add,1595,albatross,albatross,noun,base,1,,exam,2,center_exam,センター試験語彙リスト由来。意味は要補充,center_pos=NN; center_pmw=50+; not_found_in_junior_or_high_word_lists,albatross,NN,50+,,review,not_found_in_junior_or_high_word_lists,
auto,add,1596,allergy,allergy,noun,base,1,,exam,2,center_exam,センター試験語彙リスト由来。意味は要補充,center_pos=NN; center_pmw=50+; not_found_in_junior_or_high_word_lists,allergy,NN,50+,,review,not_found_in_junior_or_high_word_lists,
auto,add,1600,architecture,architecture,noun,base,1,,exam,2,center_exam,センター試験語彙リスト由来。意味は要補充,center_pos=NN; center_pmw=50+; not_found_in_junior_or_high_word_lists,architecture,NN,50+,,review,not_found_in_junior_or_high_word_lists,
review,add,1601,asian,asian,adjective,base,1,,exam,2,center_exam,センター試験語彙リスト由来。意味は要補充,center_pos=JJ; center_pmw=50+; not_found_in_junior_or_high_word_lists,Asian,JJ,50+,proper_noun,review,not_found_in_junior_or_high_word_lists,
auto,add,1603,assume,assume,verb,base,1,,exam,2,center_exam,センター試験語彙リスト由来。意味は要補充,center_pos=VV; center_pmw=50+; not_found_in_junior_or_high_word_lists,assume,VV,50+,,review,not_found_in_junior_or_high_word_lists,
auto,add,1604,attack,attack,noun,base,1,,exam,2,center_exam,センター試験語彙リスト由来。意味は要補充,center_pos=NN; center_pmw=50+; not_found_in_junior_or_high_word_lists,attack,NN,50+,,review,not_found_in_junior_or_high_word_lists,
auto,add,1605,attic,attic,noun,base,1,,exam,2,center_exam,センター試験語彙リスト由来。意味は要補充,center_pos=NN; center_pmw=50+; not_found_in_junior_or_high_word_lists,attic,NN,50+,,review,not_found_in_junior_or_high_word_lists,
auto,add,1606,audio,audio,adjective,base,1,,exam,2,center_exam,センター試験語彙リスト由来。意味は要補充,center_pos=JJ; center_pmw=50+; not_found_in_junior_or_high_word_lists,audio,JJ,50+,,review,not_found_in_junior_or_high_word_lists,
auto,add,1607,basically,basically,adverb,base,1,,exam,2,center_exam,センター試験語彙リスト由来。意味は要補充,center_pos=RB; center_pmw=50+; not_found_in_junior_or_high_word_lists,basically,RB,50+,,review,not_found_in_junior_or_high_word_lists,
auto,add,1609,beam,beam,noun,base,1,,exam,2,center_exam,センター試験語彙リスト由来。意味は要補充,center_pos=NN; center_pmw=50+; not_found_in_junior_or_high_word_lists,beam,NN,50+,,review,not_found_in_junior_or_high_word_lists,
review,add,1610,beat,beat,verb,past,1,,exam,2,center_exam,センター試験語彙リスト由来。意味は要補充,center_pos=VVD; center_pmw=50+; not_found_in_junior_or_high_word_lists,beat,VVD,50+,pos_review,review,not_found_in_junior_or_high_word_lists,
auto,add,1612,british,british,adjective,base,1,,exam,2,center_exam,センター試験語彙リスト由来。意味は要補充,center_pos=JJ; center_pmw=50+; not_found_in_junior_or_high_word_lists,british,JJ,50+,,review,not_found_in_junior_or_high_word_lists,
review,add,1615,cd,cd,noun,base,1,,exam,2,center_exam,センター試験語彙リスト由来。意味は要補充,center_pos=NN; center_pmw=50+; not_found_in_junior_or_high_word_lists,CD,NN,50+,acronym,review,not_found_in_junior_or_high_word_lists,
auto,add,1616,cocoa,cocoa,noun,base,1,,exam,2,center_exam,センター試験語彙リスト由来。意味は要補充,center_pos=NN; center_pmw=50+; not_found_in_junior_or_high_word_lists,cocoa,NN,50+,,review,not_found_in_junior_or_high_word_lists,
auto,add,1617,cole,cole,noun,base,1,,exam,2,center_exam,センター試験語彙リスト由来。意味は要補充,center_pos=NN; center_pmw=50+; not_found_in_junior_or_high_word_lists,cole,NN,50+,,review,not_found_in_junior_or_high_word_lists,
auto,add,1626,disagreement,disagreement,noun,base,1,,exam,2,center_exam,センター試験語彙リスト由来。意味は要補充,center_pos=NN; center_pmw=50+; not_found_in_junior_or_high_word_lists,disagreement,NN,50+,,review,not_found_in_junior_or_high_word_lists,
auto,add,1631,fashionable,fashionable,adjective,base,1,,exam,2,center_exam,センター試験語彙リスト由来。意味は要補充,center_pos=JJ; center_pmw=50+; not_found_in_junior_or_high_word_lists,fashionable,JJ,50+,,review,not_found_in_junior_or_high_word_lists,
auto,add,1635,furthermore,furthermore,adverb,base,1,,exam,2,center_exam,センター試験語彙リスト由来。意味は要補充,center_pos=RB; center_pmw=50+; not_found_in_junior_or_high_word_lists,furthermore,RB,50+,,review,not_found_in_junior_or_high_word_lists,
auto,add,1637,grandchild,grandchild,noun,base,1,,exam,2,center_exam,センター試験語彙リスト由来。意味は要補充,center_pos=NN; center_pmw=50+; not_found_in_junior_or_high_word_lists,grandchild,NN,50+,,review,not_found_in_junior_or_high_word_lists,
auto,add,1641,illustrate,illustrate,verb,base,1,,exam,2,center_exam,センター試験語彙リスト由来。意味は要補充,center_pos=VVP; center_pmw=50+; not_found_in_junior_or_high_word_lists,illustrate,VVP,50+,,review,not_found_in_junior_or_high_word_lists,
auto,add,1650,moisture,moisture,noun,base,1,,exam,2,center_exam,センター試験語彙リスト由来。意味は要補充,center_pos=NN; center_pmw=50+; not_found_in_junior_or_high_word_lists,moisture,NN,50+,,review,not_found_in_junior_or_high_word_lists,
auto,add,1653,orchestra,orchestra,noun,base,1,,exam,2,center_exam,センター試験語彙リスト由来。意味は要補充,center_pos=NN; center_pmw=50+; not_found_in_junior_or_high_word_lists,orchestra,NN,50+,,review,not_found_in_junior_or_high_word_lists,
auto,add,1654,package,package,noun,base,1,,exam,2,center_exam,センター試験語彙リスト由来。意味は要補充,center_pos=NN; center_pmw=50+; not_found_in_junior_or_high_word_lists,package,NN,50+,,review,not_found_in_junior_or_high_word_lists,
auto,add,1658,portable,portable,adjective,base,1,,exam,2,center_exam,センター試験語彙リスト由来。意味は要補充,center_pos=JJ; center_pmw=50+; not_found_in_junior_or_high_word_lists,portable,JJ,50+,,review,not_found_in_junior_or_high_word_lists,
auto,add,1663,psychology,psychology,noun,base,1,,exam,2,center_exam,センター試験語彙リスト由来。意味は要補充,center_pos=NN; center_pmw=50+; not_found_in_junior_or_high_word_lists,psychology,NN,50+,,review,not_found_in_junior_or_high_word_lists,
auto,add,1665,repeat,repeat,noun,base,1,,exam,2,center_exam,センター試験語彙リスト由来。意味は要補充,center_pos=NN; center_pmw=50+; not_found_in_junior_or_high_word_lists,repeat,NN,50+,,review,not_found_in_junior_or_high_word_lists,
auto,add,1669,scare,scare,noun,base,1,,exam,2,center_exam,センター試験語彙リスト由来。意味は要補充,center_pos=NN; center_pmw=50+; not_found_in_junior_or_high_word_lists,scare,NN,50+,,review,not_found_in_junior_or_high_word_lists,
auto,add,1671,separate,separate,adjective,base,1,,exam,2,center_exam,センター試験語彙リスト由来。意味は要補充,center_pos=JJ; center_pmw=50+; not_found_in_junior_or_high_word_lists,separate,JJ,50+,,review,not_found_in_junior_or_high_word_lists,
auto,add,1675,smooth,smooth,adjective,base,1,,exam,2,center_exam,センター試験語彙リスト由来。意味は要補充,center_pos=JJ; center_pmw=50+; not_found_in_junior_or_high_word_lists,smooth,JJ,50+,,review,not_found_in_junior_or_high_word_lists,
auto,add,1678,spot,spot,noun,base,1,,exam,2,center_exam,センター試験語彙リスト由来。意味は要補充,center_pos=NN; center_pmw=50+; not_found_in_junior_or_high_word_lists,spot,NN,50+,,review,not_found_in_junior_or_high_word_lists,
auto,add,1682,surprising,surprising,adjective,base,1,,exam,2,center_exam,センター試験語彙リスト由来。意味は要補充,center_pos=JJ; center_pmw=50+; not_found_in_junior_or_high_word_lists,surprising,JJ,50+,,review,not_found_in_junior_or_high_word_lists,
auto,add,1683,technological,technological,adjective,base,1,,exam,2,center_exam,センター試験語彙リスト由来。意味は要補充,center_pos=JJ; center_pmw=50+; not_found_in_junior_or_high_word_lists,technological,JJ,50+,,review,not_found_in_junior_or_high_word_lists,
auto,add,1684,thief,thief,noun,base,1,,exam,2,center_exam,センター試験語彙リスト由来。意味は要補充,center_pos=NN; center_pmw=50+; not_found_in_junior_or_high_word_lists,thief,NN,50+,,review,not_found_in_junior_or_high_word_lists,
auto,add,1686,track,track,noun,base,1,,exam,2,center_exam,センター試験語彙リスト由来。意味は要補充,center_pos=NN; center_pmw=50+; not_found_in_junior_or_high_word_lists,track,NN,50+,,review,not_found_in_junior_or_high_word_lists,
auto,add,1693,almond,almond,adjective,base,1,,exam,2,center_exam,センター試験語彙リスト由来。意味は要補充,center_pos=JJ; center_pmw=50+; not_found_in_junior_or_high_word_lists,almond,JJ,50+,,review,not_found_in_junior_or_high_word_lists,
auto,add,1696,attraction,attraction,noun,base,1,,exam,2,center_exam,センター試験語彙リスト由来。意味は要補充,center_pos=NN; center_pmw=50+; not_found_in_junior_or_high_word_lists,attraction,NN,50+,,review,not_found_in_junior_or_high_word_lists,
review,add,1703,california,california,noun,base,1,,exam,2,center_exam,センター試験語彙リスト由来。意味は要補充,center_pos=NP; center_pmw=50+; not_found_in_junior_or_high_word_lists,California,NP,50+,pos_review;proper_noun,review,not_found_in_junior_or_high_word_lists,
auto,add,1705,chimpanzee,chimpanzee,noun,base,1,,exam,2,center_exam,センター試験語彙リスト由来。意味は要補充,center_pos=NN; center_pmw=50+; not_found_in_junior_or_high_word_lists,chimpanzee,NN,50+,,review,not_found_in_junior_or_high_word_lists,
auto,add,1706,coach,coach,noun,base,1,,exam,2,center_exam,センター試験語彙リスト由来。意味は要補充,center_pos=NN; center_pmw=50+; not_found_in_junior_or_high_word_lists,coach,NN,50+,,review,not_found_in_junior_or_high_word_lists,
auto,add,1707,combination,combination,noun,base,1,,exam,2,center_exam,センター試験語彙リスト由来。意味は要補充,center_pos=NN; center_pmw=50+; not_found_in_junior_or_high_word_lists,combination,NN,50+,,review,not_found_in_junior_or_high_word_lists,
auto,add,1709,commuter,commuter,noun,base,1,,exam,2,center_exam,センター試験語彙リスト由来。意味は要補充,center_pos=NN; center_pmw=50+; not_found_in_junior_or_high_word_lists,commuter,NN,50+,,review,not_found_in_junior_or_high_word_lists,
auto,add,1710,compass,compass,noun,base,1,,exam,2,center_exam,センター試験語彙リスト由来。意味は要補充,center_pos=NN; center_pmw=50+; not_found_in_junior_or_high_word_lists,compass,NN,50+,,review,not_found_in_junior_or_high_word_lists,
auto,add,1712,convention,convention,noun,base,1,,exam,2,center_exam,センター試験語彙リスト由来。意味は要補充,center_pos=NN; center_pmw=50+; not_found_in_junior_or_high_word_lists,convention,NN,50+,,review,not_found_in_junior_or_high_word_lists,
auto,add,1714,dine,dine,verb,base,1,,exam,2,center_exam,センター試験語彙リスト由来。意味は要補充,center_pos=VV; center_pmw=50+; not_found_in_junior_or_high_word_lists,dine,VV,50+,,review,not_found_in_junior_or_high_word_lists,
review,add,1718,dried,dried,verb,past,1,,exam,2,center_exam,センター試験語彙リスト由来。意味は要補充,center_pos=VVD; center_pmw=50+; not_found_in_junior_or_high_word_lists,dried,VVD,50+,pos_review,review,not_found_in_junior_or_high_word_lists,
auto,add,1727,friendship,friendship,noun,base,1,,exam,2,center_exam,センター試験語彙リスト由来。意味は要補充,center_pos=NN; center_pmw=50+; not_found_in_junior_or_high_word_lists,friendship,NN,50+,,review,not_found_in_junior_or_high_word_lists,
auto,add,1729,generation,generation,noun,base,1,,exam,2,center_exam,センター試験語彙リスト由来。意味は要補充,center_pos=NN; center_pmw=50+; not_found_in_junior_or_high_word_lists,generation,NN,50+,,review,not_found_in_junior_or_high_word_lists,
auto,add,1730,ghost,ghost,noun,base,1,,exam,2,center_exam,センター試験語彙リスト由来。意味は要補充,center_pos=NN; center_pmw=50+; not_found_in_junior_or_high_word_lists,ghost,NN,50+,,review,not_found_in_junior_or_high_word_lists,
review,add,1733,hanging,hanging,verb,present_participle,1,,exam,2,center_exam,センター試験語彙リスト由来。意味は要補充,center_pos=VVG; center_pmw=50+; not_found_in_junior_or_high_word_lists,hanging,VVG,50+,pos_review,review,not_found_in_junior_or_high_word_lists,
auto,add,1734,harry,harry,verb,base,1,,exam,2,center_exam,センター試験語彙リスト由来。意味は要補充,center_pos=VV; center_pmw=50+; not_found_in_junior_or_high_word_lists,harry,VV,50+,,review,not_found_in_junior_or_high_word_lists,
auto,add,1741,insult,insult,noun,base,1,,exam,2,center_exam,センター試験語彙リスト由来。意味は要補充,center_pos=NN; center_pmw=50+; not_found_in_junior_or_high_word_lists,insult,NN,50+,,review,not_found_in_junior_or_high_word_lists,
auto,add,1743,journey,journey,noun,base,1,,exam,2,center_exam,センター試験語彙リスト由来。意味は要補充,center_pos=NN; center_pmw=50+; not_found_in_junior_or_high_word_lists,journey,NN,50+,,review,not_found_in_junior_or_high_word_lists,
auto,add,1744,kingdom,kingdom,noun,base,1,,exam,2,center_exam,センター試験語彙リスト由来。意味は要補充,center_pos=NN; center_pmw=50+; not_found_in_junior_or_high_word_lists,kingdom,NN,50+,,review,not_found_in_junior_or_high_word_lists,
auto,add,1746,layer,layer,noun,base,1,,exam,2,center_exam,センター試験語彙リスト由来。意味は要補充,center_pos=NN; center_pmw=50+; not_found_in_junior_or_high_word_lists,layer,NN,50+,,review,not_found_in_junior_or_high_word_lists,
auto,add,1748,lifelong,lifelong,adjective,base,1,,exam,2,center_exam,センター試験語彙リスト由来。意味は要補充,center_pos=JJ; center_pmw=50+; not_found_in_junior_or_high_word_lists,lifelong,JJ,50+,,review,not_found_in_junior_or_high_word_lists,
auto,add,1752,network,network,noun,base,1,,exam,2,center_exam,センター試験語彙リスト由来。意味は要補充,center_pos=NN; center_pmw=50+; not_found_in_junior_or_high_word_lists,network,NN,50+,,review,not_found_in_junior_or_high_word_lists,
auto,add,1754,normal,normal,adjective,base,1,,exam,2,center_exam,センター試験語彙リスト由来。意味は要補充,center_pos=JJ; center_pmw=50+; not_found_in_junior_or_high_word_lists,normal,JJ,50+,,review,not_found_in_junior_or_high_word_lists,
auto,add,1755,nowadays,nowadays,adverb,base,1,,exam,2,center_exam,センター試験語彙リスト由来。意味は要補充,center_pos=RB; center_pmw=50+; not_found_in_junior_or_high_word_lists,nowadays,RB,50+,,review,not_found_in_junior_or_high_word_lists,
auto,add,1758,phrase,phrase,noun,base,1,,exam,2,center_exam,センター試験語彙リスト由来。意味は要補充,center_pos=NN; center_pmw=50+; not_found_in_junior_or_high_word_lists,phrase,NN,50+,,review,not_found_in_junior_or_high_word_lists,
auto,add,1759,pine,pine,noun,base,1,,exam,2,center_exam,センター試験語彙リスト由来。意味は要補充,center_pos=NN; center_pmw=50+; not_found_in_junior_or_high_word_lists,pine,NN,50+,,review,not_found_in_junior_or_high_word_lists,
auto,add,1760,pink,pink,adjective,base,1,,exam,2,center_exam,センター試験語彙リスト由来。意味は要補充,center_pos=JJ; center_pmw=50+; not_found_in_junior_or_high_word_lists,pink,JJ,50+,,review,not_found_in_junior_or_high_word_lists,
auto,add,1762,presentation,presentation,noun,base,1,,exam,2,center_exam,センター試験語彙リスト由来。意味は要補充,center_pos=NN; center_pmw=50+; not_found_in_junior_or_high_word_lists,presentation,NN,50+,,review,not_found_in_junior_or_high_word_lists,
auto,add,1767,relocation,relocation,noun,base,1,,exam,2,center_exam,センター試験語彙リスト由来。意味は要補充,center_pos=NN; center_pmw=50+; not_found_in_junior_or_high_word_lists,relocation,NN,50+,,review,not_found_in_junior_or_high_word_lists,
auto,add,1771,roger,roger,noun,base,1,,exam,2,center_exam,センター試験語彙リスト由来。意味は要補充,center_pos=NN; center_pmw=50+; not_found_in_junior_or_high_word_lists,roger,NN,50+,,review,not_found_in_junior_or_high_word_lists,
review,add,1773,russia,russia,noun,base,1,,exam,2,center_exam,センター試験語彙リスト由来。意味は要補充,center_pos=NP; center_pmw=50+; not_found_in_junior_or_high_word_lists,Russia,NP,50+,pos_review;proper_noun,review,not_found_in_junior_or_high_word_lists,
auto,add,1779,soybean,soybean,noun,base,1,,exam,2,center_exam,センター試験語彙リスト由来。意味は要補充,center_pos=NN; center_pmw=50+; not_found_in_junior_or_high_word_lists,soybean,NN,50+,,review,not_found_in_junior_or_high_word_lists,
review,add,1780,spanish,spanish,adjective,base,1,,exam,2,center_exam,センター試験語彙リスト由来。意味は要補充,center_pos=JJ; center_pmw=50+; not_found_in_junior_or_high_word_lists,Spanish,JJ,50+,proper_noun,review,not_found_in_junior_or_high_word_lists,
auto,add,1781,staff,staff,noun,base,1,,exam,2,center_exam,センター試験語彙リスト由来。意味は要補充,center_pos=NN; center_pmw=50+; not_found_in_junior_or_high_word_lists,staff,NN,50+,,review,not_found_in_junior_or_high_word_lists,
auto,add,1783,sticky,sticky,adjective,base,1,,exam,2,center_exam,センター試験語彙リスト由来。意味は要補充,center_pos=JJ; center_pmw=50+; not_found_in_junior_or_high_word_lists,sticky,JJ,50+,,review,not_found_in_junior_or_high_word_lists,
auto,add,1786,technique,technique,noun,base,1,,exam,2,center_exam,センター試験語彙リスト由来。意味は要補充,center_pos=NN; center_pmw=50+; not_found_in_junior_or_high_word_lists,technique,NN,50+,,review,not_found_in_junior_or_high_word_lists,
auto,add,1787,text,text,noun,base,1,,exam,2,center_exam,センター試験語彙リスト由来。意味は要補充,center_pos=NN; center_pmw=50+; not_found_in_junior_or_high_word_lists,text,NN,50+,,review,not_found_in_junior_or_high_word_lists,
auto,add,1792,vocabulary,vocabulary,noun,base,1,,exam,2,center_exam,センター試験語彙リスト由来。意味は要補充,center_pos=NN; center_pmw=50+; not_found_in_junior_or_high_word_lists,vocabulary,NN,50+,,review,not_found_in_junior_or_high_word_lists,
auto,add,1794,warming,warming,noun,base,1,,exam,2,center_exam,センター試験語彙リスト由来。意味は要補充,center_pos=NN; center_pmw=50+; not_found_in_junior_or_high_word_lists,warming,NN,50+,,review,not_found_in_junior_or_high_word_lists,
auto,add,1795,western,western,adjective,base,1,,exam,2,center_exam,センター試験語彙リスト由来。意味は要補充,center_pos=JJ; center_pmw=50+; not_found_in_junior_or_high_word_lists,western,JJ,50+,,review,not_found_in_junior_or_high_word_lists,
auto,add,1802,assignment,assignment,noun,base,1,,exam,2,center_exam,センター試験語彙リスト由来。意味は要補充,center_pos=NN; center_pmw=50+; not_found_in_junior_or_high_word_lists,assignment,NN,50+,,review,not_found_in_junior_or_high_word_lists,
auto,add,1807,birth,birth,noun,base,1,,exam,2,center_exam,センター試験語彙リスト由来。意味は要補充,center_pos=NN; center_pmw=50+; not_found_in_junior_or_high_word_lists,birth,NN,50+,,review,not_found_in_junior_or_high_word_lists,
auto,add,1808,bone,bone,noun,base,1,,exam,2,center_exam,センター試験語彙リスト由来。意味は要補充,center_pos=NN; center_pmw=50+; not_found_in_junior_or_high_word_lists,bone,NN,50+,,review,not_found_in_junior_or_high_word_lists,
auto,add,1810,bottom,bottom,noun,base,1,,exam,2,center_exam,センター試験語彙リスト由来。意味は要補充,center_pos=NN; center_pmw=50+; not_found_in_junior_or_high_word_lists,bottom,NN,50+,,review,not_found_in_junior_or_high_word_lists,
auto,add,1812,boyfriend,boyfriend,noun,base,1,,exam,2,center_exam,センター試験語彙リスト由来。意味は要補充,center_pos=NN; center_pmw=50+; not_found_in_junior_or_high_word_lists,boyfriend,NN,50+,,review,not_found_in_junior_or_high_word_lists,
review,add,1813,brazilian,brazilian,adjective,base,1,,exam,2,center_exam,センター試験語彙リスト由来。意味は要補充,center_pos=JJ; center_pmw=50+; not_found_in_junior_or_high_word_lists,Brazilian,JJ,50+,proper_noun,review,not_found_in_junior_or_high_word_lists,
auto,add,1815,cellphone,cellphone,noun,base,1,,exam,2,center_exam,センター試験語彙リスト由来。意味は要補充,center_pos=NN; center_pmw=50+; not_found_in_junior_or_high_word_lists,cellphone,NN,50+,,review,not_found_in_junior_or_high_word_lists,
auto,add,1816,ceremony,ceremony,noun,base,1,,exam,2,center_exam,センター試験語彙リスト由来。意味は要補充,center_pos=NN; center_pmw=50+; not_found_in_junior_or_high_word_lists,ceremony,NN,50+,,review,not_found_in_junior_or_high_word_lists,
auto,add,1819,clown,clown,noun,base,1,,exam,2,center_exam,センター試験語彙リスト由来。意味は要補充,center_pos=NN; center_pmw=50+; not_found_in_junior_or_high_word_lists,clown,NN,50+,,review,not_found_in_junior_or_high_word_lists,
auto,add,1826,correctly,correctly,adverb,base,1,,exam,2,center_exam,センター試験語彙リスト由来。意味は要補充,center_pos=RB; center_pmw=50+; not_found_in_junior_or_high_word_lists,correctly,RB,50+,,review,not_found_in_junior_or_high_word_lists,
auto,add,1827,cough,cough,noun,base,1,,exam,2,center_exam,センター試験語彙リスト由来。意味は要補充,center_pos=NN; center_pmw=50+; not_found_in_junior_or_high_word_lists,cough,NN,50+,,review,not_found_in_junior_or_high_word_lists,
auto,add,1829,crash,crash,noun,base,1,,exam,2,center_exam,センター試験語彙リスト由来。意味は要補充,center_pos=NN; center_pmw=50+; not_found_in_junior_or_high_word_lists,crash,NN,50+,,review,not_found_in_junior_or_high_word_lists,
auto,add,1832,define,define,verb,base,1,,exam,2,center_exam,センター試験語彙リスト由来。意味は要補充,center_pos=VV; center_pmw=50+; not_found_in_junior_or_high_word_lists,define,VV,50+,,review,not_found_in_junior_or_high_word_lists,
auto,add,1838,enthusiastic,enthusiastic,adjective,base,1,,exam,2,center_exam,センター試験語彙リスト由来。意味は要補充,center_pos=JJ; center_pmw=50+; not_found_in_junior_or_high_word_lists,enthusiastic,JJ,50+,,review,not_found_in_junior_or_high_word_lists,
auto,add,1840,entry,entry,noun,base,1,,exam,2,center_exam,センター試験語彙リスト由来。意味は要補充,center_pos=NN; center_pmw=50+; not_found_in_junior_or_high_word_lists,entry,NN,50+,,review,not_found_in_junior_or_high_word_lists,
auto,add,1841,equally,equally,adverb,base,1,,exam,2,center_exam,センター試験語彙リスト由来。意味は要補充,center_pos=RB; center_pmw=50+; not_found_in_junior_or_high_word_lists,equally,RB,50+,,review,not_found_in_junior_or_high_word_lists,
auto,add,1845,excellent,excellent,adjective,base,1,,exam,2,center_exam,センター試験語彙リスト由来。意味は要補充,center_pos=JJ; center_pmw=50+; not_found_in_junior_or_high_word_lists,excellent,JJ,50+,,review,not_found_in_junior_or_high_word_lists,
auto,add,1848,fog,fog,noun,base,1,,exam,2,center_exam,センター試験語彙リスト由来。意味は要補充,center_pos=NN; center_pmw=50+; not_found_in_junior_or_high_word_lists,fog,NN,50+,,review,not_found_in_junior_or_high_word_lists,
auto,add,1852,gasoline,gasoline,noun,base,1,,exam,2,center_exam,センター試験語彙リスト由来。意味は要補充,center_pos=NN; center_pmw=50+; not_found_in_junior_or_high_word_lists,gasoline,NN,50+,,review,not_found_in_junior_or_high_word_lists,
auto,add,1857,highway,highway,noun,base,1,,exam,2,center_exam,センター試験語彙リスト由来。意味は要補充,center_pos=NN; center_pmw=50+; not_found_in_junior_or_high_word_lists,highway,NN,50+,,review,not_found_in_junior_or_high_word_lists,
auto,add,1859,intersection,intersection,noun,base,1,,exam,2,center_exam,センター試験語彙リスト由来。意味は要補充,center_pos=NN; center_pmw=50+; not_found_in_junior_or_high_word_lists,intersection,NN,50+,,review,not_found_in_junior_or_high_word_lists,
auto,add,1862,jacket,jacket,noun,base,1,,exam,2,center_exam,センター試験語彙リスト由来。意味は要補充,center_pos=NN; center_pmw=50+; not_found_in_junior_or_high_word_lists,jacket,NN,50+,,review,not_found_in_junior_or_high_word_lists,
auto,add,1863,jog,jog,noun,base,1,,exam,2,center_exam,センター試験語彙リスト由来。意味は要補充,center_pos=NN; center_pmw=50+; not_found_in_junior_or_high_word_lists,jog,NN,50+,,review,not_found_in_junior_or_high_word_lists,
auto,add,1865,judgment,judgment,noun,base,1,,exam,2,center_exam,センター試験語彙リスト由来。意味は要補充,center_pos=NN; center_pmw=50+; not_found_in_junior_or_high_word_lists,judgment,NN,50+,,review,not_found_in_junior_or_high_word_lists,
auto,add,1868,kimono,kimono,noun,base,1,,exam,2,center_exam,センター試験語彙リスト由来。意味は要補充,center_pos=NN; center_pmw=50+; not_found_in_junior_or_high_word_lists,kimono,NN,50+,,review,not_found_in_junior_or_high_word_lists,
auto,add,1870,kitten,kitten,noun,base,1,,exam,2,center_exam,センター試験語彙リスト由来。意味は要補充,center_pos=NN; center_pmw=50+; not_found_in_junior_or_high_word_lists,kitten,NN,50+,,review,not_found_in_junior_or_high_word_lists,
auto,add,1872,license,license,noun,base,1,,exam,2,center_exam,センター試験語彙リスト由来。意味は要補充,center_pos=NN; center_pmw=50+; not_found_in_junior_or_high_word_lists,license,NN,50+,,review,not_found_in_junior_or_high_word_lists,
auto,add,1873,loose,loose,adverb,base,1,,exam,2,center_exam,センター試験語彙リスト由来。意味は要補充,center_pos=RB; center_pmw=50+; not_found_in_junior_or_high_word_lists,loose,RB,50+,,review,not_found_in_junior_or_high_word_lists,
review,add,1876,mexico,mexico,noun,base,1,,exam,2,center_exam,センター試験語彙リスト由来。意味は要補充,center_pos=NP; center_pmw=50+; not_found_in_junior_or_high_word_lists,Mexico,NP,50+,pos_review;proper_noun,review,not_found_in_junior_or_high_word_lists,
auto,add,1880,official,official,noun,base,1,,exam,2,center_exam,センター試験語彙リスト由来。意味は要補充,center_pos=NN; center_pmw=50+; not_found_in_junior_or_high_word_lists,official,NN,50+,,review,not_found_in_junior_or_high_word_lists,
auto,add,1881,olympic,olympic,adjective,base,1,,exam,2,center_exam,センター試験語彙リスト由来。意味は要補充,center_pos=JJ; center_pmw=50+; not_found_in_junior_or_high_word_lists,olympic,JJ,50+,,review,not_found_in_junior_or_high_word_lists,
auto,add,1882,pacific,pacific,adjective,base,1,,exam,2,center_exam,センター試験語彙リスト由来。意味は要補充,center_pos=JJ; center_pmw=50+; not_found_in_junior_or_high_word_lists,pacific,JJ,50+,,review,not_found_in_junior_or_high_word_lists,
auto,add,1885,perfume,perfume,noun,base,1,,exam,2,center_exam,センター試験語彙リスト由来。意味は要補充,center_pos=NN; center_pmw=50+; not_found_in_junior_or_high_word_lists,perfume,NN,50+,,review,not_found_in_junior_or_high_word_lists,
auto,add,1886,plastic,plastic,noun,base,1,,exam,2,center_exam,センター試験語彙リスト由来。意味は要補充,center_pos=NN; center_pmw=50+; not_found_in_junior_or_high_word_lists,plastic,NN,50+,,review,not_found_in_junior_or_high_word_lists,
auto,add,1894,reality,reality,noun,base,1,,exam,2,center_exam,センター試験語彙リスト由来。意味は要補充,center_pos=NN; center_pmw=50+; not_found_in_junior_or_high_word_lists,reality,NN,50+,,review,not_found_in_junior_or_high_word_lists,
auto,add,1896,request,request,noun,base,1,,exam,2,center_exam,センター試験語彙リスト由来。意味は要補充,center_pos=NN; center_pmw=50+; not_found_in_junior_or_high_word_lists,request,NN,50+,,review,not_found_in_junior_or_high_word_lists,
review,add,1898,roman,roman,noun,base,1,,exam,2,center_exam,センター試験語彙リスト由来。意味は要補充,center_pos=NP; center_pmw=50+; not_found_in_junior_or_high_word_lists,Roman,NP,50+,pos_review;proper_noun,review,not_found_in_junior_or_high_word_lists,
auto,add,1899,rope,rope,noun,base,1,,exam,2,center_exam,センター試験語彙リスト由来。意味は要補充,center_pos=NN; center_pmw=50+; not_found_in_junior_or_high_word_lists,rope,NN,50+,,review,not_found_in_junior_or_high_word_lists,
auto,add,1902,sample,sample,noun,base,1,,exam,2,center_exam,センター試験語彙リスト由来。意味は要補充,center_pos=NN; center_pmw=50+; not_found_in_junior_or_high_word_lists,sample,NN,50+,,review,not_found_in_junior_or_high_word_lists,
auto,add,1903,scholarship,scholarship,noun,base,1,,exam,2,center_exam,センター試験語彙リスト由来。意味は要補充,center_pos=NN; center_pmw=50+; not_found_in_junior_or_high_word_lists,scholarship,NN,50+,,review,not_found_in_junior_or_high_word_lists,
auto,add,1904,score,score,noun,base,1,,exam,2,center_exam,センター試験語彙リスト由来。意味は要補充,center_pos=NN; center_pmw=50+; not_found_in_junior_or_high_word_lists,score,NN,50+,,review,not_found_in_junior_or_high_word_lists,
auto,add,1906,semester,semester,noun,base,1,,exam,2,center_exam,センター試験語彙リスト由来。意味は要補充,center_pos=NN; center_pmw=50+; not_found_in_junior_or_high_word_lists,semester,NN,50+,,review,not_found_in_junior_or_high_word_lists,
auto,add,1910,struggle,struggle,noun,base,1,,exam,2,center_exam,センター試験語彙リスト由来。意味は要補充,center_pos=NN; center_pmw=50+; not_found_in_junior_or_high_word_lists,struggle,NN,50+,,review,not_found_in_junior_or_high_word_lists,
auto,add,1911,studio,studio,noun,base,1,,exam,2,center_exam,センター試験語彙リスト由来。意味は要補充,center_pos=NN; center_pmw=50+; not_found_in_junior_or_high_word_lists,studio,NN,50+,,review,not_found_in_junior_or_high_word_lists,
auto,add,1912,stuff,stuff,noun,base,1,,exam,2,center_exam,センター試験語彙リスト由来。意味は要補充,center_pos=NN; center_pmw=50+; not_found_in_junior_or_high_word_lists,stuff,NN,50+,,review,not_found_in_junior_or_high_word_lists,
auto,add,1916,tank,tank,noun,base,1,,exam,2,center_exam,センター試験語彙リスト由来。意味は要補充,center_pos=NN; center_pmw=50+; not_found_in_junior_or_high_word_lists,tank,NN,50+,,review,not_found_in_junior_or_high_word_lists,
auto,add,1917,thumb,thumb,noun,base,1,,exam,2,center_exam,センター試験語彙リスト由来。意味は要補充,center_pos=NN; center_pmw=50+; not_found_in_junior_or_high_word_lists,thumb,NN,50+,,review,not_found_in_junior_or_high_word_lists,
auto,add,1919,ton,ton,noun,base,1,,exam,2,center_exam,センター試験語彙リスト由来。意味は要補充,center_pos=NN; center_pmw=50+; not_found_in_junior_or_high_word_lists,ton,NN,50+,,review,not_found_in_junior_or_high_word_lists,
auto,add,1924,tuner,tuner,noun,base,1,,exam,2,center_exam,センター試験語彙リスト由来。意味は要補充,center_pos=NN; center_pmw=50+; not_found_in_junior_or_high_word_lists,tuner,NN,50+,,review,not_found_in_junior_or_high_word_lists,
auto,add,1926,unexpected,unexpected,adjective,base,1,,exam,2,center_exam,センター試験語彙リスト由来。意味は要補充,center_pos=JJ; center_pmw=50+; not_found_in_junior_or_high_word_lists,unexpected,JJ,50+,,review,not_found_in_junior_or_high_word_lists,
review,add,1927,van,van,noun,base,1,,exam,2,center_exam,センター試験語彙リスト由来。意味は要補充,center_pos=NP; center_pmw=50+; not_found_in_junior_or_high_word_lists,van,NP,50+,pos_review;proper_noun,review,not_found_in_junior_or_high_word_lists,
auto,add,1932,wolf,wolf,noun,base,1,,exam,2,center_exam,センター試験語彙リスト由来。意味は要補充,center_pos=NN; center_pmw=50+; not_found_in_junior_or_high_word_lists,wolf,NN,50+,,review,not_found_in_junior_or_high_word_lists,
