source_rank,word,normalized_word,center_pos,center_pmw,matched_by
1,the,the,DT,10000+,word
2,be,be,VB,10000+,word
3,to,to,TO,10000+,word
4,a,a,DT,10000+,word
5,of,of,IN,10000+,word
6,in,in,RB,10000+,word
7,and,and,CC,10000+,word
8,have,have,VHP,10000+,word
9,it,it,PP,10000+,word
10,you,you,PP,10000+,word
11,that,that,RB,10000+,word
12,I,i,PP,10000+,word
13,not,not,RB,10000+,word
14,do,do,VVP,10000+,word
15,for,for,IN,5000+,word
16,he,he,PP,5000+,word
17,can,can,MD,5000+,word
18,on,on,RB,5000+,word
19,they,they,PP,5000+,word
20,this,this,DT,5000+,word
21,with,with,IN,5000+,word
22,as,as,RB,5000+,word
23,we,we,PP,5000+,word
24,at,at,IN,5000+,word
25,she,she,PP,5000+,word
26,what,what,WP,1000+,word
27,but,but,RB,1000+,word
28,go,go,VV,1000+,word
29,about,about,RB,1000+,word
30,her,her,PP,1000+,word
31,people,people,NNS,1000+,word
32,will,will,MD,1000+,word
33,from,from,IN,1000+,word
34,my,my,PP$,1000+,word
35,one,one,CD,1000+,word
36,his,his,PP$,1000+,word
37,by,by,IN,1000+,word
38,when,when,WRB,1000+,word
39,more,more,JJR,1000+,word
40,so,so,RB,1000+,word
41,there,there,RB,1000+,word
42,their,their,PP$,1000+,word
43,time,time,NN,1000+,word
44,get,get,VV,1000+,word
45,make,make,VV,1000+,word
46,like,like,JJ,1000+,word
47,how,how,WRB,1000+,word
48,which,which,WDT,1000+,word
49,me,me,FW,1000+,word
50,take,take,VV,1000+,word
51,all,all,RB,1000+,word
52,no,no,UH,1000+,word
53,other,other,JJ,1000+,word
54,see,see,VV,1000+,word
55,would,would,MD,1000+,word
56,say,say,VVP,1000+,word
57,because,because,RB,1000+,word
58,than,than,IN,1000+,word
59,some,some,RB,1000+,word
60,want,want,VVP,1000+,word
61,if,if,IN,1000+,word
62,your,your,PP$,1000+,word
63,know,know,VV,1000+,word
64,up,up,RB,1000+,word
65,look,look,NN,1000+,word
66,or,or,CC,1000+,word
67,think,think,VVP,1000+,word
68,many,many,JJ,1000+,word
69,them,them,PP,1000+,word
71,come,come,VV,1000+,word
72,year,year,NN,1000+,word
73,work,work,NN,1000+,word
74,child,child,NN,1000+,word
75,very,very,RB,1000+,word
76,should,should,MD,1000+,word
77,well,well,UH,1000+,word
78,who,who,WP,1000+,word
79,way,way,NN,1000+,word
80,good,good,JJ,1000+,word
81,him,him,PP,1000+,word
82,our,our,PP$,1000+,word
83,too,too,RB,1000+,word
84,use,use,NN,1000+,word
85,much,much,RB,1000+,word
86,only,only,RB,1000+,word
87,new,new,JJ,1000+,word
88,give,give,VV,1000+,word
89,just,just,RB,1000+,word
90,two,two,CD,1000+,word
91,man,man,UH,1000+,word
92,long,long,RB,1000+,word
93,why,why,WRB,1000+,word
94,first,first,JJ,1000+,word
95,old,old,JJ,1000+,word
96,now,now,RB,1000+,word
97,most,most,RBS,1000+,word
98,day,day,NN,1000+,word
99,show,show,NN,1000+,word
100,then,then,RB,1000+,word
101,right,right,RB,1000+,word
102,need,need,NN,1000+,word
103,where,where,WRB,1000+,word
104,after,after,RB,1000+,word
105,country,country,NN,1000+,word
106,change,change,NN,1000+,word
107,oh,oh,UH,1000+,word
108,yes,yes,UH,1000+,word
109,leave,leave,VV,1000+,word
110,tell,tell,VV,1000+,word
111,become,become,VVN,1000+,word
112,really,really,RB,1000+,word
113,feel,feel,VVP,1000+,word
114,help,help,VV,1000+,word
115,thought,thought,VVD,1000+,word
116,friend,friend,NN,1000+,word
117,learn,learn,VV,1000+,word
118,play,play,NN,1000+,word
120,young,young,JJ,1000+,word
121,japan,japan,NN,1000+,word
122,student,student,NN,1000+,word
123,ask,ask,VV,1000+,word
124,us,us,PP,1000+,word
125,problem,problem,NN,1000+,word
126,school,school,NN,1000+,word
127,woman,woman,NN,1000+,word
128,thing,thing,NN,1000+,word
129,may,may,MD,1000+,word
130,mean,mean,VV,1000+,word
132,different,different,JJ,1000+,word
133,while,while,NN,1000+,word
134,also,also,RB,1000+,word
135,even,even,RB,1000+,word
136,try,try,VV,1000+,word
137,before,before,RB,1000+,word
138,high,high,JJ,1000+,word
139,study,study,NN,1000+,word
140,Japanese,japanese,JJ,1000+,word
141,late,late,RB,1000+,word
142,live,live,JJ,1000+,word
143,home,home,NN,1000+,word
144,such,such,JJ,500+,word
145,family,family,NN,500+,word
146,into,into,IN,500+,word
147,last,last,JJ,500+,word
148,over,over,RB,500+,word
149,buy,buy,VV,500+,word
150,number,number,NN,500+,word
151,find,find,VV,500+,word
152,place,place,NN,500+,word
153,three,three,CD,500+,word
154,call,call,NN,500+,word
155,house,house,NN,500+,word
156,its,its,PP$,500+,word
157,talk,talk,NN,500+,word
158,start,start,NN,500+,word
159,great,great,JJ,500+,word
160,next,next,JJ,500+,word
161,same,same,JJ,500+,word
162,car,car,NN,500+,word
163,each,each,DT,500+,word
164,here,here,RB,500+,word
165,life,life,NN,500+,word
166,spend,spend,VV,500+,word
167,found,found,VVD,500+,word
169,put,put,VVD,500+,word
170,another,another,DT,500+,word
171,down,down,RB,500+,word
172,eat,eat,VV,500+,word
173,let,let,VV,500+,word
174,food,food,NN,500+,word
176,back,back,RB,500+,word
177,little,little,RB,500+,word
178,still,still,RB,500+,word
179,better,better,JJR,500+,word
180,group,group,NN,500+,word
181,always,always,RB,500+,word
182,seem,seem,VVP,500+,word
183,important,important,JJ,500+,word
185,teacher,teacher,NN,500+,word
186,hear,hear,VV,500+,word
188,must,must,MD,500+,word
189,never,never,RB,500+,word
190,keep,keep,VV,500+,word
191,pay,pay,VV,500+,word
192,world,world,NN,500+,word
193,music,music,NN,500+,word
194,word,word,NN,500+,word
195,part,part,NN,500+,word
196,something,something,NN,500+,word
197,city,city,NN,500+,word
198,money,money,NN,500+,word
199,wait,wait,VV,500+,word
200,watch,watch,NN,500+,word
201,boy,boy,UH,500+,word
202,picture,picture,NN,500+,word
203,parent,parent,NN,500+,word
204,turn,turn,NN,500+,word
205,example,example,NN,500+,word
206,few,few,JJ,500+,word
207,hand,hand,NN,500+,word
208,sure,sure,JJ,500+,word
209,thank,thank,VV,500+,word
210,being,being,VBG,500+,word
211,enjoy,enjoy,VV,500+,word
212,small,small,JJ,500+,word
213,around,around,RB,500+,word
214,sit,sit,VV,500+,word
215,idea,idea,NN,500+,word
216,might,might,MD,500+,word
217,mother,mother,NN,500+,word
218,often,often,RB,500+,word
220,today,today,NN,500+,word
221,understand,understand,VV,500+,word
222,through,through,RB,500+,word
223,kind,kind,NN,500+,word
224,large,large,JJ,500+,word
225,read,read,VVD,500+,word
226,job,job,NN,500+,word
227,away,away,RB,500+,word
228,four,four,CD,500+,word
229,hour,hour,NN,500+,word
230,begin,begin,VV,500+,word
231,book,book,NN,500+,word
232,class,class,NN,500+,word
233,room,room,NN,500+,word
234,writer,writer,NN,500+,word
236,since,since,RB,500+,word
237,person,person,NN,500+,word
238,both,both,DT,500+,word
239,lose,lose,VV,500+,word
240,meet,meet,VV,500+,word
241,less,less,JJR,500+,word
242,during,during,IN,500+,word
243,stop,stop,VV,500+,word
244,type,type,NN,500+,word
245,off,off,RB,500+,word
246,week,week,NN,500+,word
248,best,best,RBS,500+,word
249,decide,decide,VV,500+,word
250,happen,happen,VV,500+,word
251,write,write,VV,500+,word
252,train,train,NN,500+,word
253,every,every,DT,500+,word
255,walk,walk,NN,500+,word
256,care,care,NN,500+,word
257,human,human,JJ,500+,word
258,order,order,NN,500+,word
259,age,age,NN,500+,word
260,bad,bad,JJ,500+,word
261,own,own,JJ,500+,word
263,again,again,RB,500+,word
264,American,american,NP,500+,word
265,course,course,NN,500+,word
266,plan,plan,NN,500+,word
267,end,end,NN,500+,word
268,fish,fish,NN,500+,word
269,night,night,NN,500+,word
270,without,without,IN,500+,word
272,computer,computer,NN,500+,word
273,english,english,JJ,500+,word
274,difficult,difficult,JJ,500+,word
275,five,five,CD,500+,word
277,sorry,sorry,RB,500+,word
278,stay,stay,VV,500+,word
279,enough,enough,RB,500+,word
280,game,game,NN,500+,word
281,language,language,NN,500+,word
282,TV,tv,NN,500+,word
284,early,early,RB,100+,word
285,move,move,NN,100+,word
286,hard,hard,RB,100+,word
287,point,point,NN,100+,word
288,between,between,RB,100+,word
289,store,store,NN,100+,word
290,ah,ah,NN,100+,word
291,living,living,NN,100+,word
292,movie,movie,NN,100+,word
293,please,please,UH,100+,word
294,question,question,NN,100+,word
295,sleep,sleep,NN,100+,word
296,name,name,NN,100+,word
297,true,true,,100+,word
298,far,far,RB,100+,word
299,line,line,NN,100+,word
300,reason,reason,NN,100+,word
301,remember,remember,VV,100+,word
302,someone,someone,NN,100+,word
303,visit,visit,NN,100+,word
304,believe,believe,VVP,100+,word
305,happy,happy,JJ,100+,word
306,table,table,NN,100+,word
307,though,though,RB,100+,word
309,soon,soon,RB,100+,word
310,story,story,NN,100+,word
311,until,until,IN,100+,word
312,mind,mind,NN,100+,word
313,bring,bring,VV,100+,word
314,hold,hold,VV,100+,word
317,sister,sister,NN,100+,word
319,animal,animal,NN,100+,word
320,area,area,NN,100+,word
321,easy,easy,JJ,100+,word
322,fact,fact,NN,100+,word
323,father,father,NN,100+,word
325,listen,listen,VV,100+,word
326,open,open,JJ,100+,word
327,almost,almost,RB,100+,word
328,although,although,IN,100+,word
329,finish,finish,NN,100+,word
330,information,information,NN,100+,word
331,choose,choose,VV,100+,word
332,face,face,NN,100+,word
333,front,front,NN,100+,word
334,girl,girl,NN,100+,word
335,trip,trip,NN,100+,word
336,doctor,doctor,NN,100+,word
337,fly,fly,VV,100+,word
338,water,water,NN,100+,word
339,big,big,JJ,100+,word
340,morning,morning,NN,100+,word
341,second,second,JJ,100+,word
342,sometimes,sometimes,RB,100+,word
343,stand,stand,NN,100+,word
344,close,close,NN,100+,word
345,grow,grow,VV,100+,word
347,minute,minute,NN,100+,word
348,travel,travel,NN,100+,word
349,worry,worry,NN,100+,word
350,answer,answer,NN,100+,word
353,park,park,NN,100+,word
354,side,side,NN,100+,word
356,health,health,NN,100+,word
357,realize,realize,VV,100+,word
358,light,light,NN,100+,word
359,love,love,NN,100+,word
360,speak,speak,VV,100+,word
362,sound,sound,NN,100+,word
363,together,together,RB,100+,word
366,catch,catch,VV,100+,word
367,dance,dance,NN,100+,word
368,explain,explain,VV,100+,word
369,past,past,JJ,100+,word
370,phone,phone,NN,100+,word
372,wear,wear,NN,100+,word
373,already,already,RB,100+,word
374,bus,bus,NN,100+,word
375,everyone,everyone,NN,100+,word
377,program,program,NN,100+,word
378,send,send,VV,100+,word
380,tree,tree,NN,100+,word
382,dog,dog,NN,100+,word
383,near,near,JJ,100+,word
384,receive,receive,VV,100+,word
385,set,set,VVN,100+,word
386,hope,hope,NN,100+,word
387,probably,probably,RB,100+,word
388,win,win,VV,100+,word
389,arrive,arrive,VV,100+,word
391,drive,drive,NN,100+,word
392,main,main,JJ,100+,word
393,meeting,meeting,NN,100+,word
394,quite,quite,RB,100+,word
395,toward,toward,IN,100+,word
396,wrong,wrong,JJ,100+,word
401,run,run,NN,100+,word
402,ever,ever,RB,100+,word
403,forget,forget,VV,100+,word
404,half,half,NN,100+,word
406,reach,reach,VV,100+,word
407,special,special,JJ,100+,word
408,top,top,JJ,100+,word
409,weather,weather,NN,100+,word
410,yet,yet,RB,100+,word
411,building,building,NN,100+,word
412,culture,culture,NN,100+,word
413,modern,modern,JJ,100+,word
414,shop,shop,NN,100+,word
415,station,station,NN,100+,word
416,usually,usually,RB,100+,word
417,anything,anything,NN,100+,word
419,future,future,NN,100+,word
421,noise,noise,NN,100+,word
422,percent,percent,NN,100+,word
423,report,report,NN,100+,word
424,tomorrow,tomorrow,NN,100+,word
425,break,break,NN,100+,word
426,center,center,NN,100+,word
427,member,member,NN,100+,word
430,ten,ten,CD,100+,word
431,whether,whether,IN,100+,word
433,cat,cat,NN,100+,word
434,head,head,NN,100+,word
435,party,party,NN,100+,word
437,chance,chance,NN,100+,word
438,climb,climb,NN,100+,word
440,miss,miss,VV,100+,word
442,son,son,NN,100+,word
444,month,month,NN,100+,word
447,among,among,IN,100+,word
448,case,case,NN,100+,word
450,lunch,lunch,NN,100+,word
452,wonder,wonder,NN,100+,word
453,air,air,NN,100+,word
454,coffee,coffee,NN,100+,word
455,color,color,NN,100+,word
456,door,door,NN,100+,word
457,drink,drink,NN,100+,word
458,feeling,feeling,NN,100+,word
460,seat,seat,NN,100+,word
461,yeah,yeah,RB,100+,word
463,brother,brother,NN,100+,word
464,flight,flight,NN,100+,word
465,letter,letter,NN,100+,word
467,sense,sense,NN,100+,word
469,social,social,JJ,100+,word
470,third,third,JJ,100+,word
471,under,under,RB,100+,word
473,moment,moment,NN,100+,word
476,once,once,RB,100+,word
477,rock,rock,NN,100+,word
478,summer,summer,NN,100+,word
479,town,town,NN,100+,word
480,white,white,JJ,100+,word
481,afraid,afraid,JJ,100+,word
482,body,body,NN,100+,word
484,carry,carry,VV,100+,word
486,else,else,RB,100+,word
488,least,least,JJS,100+,word
489,popular,popular,JJ,100+,word
493,shopping,shopping,NN,100+,word
495,sport,sport,NN,100+,word
498,dictionary,dictionary,NN,100+,word
499,monkey,monkey,NN,100+,word
500,share,share,NN,100+,word
501,wife,wife,NN,100+,word
502,along,along,RB,100+,word
503,behind,behind,RB,100+,word
504,business,business,NN,100+,word
505,chair,chair,NN,100+,word
506,check,check,NN,100+,word
507,clock,clock,NN,100+,word
508,cold,cold,JJ,100+,word
510,evening,evening,NN,100+,word
512,interesting,interesting,JJ,100+,word
514,mark,mark,NN,100+,word
515,market,market,NN,100+,word
516,nice,nice,JJ,100+,word
519,present,present,JJ,100+,word
520,street,street,NN,100+,word
522,common,common,JJ,100+,word
523,interested,interested,JJ,100+,word
524,nothing,nothing,NN,100+,word
528,alone,alone,RB,100+,word
530,finally,finally,RB,100+,word
531,guess,guess,NN,100+,word
532,maybe,maybe,RB,100+,word
534,paint,paint,NN,100+,word
536,restaurant,restaurant,NN,100+,word
537,return,return,NN,100+,word
538,short,short,JJ,100+,word
539,solve,solve,VV,100+,word
540,space,space,NN,100+,word
542,strong,strong,JJ,100+,word
543,teach,teach,VV,100+,word
547,against,against,IN,100+,word
548,company,company,NN,100+,word
552,floor,floor,NN,100+,word
555,office,office,NN,100+,word
556,pass,pass,VV,100+,word
558,pick,pick,VV,100+,word
559,player,player,NN,100+,word
560,price,price,NN,100+,word
561,sell,sell,VV,100+,word
562,step,step,NN,100+,word
563,suddenly,suddenly,RB,100+,word
567,cut,cut,NN,100+,word
569,easily,easily,RB,100+,word
570,exercise,exercise,NN,100+,word
572,fast,fast,RB,100+,word
575,paper,paper,NN,100+,word
576,plant,plant,NN,100+,word
578,wish,wish,NN,100+,word
579,bag,bag,NN,100+,word
583,dinner,dinner,NN,100+,word
584,hundred,hundred,CD,100+,word
585,international,international,JJ,100+,word
587,join,join,VV,100+,word
588,newspaper,newspaper,NN,100+,word
589,practice,practice,NN,100+,word
590,rain,rain,NN,100+,word
591,sign,sign,NN,100+,word
593,art,art,NN,100+,word
597,energy,energy,NN,100+,word
599,matter,matter,NN,100+,word
600,myself,myself,PP,100+,word
601,quickly,quickly,RB,100+,word
603,smile,smile,NN,100+,word
604,baby,baby,NN,100+,word
605,century,century,NN,100+,word
606,chocolate,chocolate,NN,100+,word
608,dress,dress,NN,100+,word
610,scientist,scientist,NN,100+,word
611,six,six,CD,100+,word
612,themselves,themselves,PP,100+,word
613,across,across,RB,100+,word
614,card,card,NN,100+,word
615,fall,fall,NN,100+,word
616,heavy,heavy,JJ,100+,word
617,machine,machine,NN,100+,word
618,natural,natural,JJ,100+,word
621,telephone,telephone,NN,100+,word
622,ago,ago,RB,100+,word
625,busy,busy,JJ,100+,word
626,event,event,NN,100+,word
627,eye,eye,NN,100+,word
628,free,free,JJ,100+,word
629,hi,hi,UH,100+,word
632,necessary,necessary,JJ,100+,word
635,tired,tired,JJ,100+,word
636,daily,daily,JJ,100+,word
638,expensive,expensive,JJ,100+,word
640,hair,hair,NN,100+,word
643,mountain,mountain,NN,100+,word
645,tea,tea,NN,100+,word
647,video,video,NN,100+,word
648,window,window,NN,100+,word
649,beautiful,beautiful,JJ,100+,word
652,discover,discover,VV,100+,word
655,especially,especially,RB,100+,word
656,finger,finger,NN,100+,word
657,French,french,JJ,100+,word
658,fruit,fruit,NN,100+,word
659,hot,hot,JJ,100+,word
660,husband,husband,NN,100+,word
661,museum,museum,NN,100+,word
663,outside,outside,JJ,100+,word
666,raise,raise,VV,100+,word
667,simple,simple,JJ,100+,word
672,advice,advice,NN,100+,word
675,fine,fine,NN,100+,word
676,homework,homework,NN,100+,word
677,lady,lady,NN,100+,word
678,million,million,CD,100+,word
680,perhaps,perhaps,RB,100+,word
685,swim,swim,VVP,100+,word
686,ticket,ticket,NN,100+,word
688,wood,wood,NN,100+,word
690,America,america,NP,100+,word
691,bicycle,bicycle,NN,100+,word
692,bit,bit,NN,100+,word
693,box,box,NN,100+,word
694,camp,camp,NN,100+,word
695,chinese,chinese,NN,100+,word
696,collect,collect,VV,100+,word
697,corner,corner,NN,100+,word
700,fishing,fishing,NN,100+,word
702,low,low,JJ,100+,word
703,news,news,NN,100+,word
704,real,real,JJ,100+,word
705,ride,ride,NN,100+,word
706,save,save,VV,100+,word
708,shirt,shirt,NN,100+,word
709,test,test,NN,100+,word
710,tooth,tooth,NN,100+,word
712,useful,useful,JJ,100+,word
714,bed,bed,NN,100+,word
715,china,china,NN,100+,word
716,club,club,NN,100+,word
718,drop,drop,NN,100+,word
720,everything,everything,NN,100+,word
723,garden,garden,NN,100+,word
725,road,road,NN,100+,word
726,symbol,symbol,NN,100+,word
729,within,within,IN,100+,word
731,abroad,abroad,RB,100+,word
732,angry,angry,JJ,100+,word
733,bat,bat,NN,100+,word
734,birthday,birthday,NN,100+,word
735,clean,clean,JJ,100+,word
737,daughter,daughter,NN,100+,word
738,either,either,RB,100+,word
741,famous,famous,JJ,100+,word
742,full,full,JJ,100+,word
743,fun,fun,NN,100+,word
744,history,history,NN,100+,word
746,nature,nature,NN,100+,word
749,rest,rest,NN,100+,word
751,sea,sea,NN,100+,word
752,shall,shall,MD,100+,word
757,afternoon,afternoon,NN,100+,word
758,ball,ball,NN,100+,word
759,black,black,JJ,100+,word
761,couple,couple,NN,100+,word
762,enter,enter,VV,100+,word
763,excuse,excuse,NN,100+,word
765,mistake,mistake,NN,100+,word
766,police,police,NNS,100+,word
769,record,record,NN,100+,word
771,airplane,airplane,NN,100+,word
772,anyone,anyone,NN,100+,word
773,bank,bank,NN,100+,word
776,crowd,crowd,NN,100+,word
780,glad,glad,JJ,100+,word
781,glass,glass,NN,100+,word
782,lesson,lesson,NN,100+,word
783,list,list,NN,100+,word
784,meaning,meaning,NN,100+,word
785,painting,painting,NN,100+,word
786,piece,piece,NN,100+,word
787,power,power,NN,100+,word
789,red,red,JJ,100+,word
790,rise,rise,NN,100+,word
792,size,size,NN,100+,word
794,vacation,vacation,NN,100+,word
795,whole,whole,JJ,100+,word
796,addition,addition,NN,100+,word
797,Australia,australia,NP,100+,word
800,cheese,cheese,NN,100+,word
802,concert,concert,NN,100+,word
803,dollar,dollar,NN,100+,word
805,fail,fail,VV,100+,word
806,foot,foot,NN,100+,word
808,interest,interest,NN,100+,lemma
809,mom,mom,NN,100+,word
810,photo,photo,NN,100+,word
811,science,science,NN,100+,word
812,speech,speech,NN,100+,word
814,voice,voice,NN,100+,word
815,winter,winter,NN,100+,word
816,above,above,RB,100+,word
822,himself,himself,PP,100+,word
823,holiday,holiday,NN,100+,word
824,hurt,hurt,VVN,100+,word
825,imagine,imagine,VV,100+,word
826,include,include,VVP,100+,lemma
829,neighbor,neighbor,NN,100+,word
832,radio,radio,NN,100+,word
833,ready,ready,JJ,100+,word
837,seven,seven,CD,100+,word
838,smell,smell,NN,100+,word
839,tonight,tonight,RB,100+,word
841,wall,wall,NN,100+,word
844,bird,bird,NN,100+,word
845,borrow,borrow,VV,100+,word
848,certain,certain,JJ,100+,word
850,cover,cover,VV,100+,word
852,discuss,discuss,VV,100+,word
853,dish,dish,NN,100+,word
855,fill,fill,VV,100+,word
856,flower,flower,NN,100+,word
857,gas,gas,NN,100+,word
863,mine,mine,NN,100+,word
864,plane,plane,NN,100+,word
866,shout,shout,NN,100+,word
869,uncle,uncle,NN,100+,word
870,vegetable,vegetable,NN,100+,word
871,west,west,RB,100+,word
872,add,add,VV,100+,word
875,artist,artist,NN,100+,word
877,dad,dad,NN,100+,word
878,fell,fell,VVD,100+,word
879,herself,herself,PP,100+,word
880,host,host,NN,100+,word
882,inside,inside,RB,100+,word
890,recently,recently,RB,100+,word
891,reply,reply,NN,100+,word
892,sale,sale,NN,100+,word
893,select,select,JJ,100+,word
895,smoke,smoke,NN,100+,word
896,straight,straight,RB,100+,word
898,touch,touch,NN,100+,word
900,action,action,NN,100+,word
901,airport,airport,NN,100+,word
902,apartment,apartment,NN,100+,word
906,build,build,VV,100+,word
907,camera,camera,NN,100+,word
908,careful,careful,JJ,100+,word
911,cry,cry,NN,100+,word
912,eight,eight,CD,100+,word
913,hit,hit,VVD,100+,word
917,oil,oil,NN,100+,word
918,pet,pet,NN,100+,word
920,planet,planet,NN,100+,word
921,poor,poor,JJ,100+,word
922,position,position,NN,100+,word
923,race,race,NN,100+,word
927,strange,strange,JJ,100+,word
930,warm,warm,JJ,100+,word
931,wash,wash,NN,100+,word
932,yesterday,yesterday,NN,100+,word
941,desk,desk,NN,100+,word
942,die,die,VV,100+,word
945,final,final,JJ,100+,word
946,green,green,JJ,100+,word
947,hill,hill,NN,100+,word
948,ice,ice,NN,100+,word
949,itself,itself,PP,100+,word
951,magazine,magazine,NN,100+,word
955,pretty,pretty,RB,100+,word
958,success,success,NN,100+,word
959,supermarket,supermarket,NN,100+,word
961,throughout,throughout,RB,100+,word
964,anyway,anyway,RB,100+,word
965,blue,blue,JJ,100+,word
966,carefully,carefully,RB,100+,word
967,cloth,cloth,NN,100+,word
968,college,college,NN,100+,word
969,date,date,NN,100+,word
970,driver,driver,NN,100+,word
972,europe,europe,NN,100+,word
974,festival,festival,NN,100+,word
975,fight,fight,NN,100+,word
976,further,further,RBR,100+,word
979,land,land,NN,100+,word
981,laugh,laugh,NN,100+,word
982,lie,lie,NN,100+,word
983,lucky,lucky,JJ,100+,word
984,marry,marry,VV,100+,word
985,medicine,medicine,NN,100+,word
986,mile,mile,NN,100+,word
987,north,north,RB,100+,word
991,promise,promise,NN,100+,word
993,safe,safe,JJ,100+,word
997,thirty,thirty,CD,100+,word
998,weekend,weekend,NN,100+,word
999,welcome,welcome,JJ,100+,word
1002,classmate,classmate,NN,100+,word
1005,favorite,favorite,JJ,100+,word
1009,healthy,healthy,JJ,100+,word
1011,knife,knife,NN,100+,word
1015,middle,middle,NN,100+,word
1017,neither,neither,RB,100+,word
1020,river,river,NN,100+,word
1021,Saturday,saturday,NP,100+,word
1023,south,south,RB,100+,word
1025,team,team,NN,100+,word
1026,tour,tour,NN,100+,word
1027,volunteer,volunteer,NN,100+,word
1028,arm,arm,NN,100+,word
1032,cook,cook,NN,100+,word
1035,egg,egg,NN,100+,word
1036,except,except,VV,100+,word
1037,friday,friday,NN,100+,word
1042,kitchen,kitchen,NN,100+,word
1043,library,library,NN,100+,word
1044,meat,meat,NN,100+,word
1045,noisy,noisy,JJ,100+,word
1046,none,none,NN,100+,word
1048,piano,piano,NN,100+,word
1050,quiet,quiet,JJ,100+,word
1054,sun,sun,NN,100+,word
1056,wonderful,wonderful,JJ,100+,word
1057,accident,accident,NN,100+,word
1059,ahead,ahead,RB,100+,word
1060,aunt,aunt,NN,100+,word
1068,draw,draw,VV,100+,word
1069,dream,dream,NN,100+,word
1075,farmer,farmer,NN,100+,word
1077,gift,gift,NN,100+,word
1078,ground,ground,NN,100+,word
1079,heart,heart,NN,100+,word
1081,hobby,hobby,NN,100+,word
1083,introduce,introduce,VV,100+,word
1084,kill,kill,VV,100+,word
1088,onto,onto,IN,100+,word
1089,personal,personal,JJ,100+,word
1091,push,push,NN,100+,word
1092,rat,rat,NN,100+,word
1094,row,row,NN,100+,word
1099,tear,tear,NN,100+,word
1100,throw,throw,VV,100+,word
1101,visitor,visitor,NN,100+,word
1102,wide,wide,JJ,100+,word
1107,boat,boat,NN,100+,word
1108,brown,brown,JJ,100+,word
1113,danger,danger,NN,100+,word
1115,earth,earth,NN,100+,word
1116,excited,excited,JJ,100+,word
1117,exciting,exciting,JJ,100+,word
1121,goal,goal,NN,100+,word
1122,grandmother,grandmother,NN,100+,word
1123,guest,guest,NN,100+,word
1127,hello,hello,NN,100+,word
1129,hotel,hotel,NN,100+,word
1131,musician,musician,NN,100+,word
1132,national,national,JJ,100+,word
1135,per,per,FW,100+,word
1136,pool,pool,NN,100+,word
1137,sick,sick,JJ,100+,word
1139,theater,theater,NN,100+,word
1143,twenty,twenty,CD,100+,word
1145,village,village,NN,100+,word
1147,address,address,NN,100+,word
1149,beach,beach,NN,100+,word
1150,beauty,beauty,NN,100+,word
1152,cute,cute,JJ,100+,word
1154,despite,despite,IN,100+,word
1160,east,east,JJ,100+,word
1164,fourth,fourth,JJ,100+,word
1166,invite,invite,VV,100+,word
1169,match,match,NN,100+,word
1170,memory,memory,NN,100+,word
1173,professional,professional,JJ,100+,word
1179,slow,slow,JJ,100+,word
1180,spoke,spoke,VVD,100+,word
1181,stranger,stranger,NN,100+,word
1182,subject,subject,JJ,100+,word
1183,succeed,succeed,VV,100+,word
1184,tie,tie,NN,100+,word
1185,training,training,NN,100+,word
1186,war,war,NN,100+,word
1187,yourself,yourself,PP,100+,word
1191,baseball,baseball,NN,50+,word
1193,blood,blood,NN,50+,word
1197,coat,coat,NN,50+,word
1199,cup,cup,NN,50+,word
1200,damage,damage,NN,50+,word
1201,dear,dear,RB,50+,word
1208,fifteen,fifteen,CD,50+,word
1214,hall,hall,NN,50+,word
1215,including,including,VVG,50+,word
1216,lake,lake,NN,50+,word
1218,Monday,monday,NP,50+,word
1220,orange,orange,NN,50+,word
1222,page,page,NN,50+,word
1223,pair,pair,NN,50+,word
1227,quick,quick,JJ,50+,word
1230,round,round,NN,50+,word
1238,Sunday,sunday,NP,50+,word
1239,tall,tall,JJ,50+,word
1240,tennis,tennis,NN,50+,word
1241,thousand,thousand,CD,50+,word
1242,toy,toy,NN,50+,word
1243,unless,unless,IN,50+,word
1246,whose,whose,WP$,50+,word
1248,calm,calm,JJ,50+,word
1249,Canada,canada,NP,50+,word
1250,clerk,clerk,NN,50+,word
1255,desert,desert,NN,50+,word
1258,discussion,discussion,NN,50+,word
1264,hole,hole,NN,50+,word
1265,hospital,hospital,NN,50+,word
1268,island,island,NN,50+,word
1270,lend,lend,VV,50+,word
1272,milk,milk,NN,50+,word
1273,mix,mix,NN,50+,word
1275,nurse,nurse,NN,50+,word
1286,slowly,slowly,RB,50+,word
1287,square,square,JJ,50+,word
1292,twelve,twelve,NN,50+,word
1294,unlike,unlike,IN,50+,word
1296,usual,usual,JJ,50+,word
1297,wind,wind,NN,50+,word
1299,beside,beside,RB,50+,word
1300,besides,besides,RB,50+,word
1303,central,central,JJ,50+,word
1304,certainly,certainly,RB,50+,word
1305,classroom,classroom,NN,50+,word
1311,dry,dry,JJ,50+,word
1313,everybody,everybody,NN,50+,word
1323,India,india,NP,50+,word
1324,instrument,instrument,NN,50+,word
1325,jump,jump,NN,50+,word
1326,London,london,NP,50+,word
1328,march,march,NN,50+,word
1330,model,model,NN,50+,word
1347,sky,sky,NN,50+,word
1349,soccer,soccer,NN,50+,word
1354,twice,twice,RB,50+,word
1355,waste,waste,NN,50+,word
1356,weak,weak,JJ,50+,word
1358,wild,wild,JJ,50+,word
1360,youth,youth,NN,50+,word
1366,citizen,citizen,NN,50+,word
1370,dark,dark,JJ,50+,word
1371,death,death,NN,50+,word
1372,deep,deep,JJ,50+,word
1373,destroy,destroy,VV,50+,word
1376,england,england,NN,50+,word
1379,film,film,NN,50+,word
1380,fork,fork,NN,50+,word
1381,fresh,fresh,JJ,50+,word
1385,glove,glove,NN,50+,word
1386,hamburger,hamburger,NN,50+,word
1393,loud,loud,RB,50+,word
1394,luck,luck,NN,50+,word
1396,map,map,NN,50+,word
1398,mouth,mouth,NN,50+,word
1399,musical,musical,JJ,50+,word
1406,pen,pen,NN,50+,word
1408,pond,pond,NN,50+,word
1410,post,post,NN,50+,word
1420,shock,shock,NN,50+,word
1421,snack,snack,NN,50+,word
1422,snow,snow,NN,50+,word
1423,Spain,spain,NP,50+,word
1426,suit,suit,NN,50+,word
1429,tomato,tomato,NN,50+,word
1432,worth,worth,JJ,50+,word
1433,yen,yen,NN,50+,word
1443,belong,belong,VV,50+,word
1451,cooking,cooking,NN,50+,word
1460,funny,funny,JJ,50+,word
1464,grape,grape,NN,50+,word
1465,gym,gym,NN,50+,word
1466,habit,habit,NN,50+,word
1467,hairstyle,hairstyle,NN,50+,word
1468,happiness,happiness,NN,50+,word
1469,Hawaii,hawaii,NP,50+,word
1470,hey,hey,UH,50+,word
1477,meter,meter,NN,50+,word
1481,mouse,mouse,NN,50+,word
1482,nobody,nobody,NN,50+,word
1484,ought,ought,MD,50+,word
1491,rich,rich,JJ,50+,word
1492,ship,ship,NN,50+,word
1493,shoe,shoe,NN,50+,word
1494,signal,signal,NN,50+,word
1496,sweet,sweet,JJ,50+,word
1502,umbrella,umbrella,NN,50+,word
1503,uniform,uniform,NN,50+,word
1507,yours,yours,PP$,50+,word
1508,zoo,zoo,NN,50+,word
1511,arrow,arrow,NN,50+,word
1515,bar,bar,NN,50+,word
1516,bedroom,bedroom,NN,50+,word
1520,bottle,bottle,NN,50+,word
1521,circle,circle,NN,50+,word
1528,crazy,crazy,JJ,50+,word
1529,cross,cross,NN,50+,word
1534,dirty,dirty,JJ,50+,word
1543,field,field,NN,50+,word
1550,July,july,NP,50+,word
1552,leg,leg,NN,50+,word
1554,lonely,lonely,JJ,50+,word
1557,nine,nine,CD,50+,word
1569,root,root,NN,50+,word
1570,rose,rose,VVD,50+,word
1573,season,season,NN,50+,word
1575,shoot,shoot,NN,50+,word
1578,spring,spring,NN,50+,word
1580,stone,stone,NN,50+,word
1583,tape,tape,NN,50+,word
1585,trade,trade,NN,50+,word
1592,wet,wet,JJ,50+,word
1593,yard,yard,NN,50+,word
1594,zone,zone,NN,50+,word
1611,bridge,bridge,NN,50+,word
1613,cap,cap,NN,50+,word
1614,captain,captain,NN,50+,word
1622,delicious,delicious,JJ,50+,word
1627,elevator,elevator,NN,50+,word
1633,fifty,fifty,CD,50+,word
1638,hat,hat,NN,50+,word
1639,hurry,hurry,NN,50+,word
1644,June,june,NP,50+,word
1645,key,key,JJ,50+,word
1648,math,math,NN,50+,word
1649,medium,medium,NN,50+,word
1655,peanut,peanut,NN,50+,word
1666,rice,rice,NN,50+,word
1668,rush,rush,NN,50+,word
1672,shoulder,shoulder,NN,50+,word
1673,sixty,sixty,CD,50+,word
1674,ski,ski,NN,50+,word
1676,snake,snake,NN,50+,word
1677,soft,soft,JJ,50+,word
1680,subway,subway,NN,50+,word
1687,valley,valley,NN,50+,word
1698,bear,bear,NN,50+,word
1699,billion,billion,CD,50+,word
1700,breakfast,breakfast,NN,50+,word
1701,bright,bright,JJ,50+,word
1704,chicken,chicken,NN,50+,word
1713,copy,copy,NN,50+,word
1722,fat,fat,JJ,50+,word
1724,fifth,fifth,JJ,50+,word
1725,fire,fire,NN,50+,word
1726,friendly,friendly,JJ,50+,word
1732,grandfather,grandfather,NN,50+,word
1736,hungry,hungry,JJ,50+,word
1739,indeed,indeed,RB,50+,word
1745,lay,lay,VVD,50+,word
1749,lip,lip,NN,50+,word
1751,mail,mail,NN,50+,word
1763,print,print,NN,50+,word
1764,prize,prize,NN,50+,word
1770,ring,ring,NN,50+,word
1774,salesclerk,salesclerk,NN,50+,word
1778,sort,sort,NN,50+,word
1782,star,star,NN,50+,word
1785,taxi,taxi,NN,50+,word
1791,upon,upon,RB,50+,word
1793,waiter,waiter,NN,50+,word
1797,advise,advise,VV,50+,word
1800,apple,apple,NN,50+,word
1801,army,army,NN,50+,word
1803,August,august,NP,50+,word
1805,band,band,NN,50+,word
1806,bean,bean,NN,50+,word
1809,bookstore,bookstore,NN,50+,word
1814,cake,cake,NN,50+,word
1817,climate,climate,NN,50+,word
1818,cloud,cloud,NN,50+,word
1825,cool,cool,JJ,50+,word
1831,custom,custom,NN,50+,word
1834,disease,disease,NN,50+,word
1835,dislike,dislike,NN,50+,word
1839,entrance,entrance,NN,50+,word
1844,exam,exam,NN,50+,word
1847,factory,factory,NN,50+,word
1850,forest,forest,NN,50+,word
1853,gate,gate,NN,50+,word
1854,grade,grade,NN,50+,word
1855,guide,guide,NN,50+,word
1858,ill,ill,RB,50+,word
1860,invent,invent,VV,50+,word
1866,juice,juice,NN,50+,word
1867,kilometer,kilometer,NN,50+,word
1869,king,king,NN,50+,word
1871,law,law,NN,50+,word
1878,nor,nor,CC,50+,word
1879,ocean,ocean,NN,50+,word
1883,pain,pain,NN,50+,word
1884,pal,pal,NN,50+,word
1892,puppy,puppy,NN,50+,word
1893,quietly,quietly,RB,50+,word
1901,sad,sad,JJ,50+,word
1908,song,song,NN,50+,word
1918,Thursday,thursday,NP,50+,word
1923,Tuesday,tuesday,NP,50+,word
1925,twentieth,twentieth,JJ,50+,word
1929,Wednesday,wednesday,NP,50+,word
1930,weekly,weekly,JJ,50+,word
1933,worst,worst,JJS,50+,word
1935,yellow,yellow,JJ,50+,word
1936,absent,absent,JJ,10+,word
1945,Asia,asia,NP,10+,word
1951,branch,branch,NN,10+,word
1959,cherry,cherry,JJ,10+,word
1960,chicago,chicago,NN,10+,word
1962,cousin,cousin,NN,10+,word
1971,enemy,enemy,NN,10+,word
1978,fond,fond,JJ,10+,word
1982,grandparent,grandparent,NN,10+,word
1994,iron,iron,NN,10+,word
1996,jeans,jeans,NNS,10+,word
1997,junior,junior,JJ,10+,word
2017,peaceful,peaceful,JJ,10+,word
2019,picnic,picnic,NN,10+,word
2020,pilot,pilot,NN,10+,word
2021,plate,plate,NN,10+,word
2024,railway,railway,NN,10+,word
2029,reporter,reporter,NN,10+,word
2033,salad,salad,NN,10+,word
2036,September,september,NP,10+,word
2048,sweater,sweater,NN,10+,word
2050,tent,tent,NN,10+,word
2051,tire,tire,NN,10+,lemma
2060,wine,wine,NN,10+,word
2072,anybody,anybody,NN,10+,word
2075,April,april,NP,10+,word
2081,basketball,basketball,NN,10+,word
2082,bell,bell,NN,10+,word
2083,beyond,beyond,RB,10+,word
2084,bike,bike,NN,10+,word
2086,bowl,bowl,NN,10+,word
2087,brush,brush,NN,10+,word
2090,bye,bye,NN,10+,word
2092,cafeteria,cafeteria,NN,10+,word
2094,capital,capital,NN,10+,word
2110,cow,cow,NN,10+,word
2116,dentist,dentist,NN,10+,word
2118,dessert,dessert,NN,10+,word
2121,drama,drama,NN,10+,word
2123,elephant,elephant,NN,10+,word
2124,engineer,engineer,NN,10+,word
2129,farm,farm,NN,10+,word
2130,fence,fence,NN,10+,word
2131,flat,flat,JJ,10+,word
2136,hometown,hometown,NN,10+,word
2137,honest,honest,JJ,10+,word
2138,hunt,hunt,NN,10+,word
2145,jewel,jewel,NN,10+,word
2146,joy,joy,NN,10+,word
2147,knee,knee,NN,10+,word
2149,lazy,lazy,JJ,10+,word
2158,moon,moon,NN,10+,word
2170,ourselves,ourselves,PP,10+,word
2171,oven,oven,NN,10+,word
2172,pale,pale,JJ,10+,word
2175,peace,peace,NN,10+,word
2176,pencil,pencil,NN,10+,word
2181,pianist,pianist,NN,10+,word
2187,rabbit,rabbit,NN,10+,word
2189,raw,raw,JJ,10+,word
2200,secret,secret,JJ,10+,word
2202,shake,shake,NN,10+,word
2204,shot,shot,NN,10+,word
2205,sleepy,sleepy,JJ,10+,word
2208,somebody,somebody,NN,10+,word
2209,someday,someday,RB,10+,word
2213,stamp,stamp,NN,10+,word
2215,sunny,sunny,JJ,10+,word
2221,Thailand,thailand,NP,10+,word
2223,till,till,NN,10+,word
2224,tiny,tiny,JJ,10+,word
2227,treasure,treasure,NN,10+,word
2236,wave,wave,NN,10+,word
2237,whom,whom,WP,10+,word
2241,actor,actor,NN,10+,word
2258,blow,blow,NN,10+,word
2286,diary,diary,NN,10+,word
2290,drum,drum,VV,10+,word
2291,duck,duck,NN,10+,word
2292,ear,ear,NN,10+,word
2302,flute,flute,NN,10+,word
2303,foolish,foolish,JJ,10+,word
2304,forever,forever,RB,10+,word
2306,forty,forty,NN,10+,word
2308,gently,gently,RB,10+,word
2312,guitar,guitar,NN,10+,word
2322,Italy,italy,NP,10+,word
2324,knock,knock,NN,10+,word
2343,oneself,oneself,PP,10+,word
2353,pie,pie,NN,10+,word
2356,policeman,policeman,NN,10+,word
2359,president,president,NN,10+,word
2381,roof,roof,NN,10+,word
2392,shower,shower,NN,10+,word
2406,surely,surely,RB,10+,word
2412,textbook,textbook,NN,10+,word
2436,album,album,NN,10+,word
2445,autumn,autumn,NN,10+,word
2474,courage,courage,NN,10+,word
2481,dozen,dozen,NN,10+,word
2512,gold,gold,NN,10+,word
2515,gray,gray,JJ,10+,word
2522,honey,honey,NN,10+,word
2533,jam,jam,NN,10+,word
2544,melon,melon,NN,10+,word
2545,menu,menu,NN,10+,word
2550,net,net,JJ,10+,word
2552,noon,noon,NN,10+,word
2554,onion,onion,NN,10+,word
2557,ours,ours,JJ,10+,word
2560,palace,palace,NN,10+,word
2565,pizza,pizza,NN,10+,word
2567,pocket,pocket,NN,10+,word
2571,postcard,postcard,NN,10+,word
2583,racket,racket,NN,10+,word
2598,sail,sail,NN,10+,word
2600,sandwich,sandwich,NN,10+,word
2605,senior,senior,JJ,10+,word
2610,shine,shine,NN,10+,word
2613,singer,singer,NN,10+,word
2619,stadium,stadium,NN,10+,word
2622,strike,strike,NN,10+,word
2634,unhappy,unhappy,JJ,10+,word
2641,whereas,whereas,IN,10+,word
2657,ashamed,ashamed,JJ,10+,word
2665,bath,bath,NN,10+,word
2672,belt,belt,NN,10+,word
2676,boil,boil,NN,10+,word
2677,bread,bread,NN,10+,word
2682,candy,candy,NN,10+,word
2684,carpet,carpet,NN,10+,word
2700,cookie,cookie,NN,10+,word
2712,december,december,NN,10+,word
2727,eighteen,eighteen,CD,10+,word
2728,eighteenth,eighteenth,JJ,10+,word
2744,everywhere,everywhere,RB,10+,word
2753,fool,fool,NN,10+,word
2766,god,god,NN,10+,word
2767,golf,golf,NN,10+,word
2772,grass,grass,NN,10+,word
2775,haircut,haircut,NN,10+,word
2777,happily,happily,RB,10+,word
2778,hers,hers,PP,10+,word
2783,horse,horse,NN,10+,word
2812,leaf,leaf,NN,10+,word
2821,merry,merry,JJ,10+,word
2828,nest,nest,NN,10+,word
2831,notebook,notebook,NN,10+,word
2836,painter,painter,NN,10+,word
2852,potato,potato,NN,10+,word
2859,quiz,quiz,NN,10+,word
2872,sentence,sentence,NN,10+,word
2874,seventeen,seventeen,CD,10+,word
2875,shade,shade,NN,10+,word
2878,silent,silent,JJ,10+,word
2879,silver,silver,NN,10+,word
2883,skirt,skirt,NN,10+,word
2886,sock,sock,NN,10+,word
2888,sometime,sometime,RB,10+,word
2890,soup,soup,NN,10+,word
2899,sugar,sugar,NN,10+,word
2911,thirteen,thirteen,CD,10+,word
2938,watermelon,watermelon,NN,10+,word
2956,alongside,alongside,RB,10+,word
2973,awake,awake,RB,10+,word
2978,barber,barber,NN,10+,word
2984,bench,bench,NN,10+,word
2985,beneath,beneath,RB,10+,word
2986,blackboard,blackboard,NN,10+,word
2998,calendar,calendar,NN,10+,word
3005,chain,chain,NN,10+,word
3013,clever,clever,JJ,10+,word
3016,cloudy,cloudy,JJ,10+,word
3019,comic,comic,JJ,10+,word
3043,dancer,dancer,NN,10+,word
3063,DVD,dvd,NN,10+,word
3067,eighty,eighty,CD,10+,word
3081,february,february,JJ,10+,word
3099,gram,gram,NN,10+,word
3107,gun,gun,NN,10+,word
3109,hamster,hamster,NN,10+,word
3116,holy,holy,JJ,10+,word
3146,lovely,lovely,JJ,10+,word
3163,monster,monster,NN,10+,word
3164,monthly,monthly,JJ,10+,word
3180,nineteenth,nineteenth,JJ,10+,word
3181,nose,nose,NN,10+,word
3208,plus,plus,RB,10+,word
3213,pop,pop,NN,10+,word
3216,pot,pot,NN,10+,word
3255,runner,runner,NN,10+,word
3269,seventy,seventy,CD,10+,word
3275,sing,sing,VV,10+,word
3277,sixteen,sixteen,CD,10+,word
3320,title,title,NN,10+,word
3321,toast,toast,NN,10+,word
3325,tower,tower,NN,10+,word
3355,volleyball,volleyball,NN,10+,word
3357,waitress,waitress,NN,10+,word
3358,wake,wake,NN,10+,word
3364,whoever,whoever,WP,10+,word
3370,zero,zero,CD,10+,word
3406,bake,bake,NN,10+,word
3435,candle,candle,NN,10+,word
3441,cent,cent,NN,10+,word
3444,Christmas,christmas,NP,10+,word
3445,church,church,NN,10+,word
3462,contest,contest,NN,10+,word
3466,costume,costume,NN,10+,word
3504,dolphin,dolphin,NN,10+,word
3520,eighth,eighth,JJ,10+,word
3525,eleven,eleven,NN,10+,word
3555,fan,fan,NN,10+,word
3583,fourteen,fourteen,NN,10+,word
3587,frog,frog,NN,10+,word
3592,garbage,garbage,NN,10+,word
3595,gentle,gentle,JJ,10+,word
3619,heaven,heaven,NN,10+,word
3676,kiss,kiss,NN,10+,word
3691,lion,lion,NN,10+,word
3695,locker,locker,NN,10+,word
3714,merchant,merchant,NN,10+,word
3716,midnight,midnight,NN,10+,word
3748,October,october,NP,10+,word
3766,parade,parade,NN,10+,word
3796,poster,poster,NN,10+,word
3813,purple,purple,JJ,10+,word
3821,rainy,rainy,JJ,10+,word
3824,reading,reading,NN,10+,word
3859,salt,salt,NN,10+,word
3880,seventeenth,seventeenth,JJ,10+,word
3892,sixth,sixth,JJ,10+,word
3908,spell,spell,NN,10+,word
3915,statue,statue,NN,10+,word
3942,temple,temple,NN,10+,word
3946,tenth,tenth,NN,10+,word
3948,theirs,theirs,PP,10+,word
3972,underneath,underneath,RB,10+,word
3994,via,via,IN,10+,word
