decision,action,source_rank,word,lemma,pos,form_type,sense_id,meaning_ja,level,importance,category,note,note2,center_word_original,center_pos,center_pmw
add,add,894,serious,serious,adjective,base,1,,high_school,2,center_exam,センター試験語彙リスト由来。意味は要補充,center_pos=JJ; center_pmw=100+,serious,JJ,100+
add,add,897,successful,successful,adjective,base,1,,high_school,2,center_exam,センター試験語彙リスト由来。意味は要補充,center_pos=JJ; center_pmw=100+,successful,JJ,100+
add,add,899,upset,upset,adjective,base,1,,high_school,2,center_exam,センター試験語彙リスト由来。意味は要補充,center_pos=JJ; center_pmw=100+,upset,JJ,100+
add,add,903,atmosphere,atmosphere,noun,base,1,,high_school,2,center_exam,センター試験語彙リスト由来。意味は要補充,center_pos=NN; center_pmw=100+,atmosphere,NN,100+
add,add,904,attract,attract,verb,base,1,,high_school,2,center_exam,センター試験語彙リスト由来。意味は要補充,center_pos=VV; center_pmw=100+,attract,VV,100+
add,add,905,benefit,benefit,noun,base,1,,high_school,2,center_exam,センター試験語彙リスト由来。意味は要補充,center_pos=NN; center_pmw=100+,benefit,NN,100+
add,add,909,choice,choice,noun,base,1,,high_school,2,center_exam,センター試験語彙リスト由来。意味は要補充,center_pos=NN; center_pmw=100+,choice,NN,100+
add,add,910,communicate,communicate,verb,base,1,,high_school,2,center_exam,センター試験語彙リスト由来。意味は要補充,center_pos=VV; center_pmw=100+,communicate,VV,100+
add,add,914,meal,meal,noun,base,1,,high_school,2,center_exam,センター試験語彙リスト由来。意味は要補充,center_pos=NN; center_pmw=100+,meal,NN,100+
add,add,916,occur,occur,verb,base,1,,high_school,2,center_exam,センター試験語彙リスト由来。意味は要補充,center_pos=VV; center_pmw=100+,occur,VV,100+
add,add,919,physical,physical,adjective,base,1,,high_school,2,center_exam,センター試験語彙リスト由来。意味は要補充,center_pos=JJ; center_pmw=100+,physical,JJ,100+
add,add,924,regard,regard,noun,base,1,,high_school,2,center_exam,センター試験語彙リスト由来。意味は要補充,center_pos=NN; center_pmw=100+,regard,NN,100+
add,add,925,schedule,schedule,noun,base,1,,high_school,2,center_exam,センター試験語彙リスト由来。意味は要補充,center_pos=NN; center_pmw=100+,schedule,NN,100+
add,add,926,slightly,slightly,adverb,base,1,,high_school,2,center_exam,センター試験語彙リスト由来。意味は要補充,center_pos=RB; center_pmw=100+,slightly,RB,100+
add,add,928,strategy,strategy,noun,base,1,,high_school,2,center_exam,センター試験語彙リスト由来。意味は要補充,center_pos=NN; center_pmw=100+,strategy,NN,100+
add,add,933,advance,advance,noun,base,1,,high_school,2,center_exam,センター試験語彙リスト由来。意味は要補充,center_pos=NN; center_pmw=100+,advance,NN,100+
add,add,934,basic,basic,adjective,base,1,,high_school,2,center_exam,センター試験語彙リスト由来。意味は要補充,center_pos=JJ; center_pmw=100+,basic,JJ,100+
add,add,935,character,character,noun,base,1,,high_school,2,center_exam,センター試験語彙リスト由来。意味は要補充,center_pos=NN; center_pmw=100+,character,NN,100+
add,add,936,communication,communication,noun,base,1,,high_school,2,center_exam,センター試験語彙リスト由来。意味は要補充,center_pos=NN; center_pmw=100+,communication,NN,100+
add,add,937,conduct,conduct,noun,base,1,,high_school,2,center_exam,センター試験語彙リスト由来。意味は要補充,center_pos=NN; center_pmw=100+,conduct,NN,100+
add,add,939,decision,decision,noun,base,1,,high_school,2,center_exam,センター試験語彙リスト由来。意味は要補充,center_pos=NN; center_pmw=100+,decision,NN,100+
add,add,940,decrease,decrease,noun,base,1,,high_school,2,center_exam,センター試験語彙リスト由来。意味は要補充,center_pos=NN; center_pmw=100+,decrease,NN,100+
add,add,943,email,email,noun,base,1,,high_school,2,center_exam,センター試験語彙リスト由来。意味は要補充,center_pos=NN; center_pmw=100+,email,NN,100+
add,add,944,fear,fear,noun,base,1,,high_school,2,center_exam,センター試験語彙リスト由来。意味は要補充,center_pos=NN; center_pmw=100+,fear,NN,100+
add,add,950,leader,leader,noun,base,1,,high_school,2,center_exam,センター試験語彙リスト由来。意味は要補充,center_pos=NN; center_pmw=100+,leader,NN,100+
add,add,952,muscle,muscle,noun,base,1,,high_school,2,center_exam,センター試験語彙リスト由来。意味は要補充,center_pos=NN; center_pmw=100+,muscle,NN,100+
add,add,953,nearly,nearly,adverb,base,1,,high_school,2,center_exam,センター試験語彙リスト由来。意味は要補充,center_pos=RB; center_pmw=100+,nearly,RB,100+
add,add,954,opposite,opposite,adjective,base,1,,high_school,2,center_exam,センター試験語彙リスト由来。意味は要補充,center_pos=JJ; center_pmw=100+,opposite,JJ,100+
add,add,956,project,project,noun,base,1,,high_school,2,center_exam,センター試験語彙リスト由来。意味は要補充,center_pos=NN; center_pmw=100+,project,NN,100+
add,add,957,source,source,noun,base,1,,high_school,2,center_exam,センター試験語彙リスト由来。意味は要補充,center_pos=NN; center_pmw=100+,source,NN,100+
add,add,960,taste,taste,noun,base,1,,high_school,2,center_exam,センター試験語彙リスト由来。意味は要補充,center_pos=NN; center_pmw=100+,taste,NN,100+
add,add,962,variety,variety,noun,base,1,,high_school,2,center_exam,センター試験語彙リスト由来。意味は要補充,center_pos=NN; center_pmw=100+,variety,NN,100+
add,add,963,ancient,ancient,adjective,base,1,,high_school,2,center_exam,センター試験語彙リスト由来。意味は要補充,center_pos=JJ; center_pmw=100+,ancient,JJ,100+
add,add,971,effort,effort,noun,base,1,,high_school,2,center_exam,センター試験語彙リスト由来。意味は要補充,center_pos=NN; center_pmw=100+,effort,NN,100+
add,add,973,european,european,adjective,base,1,,high_school,2,center_exam,センター試験語彙リスト由来。意味は要補充,center_pos=JJ; center_pmw=100+,european,JJ,100+
add,add,977,image,image,noun,base,1,,high_school,2,center_exam,センター試験語彙リスト由来。意味は要補充,center_pos=NN; center_pmw=100+,image,NN,100+
add,add,978,involve,involve,verb,base,1,,high_school,2,center_exam,センター試験語彙リスト由来。意味は要補充,center_pos=VV; center_pmw=100+,involve,VV,100+
add,add,980,laser,laser,noun,base,1,,high_school,2,center_exam,センター試験語彙リスト由来。意味は要補充,center_pos=NN; center_pmw=100+,laser,NN,100+
add,add,988,ordinary,ordinary,adjective,base,1,,high_school,2,center_exam,センター試験語彙リスト由来。意味は要補充,center_pos=JJ; center_pmw=100+,ordinary,JJ,100+
add,add,989,pattern,pattern,noun,base,1,,high_school,2,center_exam,センター試験語彙リスト由来。意味は要補充,center_pos=NN; center_pmw=100+,pattern,NN,100+
add,add,990,performance,performance,noun,base,1,,high_school,2,center_exam,センター試験語彙リスト由来。意味は要補充,center_pos=NN; center_pmw=100+,performance,NN,100+
add,add,992,rodent,rodent,noun,base,1,,high_school,2,center_exam,センター試験語彙リスト由来。意味は要補充,center_pos=NN; center_pmw=100+,rodent,NN,100+
add,add,994,self,self,noun,base,1,,high_school,2,center_exam,センター試験語彙リスト由来。意味は要補充,center_pos=NN; center_pmw=100+,self,NN,100+
add,add,996,term,term,noun,base,1,,high_school,2,center_exam,センター試験語彙リスト由来。意味は要補充,center_pos=NN; center_pmw=100+,term,NN,100+
add,add,1000,access,access,noun,base,1,,high_school,2,center_exam,センター試験語彙リスト由来。意味は要補充,center_pos=NN; center_pmw=100+,access,NN,100+
add,add,1003,elderly,elderly,adjective,base,1,,high_school,2,center_exam,センター試験語彙リスト由来。意味は要補充,center_pos=JJ; center_pmw=100+,elderly,JJ,100+
add,add,1004,essential,essential,adjective,base,1,,high_school,2,center_exam,センター試験語彙リスト由来。意味は要補充,center_pos=JJ; center_pmw=100+,essential,JJ,100+
add,add,1006,gain,gain,noun,base,1,,high_school,2,center_exam,センター試験語彙リスト由来。意味は要補充,center_pos=NN; center_pmw=100+,gain,NN,100+
add,add,1007,global,global,adjective,base,1,,high_school,2,center_exam,センター試験語彙リスト由来。意味は要補充,center_pos=JJ; center_pmw=100+,global,JJ,100+
add,add,1008,hate,hate,verb,base,1,,high_school,2,center_exam,センター試験語彙リスト由来。意味は要補充,center_pos=VVP; center_pmw=100+,hate,VVP,100+
add,add,1012,knowledge,knowledge,noun,base,1,,high_school,2,center_exam,センター試験語彙リスト由来。意味は要補充,center_pos=NN; center_pmw=100+,knowledge,NN,100+
add,add,1013,lack,lack,noun,base,1,,high_school,2,center_exam,センター試験語彙リスト由来。意味は要補充,center_pos=NN; center_pmw=100+,lack,NN,100+
add,add,1014,medical,medical,adjective,base,1,,high_school,2,center_exam,センター試験語彙リスト由来。意味は要補充,center_pos=JJ; center_pmw=100+,medical,JJ,100+
add,add,1018,peter,peter,noun,base,1,,high_school,2,center_exam,センター試験語彙リスト由来。意味は要補充,center_pos=NN; center_pmw=100+,peter,NN,100+
add,add,1019,respect,respect,noun,base,1,,high_school,2,center_exam,センター試験語彙リスト由来。意味は要補充,center_pos=NN; center_pmw=100+,respect,NN,100+
add,add,1022,simply,simply,adverb,base,1,,high_school,2,center_exam,センター試験語彙リスト由来。意味は要補充,center_pos=RB; center_pmw=100+,simply,RB,100+
add,add,1024,survive,survive,verb,base,1,,high_school,2,center_exam,センター試験語彙リスト由来。意味は要補充,center_pos=VV; center_pmw=100+,survive,VV,100+
add,add,1029,bother,bother,verb,base,1,,high_school,2,center_exam,センター試験語彙リスト由来。意味は要補充,center_pos=VV; center_pmw=100+,bother,VV,100+
add,add,1030,cell,cell,noun,base,1,,high_school,2,center_exam,センター試験語彙リスト由来。意味は要補充,center_pos=NN; center_pmw=100+,cell,NN,100+
add,add,1031,coal,coal,noun,base,1,,high_school,2,center_exam,センター試験語彙リスト由来。意味は要補充,center_pos=NN; center_pmw=100+,coal,NN,100+
add,add,1033,direction,direction,noun,base,1,,high_school,2,center_exam,センター試験語彙リスト由来。意味は要補充,center_pos=NN; center_pmw=100+,direction,NN,100+
add,add,1034,dot,dot,noun,base,1,,high_school,2,center_exam,センター試験語彙リスト由来。意味は要補充,center_pos=NN; center_pmw=100+,dot,NN,100+
add,add,1038,general,general,adjective,base,1,,high_school,2,center_exam,センター試験語彙リスト由来。意味は要補充,center_pos=JJ; center_pmw=100+,general,JJ,100+
add,add,1039,immediately,immediately,adverb,base,1,,high_school,2,center_exam,センター試験語彙リスト由来。意味は要補充,center_pos=RB; center_pmw=100+,immediately,RB,100+
add,add,1040,impossible,impossible,adjective,base,1,,high_school,2,center_exam,センター試験語彙リスト由来。意味は要補充,center_pos=JJ; center_pmw=100+,impossible,JJ,100+
add,add,1041,jenny,jenny,noun,base,1,,high_school,2,center_exam,センター試験語彙リスト由来。意味は要補充,center_pos=NN; center_pmw=100+,jenny,NN,100+
add,add,1047,patient,patient,noun,base,1,,high_school,2,center_exam,センター試験語彙リスト由来。意味は要補充,center_pos=NN; center_pmw=100+,patient,NN,100+
add,add,1049,pull,pull,verb,base,1,,high_school,2,center_exam,センター試験語彙リスト由来。意味は要補充,center_pos=VV; center_pmw=100+,pull,VV,100+
add,add,1051,relate,relate,verb,base,1,,high_school,2,center_exam,センター試験語彙リスト由来。意味は要補充,center_pos=VVP; center_pmw=100+,relate,VVP,100+
add,add,1052,responsibility,responsibility,noun,base,1,,high_school,2,center_exam,センター試験語彙リスト由来。意味は要補充,center_pos=NN; center_pmw=100+,responsibility,NN,100+
add,add,1053,steal,steal,verb,base,1,,high_school,2,center_exam,センター試験語彙リスト由来。意味は要補充,center_pos=VV; center_pmw=100+,steal,VV,100+
add,add,1055,understanding,understanding,noun,base,1,,high_school,2,center_exam,センター試験語彙リスト由来。意味は要補充,center_pos=NN; center_pmw=100+,understanding,NN,100+
add,add,1058,adjust,adjust,verb,base,1,,high_school,2,center_exam,センター試験語彙リスト由来。意味は要補充,center_pos=VV; center_pmw=100+,adjust,VV,100+
add,add,1061,button,button,noun,base,1,,high_school,2,center_exam,センター試験語彙リスト由来。意味は要補充,center_pos=NN; center_pmw=100+,button,NN,100+
add,add,1062,challenge,challenge,noun,base,1,,high_school,2,center_exam,センター試験語彙リスト由来。意味は要補充,center_pos=NN; center_pmw=100+,challenge,NN,100+
add,add,1063,cheap,cheap,adjective,base,1,,high_school,2,center_exam,センター試験語彙リスト由来。意味は要補充,center_pos=JJ; center_pmw=100+,cheap,JJ,100+
add,add,1064,completely,completely,adverb,base,1,,high_school,2,center_exam,センター試験語彙リスト由来。意味は要補充,center_pos=RB; center_pmw=100+,completely,RB,100+
add,add,1065,contrast,contrast,noun,base,1,,high_school,2,center_exam,センター試験語彙リスト由来。意味は要補充,center_pos=NN; center_pmw=100+,contrast,NN,100+
add,add,1066,correct,correct,adjective,base,1,,high_school,2,center_exam,センター試験語彙リスト由来。意味は要補充,center_pos=JJ; center_pmw=100+,correct,JJ,100+
add,add,1067,designer,designer,noun,base,1,,high_school,2,center_exam,センター試験語彙リスト由来。意味は要補充,center_pos=NN; center_pmw=100+,designer,NN,100+
add,add,1070,earn,earn,verb,base,1,,high_school,2,center_exam,センター試験語彙リスト由来。意味は要補充,center_pos=VV; center_pmw=100+,earn,VV,100+
add,add,1071,equipment,equipment,noun,base,1,,high_school,2,center_exam,センター試験語彙リスト由来。意味は要補充,center_pos=NN; center_pmw=100+,equipment,NN,100+
add,add,1072,everyday,everyday,adjective,base,1,,high_school,2,center_exam,センター試験語彙リスト由来。意味は要補充,center_pos=JJ; center_pmw=100+,everyday,JJ,100+
add,add,1073,examine,examine,verb,base,1,,high_school,2,center_exam,センター試験語彙リスト由来。意味は要補充,center_pos=VV; center_pmw=100+,examine,VV,100+
add,add,1074,exist,exist,verb,base,1,,high_school,2,center_exam,センター試験語彙リスト由来。意味は要補充,center_pos=VV; center_pmw=100+,exist,VV,100+
add,add,1076,function,function,noun,base,1,,high_school,2,center_exam,センター試験語彙リスト由来。意味は要補充,center_pos=NN; center_pmw=100+,function,NN,100+
add,add,1080,hiker,hiker,noun,base,1,,high_school,2,center_exam,センター試験語彙リスト由来。意味は要補充,center_pos=NN; center_pmw=100+,hiker,NN,100+
add,add,1082,import,import,noun,base,1,,high_school,2,center_exam,センター試験語彙リスト由来。意味は要補充,center_pos=NN; center_pmw=100+,import,NN,100+
add,add,1085,laughter,laughter,noun,base,1,,high_school,2,center_exam,センター試験語彙リスト由来。意味は要補充,center_pos=NN; center_pmw=100+,laughter,NN,100+
add,add,1086,locate,locate,verb,base,1,,high_school,2,center_exam,センター試験語彙リスト由来。意味は要補充,center_pos=VV; center_pmw=100+,locate,VV,100+
add,add,1087,missy,missy,noun,base,1,,high_school,2,center_exam,センター試験語彙リスト由来。意味は要補充,center_pos=NN; center_pmw=100+,missy,NN,100+
add,add,1090,psychologist,psychologist,noun,base,1,,high_school,2,center_exam,センター試験語彙リスト由来。意味は要補充,center_pos=NN; center_pmw=100+,psychologist,NN,100+
add,add,1093,relax,relax,verb,base,1,,high_school,2,center_exam,センター試験語彙リスト由来。意味は要補充,center_pos=VV; center_pmw=100+,relax,VV,100+
add,add,1095,single,single,adjective,base,1,,high_school,2,center_exam,センター試験語彙リスト由来。意味は要補充,center_pos=JJ; center_pmw=100+,single,JJ,100+
add,add,1096,surface,surface,noun,base,1,,high_school,2,center_exam,センター試験語彙リスト由来。意味は要補充,center_pos=NN; center_pmw=100+,surface,NN,100+
add,add,1097,surprise,surprise,noun,base,1,,high_school,2,center_exam,センター試験語彙リスト由来。意味は要補充,center_pos=NN; center_pmw=100+,surprise,NN,100+
add,add,1098,swimming,swimming,noun,base,1,,high_school,2,center_exam,センター試験語彙リスト由来。意味は要補充,center_pos=NN; center_pmw=100+,swimming,NN,100+
add,add,1103,apply,apply,verb,base,1,,high_school,2,center_exam,センター試験語彙リスト由来。意味は要補充,center_pos=VV; center_pmw=100+,apply,VV,100+
add,add,1104,appropriate,appropriate,adjective,base,1,,high_school,2,center_exam,センター試験語彙リスト由来。意味は要補充,center_pos=JJ; center_pmw=100+,appropriate,JJ,100+
add,add,1105,attend,attend,verb,base,1,,high_school,2,center_exam,センター試験語彙リスト由来。意味は要補充,center_pos=VV; center_pmw=100+,attend,VV,100+
