action,word,lemma,pos,form_type,sense_id,meaning_ja,eiken_level,eiken_levels,level,importance,entry_kind,source,category,note,note2
add,terrible,terrible,adjective,base,1,"ひどい、恐ろしい",3,"3;pre2;2",junior_high,1,word,author,shakespeare,"Shakespeare教材から追加",
add,storm,storm,noun,base,1,嵐,,,junior_high,1,word,author,shakespeare,"Shakespeare教材から追加",
add,angrily,angrily,adverb,base,1,"怒って、腹を立てて",,,junior_high,1,word,author,shakespeare,"Shakespeare教材から追加",
add,scream,scream,verb,base,1,"悲鳴を上げる、叫ぶ",,,junior_high,1,word,author,shakespeare,"Shakespeare教材から追加",
add,magic,magic,noun,base,1,魔法,,,junior_high,1,word,author,shakespeare,"Shakespeare教材から追加",
add,surprise,surprise,verb,base,1,驚かせる,,,junior_high,1,word,author,shakespeare,"Shakespeare教材から追加",
add,surprised,surprise,adjective,variant,1,驚いた,,,junior_high,1,word,author,shakespeare,"教材で頻出する形容詞用法",
add,smile,smile,verb,base,1,微笑む,,,junior_high,1,word,author,shakespeare,"Shakespeare教材から追加",
add,powerful,powerful,adjective,base,1,"力強い、強力な",,,junior_high,1,word,author,shakespeare,"Shakespeare教材から追加",
add,trap,trap,verb,base,1,閉じ込める,,,junior_high,1,word,author,shakespeare,"trapped の原形",
add,spirit,spirit,noun,base,1,"精霊、霊",,,junior_high,1,word,author,shakespeare,"Shakespeare教材から追加",
add,bone,bone,noun,base,1,骨,,,junior_high,1,word,author,shakespeare,"bones の原形",
add,deeply,deeply,adverb,base,1,"深く、非常に",,,junior_high,1,word,author,shakespeare,"Shakespeare教材から追加",
add,lower,lower,verb,base,1,下げる,,,junior_high,1,word,author,shakespeare,"lowered の原形",
add,"search for","search for",verb,base,1,"〜を探す",4,"4;3;pre2",junior_high,1,phrase,author,shakespeare,"Shakespeare教材から追加",
add,trust,trust,verb,base,1,信頼する,3,"3;pre2;2",junior_high,1,word,author,shakespeare,"trusted の原形",
add,widen,widen,verb,base,1,"広げる、広がる",,,junior_high,1,word,author,shakespeare,"widened の原形",
add,lift,lift,verb,base,1,持ち上げる,,,junior_high,1,word,author,shakespeare,"lifted の原形",
add,repeat,repeat,verb,base,1,繰り返す,,,junior_high,1,word,author,shakespeare,"repeated の原形",
add,perfect,perfect,adjective,base,1,完璧な,,,junior_high,1,word,author,shakespeare,"Shakespeare教材から追加",
add,feeling,feeling,noun,base,1,"気持ち、感情",,,junior_high,1,word,author,shakespeare,"feelings の原形",
add,"the others","the others",pronoun,base,1,"他の人たち、残りの人たち",,,junior_high,1,phrase,author,shakespeare,"Shakespeare教材から追加",
add,pause,pause,verb,base,1,"立ち止まる、一時止まる",,,junior_high,1,word,author,shakespeare,"paused の原形",
add,notice,notice,verb,base,1,気づく,3,"3;pre2;2",junior_high,1,word,author,shakespeare,"noticed の原形",
add,human,human,noun,base,1,人間,,,junior_high,1,word,author,shakespeare,"humans の原形",
add,sadness,sadness,noun,base,1,悲しみ,,,junior_high,1,word,author,shakespeare,"Shakespeare教材から追加",
add,staff,staff,noun,base,2,杖,,,junior_high,1,word,author,shakespeare,"物語中の staff=杖 の語義",
add,Naples,Naples,noun,base,1,"ナポリ（イタリアの都市）",,,junior_high,1,proper_noun,author,shakespeare,"固有名詞",
add,rule,rule,verb,base,2,"支配する、統治する",3,"3",junior_high,1,word,author,shakespeare,"既存名詞語義に動詞語義を追加"
