word,lemma,reason
abate,abate,pos_unknown
abbey,abbey,pos_unknown
abdicate,abdicate,pos_unknown
abdomen,abdomen,pos_unknown
abdominal,abdominal,pos_unknown
abduct,abduct,pos_unknown
abduction,abduction,pos_unknown
aberrant,aberrant,pos_unknown
aberration,aberration,pos_unknown
abet,abet,pos_unknown
abhor,abhor,pos_unknown
abhorrent,abhorrent,pos_unknown
abiding,abiding,pos_unknown
abject,abject,pos_unknown
ablaze,ablaze,pos_unknown
abnegation,abnegation,pos_unknown
abominable,abominable,pos_unknown
abomination,abomination,pos_unknown
aboveboard,aboveboard,pos_unknown
abrasive,abrasive,pos_unknown
abreast,abreast,pos_unknown
abridged,abridged,pos_unknown
abscond,abscond,pos_unknown
absentee,absentee,pos_unknown
absolve,absolve,pos_unknown
absorption,absorption,pos_unknown
abstinence,abstinence,pos_unknown
absurdity,absurdity,pos_unknown
abysmal,abysmal,pos_unknown
abyss,abyss,pos_unknown
accede,accede,pos_unknown
accentuate,accentuate,pos_unknown
accolade,accolade,pos_unknown
accomplice,accomplice,pos_unknown
accreditation,accreditation,pos_unknown
accrue,accrue,pos_unknown
acknowledgement,acknowledgement,pos_unknown
acne,acne,pos_unknown
acquiescence,acquiescence,pos_unknown
acquittal,acquittal,pos_unknown
acrid,acrid,pos_unknown
acrimony,acrimony,pos_unknown
acronym,acronym,pos_unknown
acumen,acumen,pos_unknown
acupuncture,acupuncture,pos_unknown
adage,adage,pos_unknown
adamant,adamant,pos_unknown
adept,adept,pos_unknown
adjoining,adjoining,pos_unknown
adjunct,adjunct,pos_unknown
admonition,admonition,pos_unknown
adrift,adrift,pos_unknown
adroit,adroit,pos_unknown
adulation,adulation,pos_unknown
adultery,adultery,pos_unknown
adversity,adversity,pos_unknown
aegis,aegis,pos_unknown
affable,affable,pos_unknown
affective,affective,pos_unknown
affiliated,affiliated,pos_unknown
affirmation,affirmation,pos_unknown
affliction,affliction,pos_unknown
aforementioned,aforementioned,pos_unknown
aggregate,aggregate,pos_unknown
aggrieved,aggrieved,pos_unknown
agile,agile,pos_unknown
agrarian,agrarian,pos_unknown
ail,ail,pos_unknown
ailing,ailing,pos_unknown
ailment,ailment,pos_unknown
airborne,airborne,pos_unknown
alias,alias,pos_unknown
alienation,alienation,pos_unknown
align,align,pos_unknown
allay,allay,pos_unknown
allegiance,allegiance,pos_unknown
allegory,allegory,pos_unknown
allele,allele,pos_unknown
alloy,alloy,pos_unknown
alluring,alluring,pos_unknown
allusion,allusion,pos_unknown
altercation,altercation,pos_unknown
altruism,altruism,pos_unknown
altruistic,altruistic,pos_unknown
alumnus,alumnus,pos_unknown
amass,amass,pos_unknown
ambient,ambient,pos_unknown
ambivalent,ambivalent,pos_unknown
ambush,ambush,pos_unknown
amenable,amenable,pos_unknown
amends,amends,pos_unknown
amidst,amidst,pos_unknown
amity,amity,pos_unknown
amnesia,amnesia,pos_unknown
amphibian,amphibian,pos_unknown
amplitude,amplitude,pos_unknown
amply,amply,pos_unknown
amputation,amputation,pos_unknown
ancestral,ancestral,pos_unknown
ancillary,ancillary,pos_unknown
anecdotal,anecdotal,pos_unknown
anemia,anemia,pos_unknown
anesthesia,anesthesia,pos_unknown
anew,anew,pos_unknown
angst,angst,pos_unknown
animosity,animosity,pos_unknown
annex,annex,pos_unknown
annexation,annexation,pos_unknown
annihilate,annihilate,pos_unknown
annotate,annotate,pos_unknown
annuity,annuity,pos_unknown
annul,annul,pos_unknown
anorexia,anorexia,pos_unknown
antagonize,antagonize,pos_unknown
antarctic,antarctic,pos_unknown
antecedent,antecedent,pos_unknown
anterior,anterior,pos_unknown
anteroom,anteroom,pos_unknown
anthropological,anthropological,pos_unknown
antic,antic,pos_unknown
antidote,antidote,pos_unknown
antigen,antigen,pos_unknown
antipathy,antipathy,pos_unknown
antiquated,antiquated,pos_unknown
antiseptic,antiseptic,pos_unknown
apathetic,apathetic,pos_unknown
aperture,aperture,pos_unknown
apex,apex,pos_unknown
appall,appall,pos_unknown
appalled,appalled,pos_unknown
appalling,appalling,pos_unknown
apparition,apparition,pos_unknown
appease,appease,pos_unknown
appellate,appellate,pos_unknown
apprehensive,apprehensive,pos_unknown
apprenticeship,apprenticeship,pos_unknown
approximation,approximation,pos_unknown
aptly,aptly,pos_unknown
aquifer,aquifer,pos_unknown
arable,arable,pos_unknown
arbitration,arbitration,pos_unknown
arcane,arcane,pos_unknown
archipelago,archipelago,pos_unknown
ardent,ardent,pos_unknown
ardor,ardor,pos_unknown
arid,arid,pos_unknown
ark,ark,pos_unknown
armistice,armistice,pos_unknown
armpit,armpit,pos_unknown
arousal,arousal,pos_unknown
arson,arson,pos_unknown
arthritis,arthritis,pos_unknown
articulation,articulation,pos_unknown
artifice,artifice,pos_unknown
ascend,ascend,pos_unknown
ashore,ashore,pos_unknown
assail,assail,pos_unknown
assailant,assailant,pos_unknown
assiduous,assiduous,pos_unknown
assimilation,assimilation,pos_unknown
assortment,assortment,pos_unknown
astute,astute,pos_unknown
asunder,asunder,pos_unknown
asylum,asylum,pos_unknown
atheism,atheism,pos_unknown
atheist,atheist,pos_unknown
atone,atone,pos_unknown
attire,attire,pos_unknown
attrition,attrition,pos_unknown
audacious,audacious,pos_unknown
auditory,auditory,pos_unknown
augment,augment,pos_unknown
auspicious,auspicious,pos_unknown
authoritative,authoritative,pos_unknown
autism,autism,pos_unknown
autistic,autistic,pos_unknown
autonomous,autonomous,pos_unknown
auxiliary,auxiliary,pos_unknown
avarice,avarice,pos_unknown
avatar,avatar,pos_unknown
avenge,avenge,pos_unknown
avenger,avenger,pos_unknown
averse,averse,pos_unknown
aviary,aviary,pos_unknown
avid,avid,pos_unknown
awry,awry,pos_unknown
axe,axe,pos_unknown
back-to-back,back-to-back,pos_unknown
backdrop,backdrop,pos_unknown
backlash,backlash,pos_unknown
ballistic,ballistic,pos_unknown
ballpark,ballpark,pos_unknown
balm,balm,pos_unknown
baloney,baloney,pos_unknown
banal,banal,pos_unknown
bandit,bandit,pos_unknown
bane,bane,pos_unknown
banquet,banquet,pos_unknown
banter,banter,pos_unknown
bard,bard,pos_unknown
barley,barley,pos_unknown
barracks,barracks,pos_unknown
barrage,barrage,pos_unknown
barrow,barrow,pos_unknown
bashful,bashful,pos_unknown
bask,bask,pos_unknown
bastion,bastion,pos_unknown
battalion,battalion,pos_unknown
beacon,beacon,pos_unknown
bedraggled,bedraggled,pos_unknown
bedrock,bedrock,pos_unknown
beget,beget,pos_unknown
beguile,beguile,pos_unknown
belabor,belabor,pos_unknown
beleaguer,beleaguer,pos_unknown
belie,belie,pos_unknown
belittle,belittle,pos_unknown
bellicose,bellicose,pos_unknown
belligerent,belligerent,pos_unknown
bemoan,bemoan,pos_unknown
benefactor,benefactor,pos_unknown
benevolence,benevolence,pos_unknown
benevolent,benevolent,pos_unknown
benign,benign,pos_unknown
bequeath,bequeath,pos_unknown
berate,berate,pos_unknown
bereaved,bereaved,pos_unknown
bereft,bereft,pos_unknown
berth,berth,pos_unknown
beseech,beseech,pos_unknown
biceps,biceps,pos_unknown
bigotry,bigotry,pos_unknown
bilateral,bilateral,pos_unknown
bile,bile,pos_unknown
bilk,bilk,pos_unknown
billow,billow,pos_unknown
binary,binary,pos_unknown
binge,binge,pos_unknown
biopsy,biopsy,pos_unknown
bipolar,bipolar,pos_unknown
blackout,blackout,pos_unknown
blanch,blanch,pos_unknown
blare,blare,pos_unknown
blasphemy,blasphemy,pos_unknown
blatantly,blatantly,pos_unknown
blemish,blemish,pos_unknown
blight,blight,pos_unknown
blithe,blithe,pos_unknown
bloated,bloated,pos_unknown
blob,blob,pos_unknown
blunder,blunder,pos_unknown
blurb,blurb,pos_unknown
blurt,blurt,pos_unknown
bluster,bluster,pos_unknown
bode,bode,pos_unknown
bogus,bogus,pos_unknown
boisterous,boisterous,pos_unknown
boldly,boldly,pos_unknown
booty,booty,pos_unknown
borough,borough,pos_unknown
bountiful,bountiful,pos_unknown
bounty,bounty,pos_unknown
bower,bower,pos_unknown
braille,braille,pos_unknown
brandish,brandish,pos_unknown
brash,brash,pos_unknown
brat,brat,pos_unknown
bravado,bravado,pos_unknown
brawl,brawl,pos_unknown
brazen,brazen,pos_unknown
breadth,breadth,pos_unknown
brethren,brethren,pos_unknown
brevity,brevity,pos_unknown
bridle,bridle,pos_unknown
briskly,briskly,pos_unknown
brittle,brittle,pos_unknown
broach,broach,pos_unknown
bromide,bromide,pos_unknown
bronchitis,bronchitis,pos_unknown
brook,brook,pos_unknown
brothel,brothel,pos_unknown
bruise,bruise,pos_unknown
brunt,brunt,pos_unknown
brusque,brusque,pos_unknown
brutality,brutality,pos_unknown
brutally,brutally,pos_unknown
brute,brute,pos_unknown
budge,budge,pos_unknown
bullish,bullish,pos_unknown
buoyant,buoyant,pos_unknown
bureaucratic,bureaucratic,pos_unknown
burglar,burglar,pos_unknown
burly,burly,pos_unknown
burrow,burrow,pos_unknown
buttock,buttock,pos_unknown
buttocks,buttocks,pos_unknown
buyout,buyout,pos_unknown
cache,cache,pos_unknown
cacophony,cacophony,pos_unknown
cadence,cadence,pos_unknown
cadre,cadre,pos_unknown
cajole,cajole,pos_unknown
calamitous,calamitous,pos_unknown
calamity,calamity,pos_unknown
calculus,calculus,pos_unknown
caliber,caliber,pos_unknown
callous,callous,pos_unknown
calumny,calumny,pos_unknown
camaraderie,camaraderie,pos_unknown
canister,canister,pos_unknown
canny,canny,pos_unknown
canonical,canonical,pos_unknown
canopy,canopy,pos_unknown
cant,cant,pos_unknown
canteen,canteen,pos_unknown
capitalize,capitalize,pos_unknown
capitulate,capitulate,pos_unknown
caprice,caprice,pos_unknown
capricious,capricious,pos_unknown
caravan,caravan,pos_unknown
carcass,carcass,pos_unknown
carcinogen,carcinogen,pos_unknown
carcinoma,carcinoma,pos_unknown
cardiac,cardiac,pos_unknown
cardinal,cardinal,pos_unknown
cardiovascular,cardiovascular,pos_unknown
carnage,carnage,pos_unknown
carousel,carousel,pos_unknown
cartilage,cartilage,pos_unknown
cascade,cascade,pos_unknown
casket,casket,pos_unknown
cataclysm,cataclysm,pos_unknown
catalyst,catalyst,pos_unknown
cataract,cataract,pos_unknown
catastrophic,catastrophic,pos_unknown
caustic,caustic,pos_unknown
cavalcade,cavalcade,pos_unknown
cavalier,cavalier,pos_unknown
caveat,caveat,pos_unknown
cavern,cavern,pos_unknown
cavort,cavort,pos_unknown
cede,cede,pos_unknown
centennial,centennial,pos_unknown
centerpiece,centerpiece,pos_unknown
cerebral,cerebral,pos_unknown
ceremonial,ceremonial,pos_unknown
cervical,cervical,pos_unknown
cessation,cessation,pos_unknown
chaff,chaff,pos_unknown
charred,charred,pos_unknown
chasm,chasm,pos_unknown
chaste,chaste,pos_unknown
chasten,chasten,pos_unknown
chastise,chastise,pos_unknown
chauvinism,chauvinism,pos_unknown
chide,chide,pos_unknown
chivalry,chivalry,pos_unknown
chlorine,chlorine,pos_unknown
choreographer,choreographer,pos_unknown
chronically,chronically,pos_unknown
chronology,chronology,pos_unknown
chubby,chubby,pos_unknown
chum,chum,pos_unknown
cinch,cinch,pos_unknown
circumference,circumference,pos_unknown
circumscribe,circumscribe,pos_unknown
circumspect,circumspect,pos_unknown
circumvent,circumvent,pos_unknown
cistern,cistern,pos_unknown
citadel,citadel,pos_unknown
civility,civility,pos_unknown
claimant,claimant,pos_unknown
clairvoyant,clairvoyant,pos_unknown
clamor,clamor,pos_unknown
clandestine,clandestine,pos_unknown
classy,classy,pos_unknown
claustrophobia,claustrophobia,pos_unknown
cleave,cleave,pos_unknown
clerical,clerical,pos_unknown
cliche,cliche,pos_unknown
clientele,clientele,pos_unknown
clinch,clinch,pos_unknown
clockwise,clockwise,pos_unknown
clot,clot,pos_unknown
clout,clout,pos_unknown
clump,clump,pos_unknown
clutter,clutter,pos_unknown
coalesce,coalesce,pos_unknown
coarsely,coarsely,pos_unknown
coax,coax,pos_unknown
cobble,cobble,pos_unknown
coddle,coddle,pos_unknown
coerce,coerce,pos_unknown
coercion,coercion,pos_unknown
coffer,coffer,pos_unknown
cognition,cognition,pos_unknown
cohort,cohort,pos_unknown
colitis,colitis,pos_unknown
collate,collate,pos_unknown
collateral,collateral,pos_unknown
collegiate,collegiate,pos_unknown
colloquial,colloquial,pos_unknown
collusion,collusion,pos_unknown
colossal,colossal,pos_unknown
colt,colt,pos_unknown
comatose,comatose,pos_unknown
combustion,combustion,pos_unknown
commandment,commandment,pos_unknown
communal,communal,pos_unknown
communique,communique,pos_unknown
compilation,compilation,pos_unknown
complacency,complacency,pos_unknown
complementary,complementary,pos_unknown
complexion,complexion,pos_unknown
compliant,compliant,pos_unknown
complicit,complicit,pos_unknown
complicity,complicity,pos_unknown
complimentary,complimentary,pos_unknown
compost,compost,pos_unknown
comptroller,comptroller,pos_unknown
compunction,compunction,pos_unknown
concave,concave,pos_unknown
conceivable,conceivable,pos_unknown
concerted,concerted,pos_unknown
conciliate,conciliate,pos_unknown
conciliatory,conciliatory,pos_unknown
concoct,concoct,pos_unknown
concomitant,concomitant,pos_unknown
concordance,concordance,pos_unknown
concussion,concussion,pos_unknown
condescend,condescend,pos_unknown
condescending,condescending,pos_unknown
condolence,condolence,pos_unknown
condone,condone,pos_unknown
conduit,conduit,pos_unknown
confederate,confederate,pos_unknown
confederation,confederation,pos_unknown
confetti,confetti,pos_unknown
configure,configure,pos_unknown
confiscate,confiscate,pos_unknown
conflagration,conflagration,pos_unknown
confluence,confluence,pos_unknown
conformity,conformity,pos_unknown
conglomerate,conglomerate,pos_unknown
conjure,conjure,pos_unknown
connoisseur,connoisseur,pos_unknown
connotation,connotation,pos_unknown
consecrate,consecrate,pos_unknown
conservatory,conservatory,pos_unknown
consignment,consignment,pos_unknown
consistently,consistently,pos_unknown
consternation,consternation,pos_unknown
constipation,constipation,pos_unknown
constrict,constrict,pos_unknown
construe,construe,pos_unknown
consummate,consummate,pos_unknown
consummation,consummation,pos_unknown
contagion,contagion,pos_unknown
contaminant,contaminant,pos_unknown
contemplative,contemplative,pos_unknown
contemptible,contemptible,pos_unknown
contentious,contentious,pos_unknown
contextual,contextual,pos_unknown
contingency,contingency,pos_unknown
contingent,contingent,pos_unknown
continuation,continuation,pos_unknown
continuum,continuum,pos_unknown
contraceptive,contraceptive,pos_unknown
contractual,contractual,pos_unknown
contravene,contravene,pos_unknown
contrition,contrition,pos_unknown
contrivance,contrivance,pos_unknown
contrived,contrived,pos_unknown
conundrum,conundrum,pos_unknown
convalescence,convalescence,pos_unknown
convent,convent,pos_unknown
convergence,convergence,pos_unknown
convertible,convertible,pos_unknown
convoluted,convoluted,pos_unknown
convulsion,convulsion,pos_unknown
coop,coop,pos_unknown
copious,copious,pos_unknown
cordon,cordon,pos_unknown
cornerstone,cornerstone,pos_unknown
coronary,coronary,pos_unknown
coroner,coroner,pos_unknown
corporal,corporal,pos_unknown
corpus,corpus,pos_unknown
corroborate,corroborate,pos_unknown
corroboration,corroboration,pos_unknown
corrode,corrode,pos_unknown
corrosive,corrosive,pos_unknown
cot,cot,pos_unknown
counterclockwise,counterclockwise,pos_unknown
counterfeit,counterfeit,pos_unknown
courtship,courtship,pos_unknown
cove,cove,pos_unknown
cower,cower,pos_unknown
coy,coy,pos_unknown
crackdown,crackdown,pos_unknown
crackle,crackle,pos_unknown
crafty,crafty,pos_unknown
cramped,cramped,pos_unknown
cranky,cranky,pos_unknown
crap,crap,pos_unknown
crappy,crappy,pos_unknown
crass,crass,pos_unknown
crate,crate,pos_unknown
creak,creak,pos_unknown
crease,crease,pos_unknown
creepy,creepy,pos_unknown
crevice,crevice,pos_unknown
cringe,cringe,pos_unknown
critter,critter,pos_unknown
crony,crony,pos_unknown
crotch,crotch,pos_unknown
crucifixion,crucifixion,pos_unknown
crumple,crumple,pos_unknown
crusade,crusade,pos_unknown
crusader,crusader,pos_unknown
crux,crux,pos_unknown
crypt,crypt,pos_unknown
cryptic,cryptic,pos_unknown
cubicle,cubicle,pos_unknown
culinary,culinary,pos_unknown
cull,cull,pos_unknown
culminate,culminate,pos_unknown
culmination,culmination,pos_unknown
culpable,culpable,pos_unknown
cultivation,cultivation,pos_unknown
cumbersome,cumbersome,pos_unknown
cupboard,cupboard,pos_unknown
curator,curator,pos_unknown
curio,curio,pos_unknown
cursory,cursory,pos_unknown
curt,curt,pos_unknown
curtail,curtail,pos_unknown
customary,customary,pos_unknown
cutback,cutback,pos_unknown
cynic,cynic,pos_unknown
cynicism,cynicism,pos_unknown
dab,dab,pos_unknown
daft,daft,pos_unknown
dainty,dainty,pos_unknown
dally,dally,pos_unknown
dame,dame,pos_unknown
daub,daub,pos_unknown
daunt,daunt,pos_unknown
daunting,daunting,pos_unknown
dauntless,dauntless,pos_unknown
dawdle,dawdle,pos_unknown
dazzling,dazzling,pos_unknown
deadlock,deadlock,pos_unknown
dearly,dearly,pos_unknown
dearth,dearth,pos_unknown
debacle,debacle,pos_unknown
debase,debase,pos_unknown
debilitate,debilitate,pos_unknown
debit,debit,pos_unknown
debtor,debtor,pos_unknown
debunk,debunk,pos_unknown
decadence,decadence,pos_unknown
decadent,decadent,pos_unknown
decency,decency,pos_unknown
decimate,decimate,pos_unknown
decipher,decipher,pos_unknown
decor,decor,pos_unknown
decorum,decorum,pos_unknown
decrepit,decrepit,pos_unknown
defamation,defamation,pos_unknown
defection,defection,pos_unknown
deference,deference,pos_unknown
defiance,defiance,pos_unknown
deficient,deficient,pos_unknown
definitive,definitive,pos_unknown
deflect,deflect,pos_unknown
deft,deft,pos_unknown
defunct,defunct,pos_unknown
degenerate,degenerate,pos_unknown
deity,deity,pos_unknown
deleterious,deleterious,pos_unknown
delineation,delineation,pos_unknown
delirious,delirious,pos_unknown
deluge,deluge,pos_unknown
delusional,delusional,pos_unknown
delve,delve,pos_unknown
demarcation,demarcation,pos_unknown
dementia,dementia,pos_unknown
demolish,demolish,pos_unknown
demolition,demolition,pos_unknown
demur,demur,pos_unknown
demure,demure,pos_unknown
denigrate,denigrate,pos_unknown
dent,dent,pos_unknown
denunciation,denunciation,pos_unknown
deplete,deplete,pos_unknown
depletion,depletion,pos_unknown
deplorable,deplorable,pos_unknown
depose,depose,pos_unknown
depraved,depraved,pos_unknown
derail,derail,pos_unknown
derelict,derelict,pos_unknown
deride,deride,pos_unknown
derisive,derisive,pos_unknown
derivative,derivative,pos_unknown
derogatory,derogatory,pos_unknown
deserving,deserving,pos_unknown
despicable,despicable,pos_unknown
despondent,despondent,pos_unknown
despotic,despotic,pos_unknown
destitute,destitute,pos_unknown
destitution,destitution,pos_unknown
detach,detach,pos_unknown
deterioration,deterioration,pos_unknown
deterrence,deterrence,pos_unknown
deterrent,deterrent,pos_unknown
detest,detest,pos_unknown
detract,detract,pos_unknown
devastation,devastation,pos_unknown
deviate,deviate,pos_unknown
devious,devious,pos_unknown
devolution,devolution,pos_unknown
devolve,devolve,pos_unknown
devout,devout,pos_unknown
dexterous,dexterous,pos_unknown
diabetic,diabetic,pos_unknown
diabolic,diabolic,pos_unknown
diagonal,diagonal,pos_unknown
diaper,diaper,pos_unknown
diaphanous,diaphanous,pos_unknown
diatribe,diatribe,pos_unknown
dichotomy,dichotomy,pos_unknown
diction,diction,pos_unknown
dictum,dictum,pos_unknown
dietary,dietary,pos_unknown
differently,differently,pos_unknown
diffident,diffident,pos_unknown
diffusion,diffusion,pos_unknown
dignified,dignified,pos_unknown
digression,digression,pos_unknown
dike,dike,pos_unknown
dilapidated,dilapidated,pos_unknown
dilate,dilate,pos_unknown
diligently,diligently,pos_unknown
diminutive,diminutive,pos_unknown
dingy,dingy,pos_unknown
dire,dire,pos_unknown
discernible,discernible,pos_unknown
discerning,discerning,pos_unknown
discomfiture,discomfiture,pos_unknown
discontent,discontent,pos_unknown
discrepancy,discrepancy,pos_unknown
discrete,discrete,pos_unknown
discretionary,discretionary,pos_unknown
disgraceful,disgraceful,pos_unknown
disgruntled,disgruntled,pos_unknown
dishevel,dishevel,pos_unknown
disheveled,disheveled,pos_unknown
disintegration,disintegration,pos_unknown
dislodge,dislodge,pos_unknown
disparage,disparage,pos_unknown
disparate,disparate,pos_unknown
disparity,disparity,pos_unknown
dispensary,dispensary,pos_unknown
disposable,disposable,pos_unknown
disproportionate,disproportionate,pos_unknown
disquiet,disquiet,pos_unknown
dissect,dissect,pos_unknown
dissident,dissident,pos_unknown
dissipate,dissipate,pos_unknown
distal,distal,pos_unknown
distorted,distorted,pos_unknown
distraught,distraught,pos_unknown
ditto,ditto,pos_unknown
diva,diva,pos_unknown
divergence,divergence,pos_unknown
divergent,divergent,pos_unknown
divisive,divisive,pos_unknown
divulge,divulge,pos_unknown
doctorate,doctorate,pos_unknown
dogged,dogged,pos_unknown
doldrums,doldrums,pos_unknown
domicile,domicile,pos_unknown
dormant,dormant,pos_unknown
dosage,dosage,pos_unknown
dour,dour,pos_unknown
douse,douse,pos_unknown
downright,downright,pos_unknown
drab,drab,pos_unknown
drawback,drawback,pos_unknown
drawl,drawl,pos_unknown
drench,drench,pos_unknown
dribble,dribble,pos_unknown
drizzle,drizzle,pos_unknown
drool,drool,pos_unknown
drudgery,drudgery,pos_unknown
duchy,duchy,pos_unknown
duly,duly,pos_unknown
dune,dune,pos_unknown
dung,dung,pos_unknown
dupe,dupe,pos_unknown
dusky,dusky,pos_unknown
eavesdrop,eavesdrop,pos_unknown
ebriate,ebriate,pos_unknown
ebullient,ebullient,pos_unknown
ecclesiastical,ecclesiastical,pos_unknown
echelon,echelon,pos_unknown
eclectic,eclectic,pos_unknown
eddy,eddy,pos_unknown
edifice,edifice,pos_unknown
edify,edify,pos_unknown
efface,efface,pos_unknown
effervescent,effervescent,pos_unknown
effigy,effigy,pos_unknown
effulgent,effulgent,pos_unknown
effusive,effusive,pos_unknown
egalitarian,egalitarian,pos_unknown
egregious,egregious,pos_unknown
elation,elation,pos_unknown
electrode,electrode,pos_unknown
elicit,elicit,pos_unknown
eligibility,eligibility,pos_unknown
ellipse,ellipse,pos_unknown
elucidate,elucidate,pos_unknown
elucidation,elucidation,pos_unknown
elude,elude,pos_unknown
elusive,elusive,pos_unknown
emaciated,emaciated,pos_unknown
emanate,emanate,pos_unknown
emancipate,emancipate,pos_unknown
emancipation,emancipation,pos_unknown
embankment,embankment,pos_unknown
embellish,embellish,pos_unknown
embezzle,embezzle,pos_unknown
emblem,emblem,pos_unknown
embroidery,embroidery,pos_unknown
embroil,embroil,pos_unknown
emeritus,emeritus,pos_unknown
emissary,emissary,pos_unknown
empirical,empirical,pos_unknown
enactment,enactment,pos_unknown
enclave,enclave,pos_unknown
enclosure,enclosure,pos_unknown
encroach,encroach,pos_unknown
encryption,encryption,pos_unknown
endear,endear,pos_unknown
endemic,endemic,pos_unknown
enervate,enervate,pos_unknown
engender,engender,pos_unknown
engross,engross,pos_unknown
engulf,engulf,pos_unknown
enigma,enigma,pos_unknown
enigmatic,enigmatic,pos_unknown
enjoin,enjoin,pos_unknown
ensconce,ensconce,pos_unknown
ensemble,ensemble,pos_unknown
enshrine,enshrine,pos_unknown
enthrall,enthrall,pos_unknown
entourage,entourage,pos_unknown
entreat,entreat,pos_unknown
entrench,entrench,pos_unknown
entrenched,entrenched,pos_unknown
entrepreneurship,entrepreneurship,pos_unknown
enumerate,enumerate,pos_unknown
enunciate,enunciate,pos_unknown
environs,environs,pos_unknown
enzyme,enzyme,pos_unknown
ephemeral,ephemeral,pos_unknown
epicenter,epicenter,pos_unknown
epilepsy,epilepsy,pos_unknown
epiphany,epiphany,pos_unknown
episcopal,episcopal,pos_unknown
epitome,epitome,pos_unknown
epitomize,epitomize,pos_unknown
equestrian,equestrian,pos_unknown
equitable,equitable,pos_unknown
equivocate,equivocate,pos_unknown
eradicate,eradicate,pos_unknown
err,err,pos_unknown
erratic,erratic,pos_unknown
escapade,escapade,pos_unknown
eschew,eschew,pos_unknown
esophagus,esophagus,pos_unknown
esoteric,esoteric,pos_unknown
espionage,espionage,pos_unknown
espouse,espouse,pos_unknown
estranged,estranged,pos_unknown
ethereal,ethereal,pos_unknown
ethos,ethos,pos_unknown
eulogy,eulogy,pos_unknown
euphemism,euphemism,pos_unknown
euphoria,euphoria,pos_unknown
euphoric,euphoric,pos_unknown
euthanasia,euthanasia,pos_unknown
eviction,eviction,pos_unknown
evocative,evocative,pos_unknown
evolutionary,evolutionary,pos_unknown
ex-husband,ex-husband,pos_unknown
exacerbate,exacerbate,pos_unknown
exacting,exacting,pos_unknown
exasperate,exasperate,pos_unknown
exasperation,exasperation,pos_unknown
excavation,excavation,pos_unknown
exchequer,exchequer,pos_unknown
excise,excise,pos_unknown
excruciate,excruciate,pos_unknown
exemplar,exemplar,pos_unknown
exhale,exhale,pos_unknown
exhilarate,exhilarate,pos_unknown
exhilarating,exhilarating,pos_unknown
exhort,exhort,pos_unknown
exhortation,exhortation,pos_unknown
existential,existential,pos_unknown
exonerate,exonerate,pos_unknown
exorbitant,exorbitant,pos_unknown
exorcise,exorcise,pos_unknown
expatriate,expatriate,pos_unknown
expedient,expedient,pos_unknown
expedite,expedite,pos_unknown
exploratory,exploratory,pos_unknown
exponent,exponent,pos_unknown
exponential,exponential,pos_unknown
exponentially,exponentially,pos_unknown
exposition,exposition,pos_unknown
expound,expound,pos_unknown
expropriate,expropriate,pos_unknown
expulsion,expulsion,pos_unknown
extant,extant,pos_unknown
extemporaneous,extemporaneous,pos_unknown
extol,extol,pos_unknown
extoll,extoll,pos_unknown
extortion,extortion,pos_unknown
extradite,extradite,pos_unknown
extradition,extradition,pos_unknown
extrapolate,extrapolate,pos_unknown
extremist,extremist,pos_unknown
extricate,extricate,pos_unknown
extrovert,extrovert,pos_unknown
exuberant,exuberant,pos_unknown
exude,exude,pos_unknown
exult,exult,pos_unknown
fabrication,fabrication,pos_unknown
facetious,facetious,pos_unknown
faded,faded,pos_unknown
fallacious,fallacious,pos_unknown
fallacy,fallacy,pos_unknown
fallible,fallible,pos_unknown
falter,falter,pos_unknown
faltered,faltered,pos_unknown
fanatic,fanatic,pos_unknown
fang,fang,pos_unknown
farce,farce,pos_unknown
fart,fart,pos_unknown
fastidious,fastidious,pos_unknown
fatality,fatality,pos_unknown
faucet,faucet,pos_unknown
faulty,faulty,pos_unknown
faze,faze,pos_unknown
feckless,feckless,pos_unknown
feign,feign,pos_unknown
felon,felon,pos_unknown
fend,fend,pos_unknown
feral,feral,pos_unknown
ferment,ferment,pos_unknown
ferocity,ferocity,pos_unknown
fervent,fervent,pos_unknown
fetal,fetal,pos_unknown
fetus,fetus,pos_unknown
feud,feud,pos_unknown
fiasco,fiasco,pos_unknown
fiat,fiat,pos_unknown
fickle,fickle,pos_unknown
fiddle,fiddle,pos_unknown
fiduciary,fiduciary,pos_unknown
fiend,fiend,pos_unknown
figment,figment,pos_unknown
filial,filial,pos_unknown
filibuster,filibuster,pos_unknown
filth,filth,pos_unknown
finery,finery,pos_unknown
finesse,finesse,pos_unknown
firearm,firearm,pos_unknown
fission,fission,pos_unknown
fissure,fissure,pos_unknown
fitful,fitful,pos_unknown
fixate,fixate,pos_unknown
flabbergast,flabbergast,pos_unknown
flabby,flabby,pos_unknown
flagrant,flagrant,pos_unknown
flagship,flagship,pos_unknown
flamboyant,flamboyant,pos_unknown
flaunt,flaunt,pos_unknown
flawless,flawless,pos_unknown
fledgling,fledgling,pos_unknown
fleeting,fleeting,pos_unknown
flex,flex,pos_unknown
flimsy,flimsy,pos_unknown
flinch,flinch,pos_unknown
flip-flop,flip-flop,pos_unknown
flippant,flippant,pos_unknown
flit,flit,pos_unknown
flop,flop,pos_unknown
flora,flora,pos_unknown
flounder,flounder,pos_unknown
fluctuate,fluctuate,pos_unknown
fluff,fluff,pos_unknown
fluffy,fluffy,pos_unknown
fluke,fluke,pos_unknown
fluorescent,fluorescent,pos_unknown
flurry,flurry,pos_unknown
focal,focal,pos_unknown
fodder,fodder,pos_unknown
foolhardy,foolhardy,pos_unknown
foolproof,foolproof,pos_unknown
footing,footing,pos_unknown
forage,forage,pos_unknown
foray,foray,pos_unknown
forbidden,forbidden,pos_unknown
foreclose,foreclose,pos_unknown
forefront,forefront,pos_unknown
foreground,foreground,pos_unknown
foreman,foreman,pos_unknown
foremost,foremost,pos_unknown
forensic,forensic,pos_unknown
forestall,forestall,pos_unknown
forfeit,forfeit,pos_unknown
forgo,forgo,pos_unknown
forlorn,forlorn,pos_unknown
forte,forte,pos_unknown
forthright,forthright,pos_unknown
fortitude,fortitude,pos_unknown
fortress,fortress,pos_unknown
foundry,foundry,pos_unknown
foyer,foyer,pos_unknown
fragmentary,fragmentary,pos_unknown
fragmentation,fragmentation,pos_unknown
fraternal,fraternal,pos_unknown
fraternity,fraternity,pos_unknown
fraudulent,fraudulent,pos_unknown
fraught,fraught,pos_unknown
fret,fret,pos_unknown
fretting,fretting,pos_unknown
frigid,frigid,pos_unknown
frolic,frolic,pos_unknown
frost,frost,pos_unknown
frosty,frosty,pos_unknown
froth,froth,pos_unknown
frugality,frugality,pos_unknown
fruition,fruition,pos_unknown
fumble,fumble,pos_unknown
fume,fume,pos_unknown
funk,funk,pos_unknown
funnel,funnel,pos_unknown
furlough,furlough,pos_unknown
furor,furor,pos_unknown
furrow,furrow,pos_unknown
furry,furry,pos_unknown
furtive,furtive,pos_unknown
futility,futility,pos_unknown
gaffe,gaffe,pos_unknown
gait,gait,pos_unknown
gala,gala,pos_unknown
gall,gall,pos_unknown
gallant,gallant,pos_unknown
galvanize,galvanize,pos_unknown
garish,garish,pos_unknown
garland,garland,pos_unknown
garner,garner,pos_unknown
garrison,garrison,pos_unknown
garrulous,garrulous,pos_unknown
gastric,gastric,pos_unknown
gauche,gauche,pos_unknown
gaunt,gaunt,pos_unknown
gazette,gazette,pos_unknown
genealogy,genealogy,pos_unknown
generalized,generalized,pos_unknown
genesis,genesis,pos_unknown
genial,genial,pos_unknown
genially,genially,pos_unknown
genital,genital,pos_unknown
genotype,genotype,pos_unknown
genteel,genteel,pos_unknown
genus,genus,pos_unknown
germinate,germinate,pos_unknown
gerrymander,gerrymander,pos_unknown
gesticulate,gesticulate,pos_unknown
ghastly,ghastly,pos_unknown
giddy,giddy,pos_unknown
gild,gild,pos_unknown
gill,gill,pos_unknown
gingerly,gingerly,pos_unknown
gird,gird,pos_unknown
gist,gist,pos_unknown
glacial,glacial,pos_unknown
glaring,glaring,pos_unknown
glean,glean,pos_unknown
glee,glee,pos_unknown
glib,glib,pos_unknown
glimmer,glimmer,pos_unknown
glint,glint,pos_unknown
glitch,glitch,pos_unknown
glitter,glitter,pos_unknown
gloat,gloat,pos_unknown
gloom,gloom,pos_unknown
glowing,glowing,pos_unknown
glum,glum,pos_unknown
glut,glut,pos_unknown
glutton,glutton,pos_unknown
gluttonous,gluttonous,pos_unknown
gnaw,gnaw,pos_unknown
goad,goad,pos_unknown
gobble,gobble,pos_unknown
goofy,goofy,pos_unknown
gradient,gradient,pos_unknown
graft,graft,pos_unknown
grail,grail,pos_unknown
grandiose,grandiose,pos_unknown
graveyard,graveyard,pos_unknown
greasy,greasy,pos_unknown
gregarious,gregarious,pos_unknown
grid,grid,pos_unknown
gritty,gritty,pos_unknown
groin,groin,pos_unknown
grope,grope,pos_unknown
groundless,groundless,pos_unknown
grudge,grudge,pos_unknown
grueling,grueling,pos_unknown
gruesome,gruesome,pos_unknown
gubernatorial,gubernatorial,pos_unknown
guffaw,guffaw,pos_unknown
guise,guise,pos_unknown
gullible,gullible,pos_unknown
gusto,gusto,pos_unknown
gut,gut,pos_unknown
hackneyed,hackneyed,pos_unknown
haggard,haggard,pos_unknown
halcyon,halcyon,pos_unknown
hale,hale,pos_unknown
hallucination,hallucination,pos_unknown
hamper,hamper,pos_unknown
handcuff,handcuff,pos_unknown
haphazard,haphazard,pos_unknown
haphazardly,haphazardly,pos_unknown
hapless,hapless,pos_unknown
harangue,harangue,pos_unknown
hark,hark,pos_unknown
harrowing,harrowing,pos_unknown
harry,harry,pos_unknown
hatchet,hatchet,pos_unknown
haughty,haughty,pos_unknown
hazy,hazy,pos_unknown
headlong,headlong,pos_unknown
heady,heady,pos_unknown
hearsay,hearsay,pos_unknown
hearten,hearten,pos_unknown
heartfelt,heartfelt,pos_unknown
heave,heave,pos_unknown
hedonism,hedonism,pos_unknown
hedonistic,hedonistic,pos_unknown
hefty,hefty,pos_unknown
hegemony,hegemony,pos_unknown
heinous,heinous,pos_unknown
heirloom,heirloom,pos_unknown
hemorrhage,hemorrhage,pos_unknown
hemp,hemp,pos_unknown
hepatitis,hepatitis,pos_unknown
herbicide,herbicide,pos_unknown
hereby,hereby,pos_unknown
herein,herein,pos_unknown
heresy,heresy,pos_unknown
heretic,heretic,pos_unknown
hermetic,hermetic,pos_unknown
hermit,hermit,pos_unknown
hesitant,hesitant,pos_unknown
heterogeneity,heterogeneity,pos_unknown
heterosexual,heterosexual,pos_unknown
hew,hew,pos_unknown
heyday,heyday,pos_unknown
hiatus,hiatus,pos_unknown
hiccup,hiccup,pos_unknown
hideous,hideous,pos_unknown
hierarchical,hierarchical,pos_unknown
hilarious,hilarious,pos_unknown
hindsight,hindsight,pos_unknown
histrionic,histrionic,pos_unknown
hive,hive,pos_unknown
hoarse,hoarse,pos_unknown
hoax,hoax,pos_unknown
hobnob,hobnob,pos_unknown
hoist,hoist,pos_unknown
homage,homage,pos_unknown
homicide,homicide,pos_unknown
hone,hone,pos_unknown
honk,honk,pos_unknown
hoof,hoof,pos_unknown
horde,horde,pos_unknown
horrendous,horrendous,pos_unknown
horribly,horribly,pos_unknown
horrify,horrify,pos_unknown
horticulture,horticulture,pos_unknown
hub,hub,pos_unknown
hubris,hubris,pos_unknown
hull,hull,pos_unknown
hum,hum,pos_unknown
humdrum,humdrum,pos_unknown
humiliating,humiliating,pos_unknown
hump,hump,pos_unknown
hunch,hunch,pos_unknown
hurtle,hurtle,pos_unknown
husk,husk,pos_unknown
hydraulic,hydraulic,pos_unknown
hyperbole,hyperbole,pos_unknown
hypertension,hypertension,pos_unknown
hypnosis,hypnosis,pos_unknown
iceberg,iceberg,pos_unknown
iconoclast,iconoclast,pos_unknown
iconoclastic,iconoclastic,pos_unknown
idealization,idealization,pos_unknown
idiosyncrasy,idiosyncrasy,pos_unknown
idiosyncratic,idiosyncratic,pos_unknown
idiotic,idiotic,pos_unknown
idyllic,idyllic,pos_unknown
ignite,ignite,pos_unknown
ignoble,ignoble,pos_unknown
ignominious,ignominious,pos_unknown
ignominy,ignominy,pos_unknown
illegible,illegible,pos_unknown
illicit,illicit,pos_unknown
imbibe,imbibe,pos_unknown
imbue,imbue,pos_unknown
immaculate,immaculate,pos_unknown
immaterial,immaterial,pos_unknown
immersion,immersion,pos_unknown
imminent,imminent,pos_unknown
immutable,immutable,pos_unknown
impaired,impaired,pos_unknown
impart,impart,pos_unknown
impasse,impasse,pos_unknown
impassive,impassive,pos_unknown
impeccable,impeccable,pos_unknown
impediment,impediment,pos_unknown
impel,impel,pos_unknown
impend,impend,pos_unknown
impending,impending,pos_unknown
imperative,imperative,pos_unknown
impersonate,impersonate,pos_unknown
impertinent,impertinent,pos_unknown
impervious,impervious,pos_unknown
impetuous,impetuous,pos_unknown
impetus,impetus,pos_unknown
impinge,impinge,pos_unknown
implacable,implacable,pos_unknown
implant,implant,pos_unknown
implode,implode,pos_unknown
imposition,imposition,pos_unknown
impoverished,impoverished,pos_unknown
improbable,improbable,pos_unknown
impromptu,impromptu,pos_unknown
improvisation,improvisation,pos_unknown
impudent,impudent,pos_unknown
impunity,impunity,pos_unknown
inadvertent,inadvertent,pos_unknown
inadvertently,inadvertently,pos_unknown
inanimate,inanimate,pos_unknown
inaugural,inaugural,pos_unknown
incandescent,incandescent,pos_unknown
incarcerate,incarcerate,pos_unknown
incarceration,incarceration,pos_unknown
incendiary,incendiary,pos_unknown
incest,incest,pos_unknown
incinerator,incinerator,pos_unknown
incision,incision,pos_unknown
incite,incite,pos_unknown
incompatible,incompatible,pos_unknown
incompetence,incompetence,pos_unknown
incompetent,incompetent,pos_unknown
incongruity,incongruity,pos_unknown
incongruous,incongruous,pos_unknown
inconspicuous,inconspicuous,pos_unknown
incorrigible,incorrigible,pos_unknown
incredulous,incredulous,pos_unknown
incremental,incremental,pos_unknown
incubation,incubation,pos_unknown
inculcate,inculcate,pos_unknown
incumbent,incumbent,pos_unknown
incursion,incursion,pos_unknown
indelible,indelible,pos_unknown
indemnity,indemnity,pos_unknown
indicative,indicative,pos_unknown
indifferent,indifferent,pos_unknown
indignation,indignation,pos_unknown
indispensable,indispensable,pos_unknown
indistinct,indistinct,pos_unknown
indolent,indolent,pos_unknown
indomitable,indomitable,pos_unknown
indulgent,indulgent,pos_unknown
ineffable,ineffable,pos_unknown
inept,inept,pos_unknown
inert,inert,pos_unknown
inexorable,inexorable,pos_unknown
infallible,infallible,pos_unknown
infatuate,infatuate,pos_unknown
infatuation,infatuation,pos_unknown
infertility,infertility,pos_unknown
infest,infest,pos_unknown
infirm,infirm,pos_unknown
inflammatory,inflammatory,pos_unknown
informant,informant,pos_unknown
infrared,infrared,pos_unknown
infringe,infringe,pos_unknown
infringement,infringement,pos_unknown
infusion,infusion,pos_unknown
ingenious,ingenious,pos_unknown
ingest,ingest,pos_unknown
inhibition,inhibition,pos_unknown
inhibitor,inhibitor,pos_unknown
iniquity,iniquity,pos_unknown
injunction,injunction,pos_unknown
injurious,injurious,pos_unknown
inlet,inlet,pos_unknown
innate,innate,pos_unknown
innermost,innermost,pos_unknown
innocuous,innocuous,pos_unknown
innuendo,innuendo,pos_unknown
inoculation,inoculation,pos_unknown
inquisitive,inquisitive,pos_unknown
insatiable,insatiable,pos_unknown
inscribe,inscribe,pos_unknown
inscrutable,inscrutable,pos_unknown
insecticide,insecticide,pos_unknown
insidious,insidious,pos_unknown
insinuate,insinuate,pos_unknown
insipid,insipid,pos_unknown
insofar,insofar,pos_unknown
insolent,insolent,pos_unknown
insolvent,insolvent,pos_unknown
insomnia,insomnia,pos_unknown
instructive,instructive,pos_unknown
insufferable,insufferable,pos_unknown
insulate,insulate,pos_unknown
insurgency,insurgency,pos_unknown
insurgent,insurgent,pos_unknown
insurmountable,insurmountable,pos_unknown
insurrection,insurrection,pos_unknown
intently,intently,pos_unknown
inter,inter,pos_unknown
interdisciplinary,interdisciplinary,pos_unknown
interlude,interlude,pos_unknown
intermediary,intermediary,pos_unknown
interminable,interminable,pos_unknown
intermittent,intermittent,pos_unknown
interpretive,interpretive,pos_unknown
interstellar,interstellar,pos_unknown
intertwine,intertwine,pos_unknown
intestinal,intestinal,pos_unknown
intestine,intestine,pos_unknown
intimately,intimately,pos_unknown
intimidation,intimidation,pos_unknown
intolerance,intolerance,pos_unknown
intractable,intractable,pos_unknown
intravenous,intravenous,pos_unknown
intrepid,intrepid,pos_unknown
introspection,introspection,pos_unknown
introspective,introspective,pos_unknown
intrude,intrude,pos_unknown
intrusive,intrusive,pos_unknown
inundate,inundate,pos_unknown
invader,invader,pos_unknown
invaluable,invaluable,pos_unknown
inveterate,inveterate,pos_unknown
invigorate,invigorate,pos_unknown
invincible,invincible,pos_unknown
irate,irate,pos_unknown
iris,iris,pos_unknown
irk,irk,pos_unknown
irksome,irksome,pos_unknown
irrepressible,irrepressible,pos_unknown
isotope,isotope,pos_unknown
iteration,iteration,pos_unknown
jab,jab,pos_unknown
jagged,jagged,pos_unknown
jargon,jargon,pos_unknown
javelin,javelin,pos_unknown
jeer,jeer,pos_unknown
jejune,jejune,pos_unknown
jeopardy,jeopardy,pos_unknown
jettison,jettison,pos_unknown
jihad,jihad,pos_unknown
jilt,jilt,pos_unknown
jingle,jingle,pos_unknown
jocose,jocose,pos_unknown
jocular,jocular,pos_unknown
jostle,jostle,pos_unknown
jubilant,jubilant,pos_unknown
jubilee,jubilee,pos_unknown
jug,jug,pos_unknown
juggernaut,juggernaut,pos_unknown
jut,jut,pos_unknown
juxtapose,juxtapose,pos_unknown
juxtaposition,juxtaposition,pos_unknown
kerosene,kerosene,pos_unknown
kiln,kiln,pos_unknown
kindle,kindle,pos_unknown
kindred,kindred,pos_unknown
kinetic,kinetic,pos_unknown
kiosk,kiosk,pos_unknown
kitty,kitty,pos_unknown
knack,knack,pos_unknown
knave,knave,pos_unknown
knell,knell,pos_unknown
knoll,knoll,pos_unknown
kudos,kudos,pos_unknown
labyrinthine,labyrinthine,pos_unknown
lackadaisical,lackadaisical,pos_unknown
lackluster,lackluster,pos_unknown
laconic,laconic,pos_unknown
lag,lag,pos_unknown
lagoon,lagoon,pos_unknown
lair,lair,pos_unknown
laity,laity,pos_unknown
lamentable,lamentable,pos_unknown
languid,languid,pos_unknown
languish,languish,pos_unknown
larva,larva,pos_unknown
latent,latent,pos_unknown
lateral,lateral,pos_unknown
lathe,lathe,pos_unknown
lattice,lattice,pos_unknown
laud,laud,pos_unknown
laudable,laudable,pos_unknown
laughable,laughable,pos_unknown
launder,launder,pos_unknown
laureate,laureate,pos_unknown
lava,lava,pos_unknown
lavish,lavish,pos_unknown
lax,lax,pos_unknown
leach,leach,pos_unknown
leaden,leaden,pos_unknown
leash,leash,pos_unknown
ledger,ledger,pos_unknown
leer,leer,pos_unknown
leeway,leeway,pos_unknown
legitimize,legitimize,pos_unknown
lenient,lenient,pos_unknown
lesion,lesion,pos_unknown
lethargic,lethargic,pos_unknown
leukemia,leukemia,pos_unknown
levee,levee,pos_unknown
levity,levity,pos_unknown
lewd,lewd,pos_unknown
lexicon,lexicon,pos_unknown
liaison,liaison,pos_unknown
libel,libel,pos_unknown
ligament,ligament,pos_unknown
lighthouse,lighthouse,pos_unknown
liken,liken,pos_unknown
lilt,lilt,pos_unknown
lineage,lineage,pos_unknown
lisp,lisp,pos_unknown
lithe,lithe,pos_unknown
litigant,litigant,pos_unknown
litigate,litigate,pos_unknown
litigation,litigation,pos_unknown
liturgy,liturgy,pos_unknown
loathe,loathe,pos_unknown
lobe,lobe,pos_unknown
locale,locale,pos_unknown
locomotive,locomotive,pos_unknown
locus,locus,pos_unknown
lofty,lofty,pos_unknown
logistics,logistics,pos_unknown
loiter,loiter,pos_unknown
longitude,longitude,pos_unknown
lookout,lookout,pos_unknown
loom,loom,pos_unknown
loose,loose,pos_unknown
loot,loot,pos_unknown
loquacious,loquacious,pos_unknown
lore,lore,pos_unknown
lousy,lousy,pos_unknown
lubricate,lubricate,pos_unknown
lucid,lucid,pos_unknown
ludicrous,ludicrous,pos_unknown
lug,lug,pos_unknown
lunatic,lunatic,pos_unknown
luncheon,luncheon,pos_unknown
lunge,lunge,pos_unknown
lurch,lurch,pos_unknown
lurid,lurid,pos_unknown
lush,lush,pos_unknown
luster,luster,pos_unknown
lusty,lusty,pos_unknown
luxurious,luxurious,pos_unknown
macabre,macabre,pos_unknown
maelstrom,maelstrom,pos_unknown
magistrate,magistrate,pos_unknown
magnanimous,magnanimous,pos_unknown
magnate,magnate,pos_unknown
majestic,majestic,pos_unknown
makeshift,makeshift,pos_unknown
malady,malady,pos_unknown
malaise,malaise,pos_unknown
malevolent,malevolent,pos_unknown
malign,malign,pos_unknown
malignant,malignant,pos_unknown
malleable,malleable,pos_unknown
malpractice,malpractice,pos_unknown
manageable,manageable,pos_unknown
mandatory,mandatory,pos_unknown
mane,mane,pos_unknown
manic,manic,pos_unknown
manifest,manifest,pos_unknown
manifesto,manifesto,pos_unknown
manipulator,manipulator,pos_unknown
manslaughter,manslaughter,pos_unknown
manure,manure,pos_unknown
maritime,maritime,pos_unknown
markedly,markedly,pos_unknown
marquee,marquee,pos_unknown
marrow,marrow,pos_unknown
martian,martian,pos_unknown
masculinity,masculinity,pos_unknown
mashed,mashed,pos_unknown
mason,mason,pos_unknown
materialism,materialism,pos_unknown
matrimony,matrimony,pos_unknown
matron,matron,pos_unknown
maverick,maverick,pos_unknown
mawkish,mawkish,pos_unknown
mayhem,mayhem,pos_unknown
meander,meander,pos_unknown
measles,measles,pos_unknown
meddle,meddle,pos_unknown
membrane,membrane,pos_unknown
memorabilia,memorabilia,pos_unknown
mendacious,mendacious,pos_unknown
menial,menial,pos_unknown
menopause,menopause,pos_unknown
mentally,mentally,pos_unknown
mercenary,mercenary,pos_unknown
merriment,merriment,pos_unknown
mesmerize,mesmerize,pos_unknown
metabolism,metabolism,pos_unknown
meteor,meteor,pos_unknown
meticulous,meticulous,pos_unknown
meticulously,meticulously,pos_unknown
microbial,microbial,pos_unknown
midwife,midwife,pos_unknown
migraine,migraine,pos_unknown
milieu,milieu,pos_unknown
militantly,militantly,pos_unknown
mince,mince,pos_unknown
minimal,minimal,pos_unknown
minion,minion,pos_unknown
mint,mint,pos_unknown
mirage,mirage,pos_unknown
mire,mire,pos_unknown
mirth,mirth,pos_unknown
miscarriage,miscarriage,pos_unknown
misgiving,misgiving,pos_unknown
mitigate,mitigate,pos_unknown
mitigation,mitigation,pos_unknown
moat,moat,pos_unknown
mockery,mockery,pos_unknown
modality,modality,pos_unknown
moderation,moderation,pos_unknown
modulate,modulate,pos_unknown
molecular,molecular,pos_unknown
molest,molest,pos_unknown
molten,molten,pos_unknown
momentarily,momentarily,pos_unknown
momentous,momentous,pos_unknown
monastic,monastic,pos_unknown
moniker,moniker,pos_unknown
monoxide,monoxide,pos_unknown
montage,montage,pos_unknown
moot,moot,pos_unknown
moratorium,moratorium,pos_unknown
morbid,morbid,pos_unknown
morgue,morgue,pos_unknown
moribund,moribund,pos_unknown
morose,morose,pos_unknown
morsel,morsel,pos_unknown
mortify,mortify,pos_unknown
mortuary,mortuary,pos_unknown
moss,moss,pos_unknown
moth,moth,pos_unknown
motley,motley,pos_unknown
mounting,mounting,pos_unknown
mourning,mourning,pos_unknown
mower,mower,pos_unknown
muck,muck,pos_unknown
muffle,muffle,pos_unknown
muffled,muffled,pos_unknown
mulch,mulch,pos_unknown
mull,mull,pos_unknown
multinational,multinational,pos_unknown
mumps,mumps,pos_unknown
munch,munch,pos_unknown
municipality,municipality,pos_unknown
murky,murky,pos_unknown
muse,muse,pos_unknown
mutilate,mutilate,pos_unknown
mutiny,mutiny,pos_unknown
muzzle,muzzle,pos_unknown
mystic,mystic,pos_unknown
nag,nag,pos_unknown
narcissistic,narcissistic,pos_unknown
nasal,nasal,pos_unknown
nascent,nascent,pos_unknown
naught,naught,pos_unknown
nebula,nebula,pos_unknown
nebulous,nebulous,pos_unknown
nefarious,nefarious,pos_unknown
negate,negate,pos_unknown
negligence,negligence,pos_unknown
neophyte,neophyte,pos_unknown
nepotism,nepotism,pos_unknown
nestle,nestle,pos_unknown
neural,neural,pos_unknown
neurosis,neurosis,pos_unknown
neurotic,neurotic,pos_unknown
neutron,neutron,pos_unknown
nibble,nibble,pos_unknown
nightly,nightly,pos_unknown
nil,nil,pos_unknown
nimble,nimble,pos_unknown
nitrogen,nitrogen,pos_unknown
nocturnal,nocturnal,pos_unknown
node,node,pos_unknown
nomad,nomad,pos_unknown
nomadic,nomadic,pos_unknown
nonchalant,nonchalant,pos_unknown
nonpartisan,nonpartisan,pos_unknown
nook,nook,pos_unknown
notoriously,notoriously,pos_unknown
noxious,noxious,pos_unknown
nudge,nudge,pos_unknown
null,null,pos_unknown
nullify,nullify,pos_unknown
nuptial,nuptial,pos_unknown
nutty,nutty,pos_unknown
obdurate,obdurate,pos_unknown
obese,obese,pos_unknown
obfuscate,obfuscate,pos_unknown
obituary,obituary,pos_unknown
obligate,obligate,pos_unknown
oblique,oblique,pos_unknown
obliterate,obliterate,pos_unknown
obnoxious,obnoxious,pos_unknown
obscene,obscene,pos_unknown
obscenity,obscenity,pos_unknown
obsequious,obsequious,pos_unknown
obsessive,obsessive,pos_unknown
obstetrician,obstetrician,pos_unknown
obstinate,obstinate,pos_unknown
obstreperous,obstreperous,pos_unknown
obtrusive,obtrusive,pos_unknown
obtuse,obtuse,pos_unknown
obviate,obviate,pos_unknown
offshoot,offshoot,pos_unknown
oftentimes,oftentimes,pos_unknown
ointment,ointment,pos_unknown
omen,omen,pos_unknown
omnipotent,omnipotent,pos_unknown
omniscient,omniscient,pos_unknown
omnivorous,omnivorous,pos_unknown
oneness,oneness,pos_unknown
onerous,onerous,pos_unknown
onslaught,onslaught,pos_unknown
onus,onus,pos_unknown
ooze,ooze,pos_unknown
opaque,opaque,pos_unknown
opinionated,opinionated,pos_unknown
opportune,opportune,pos_unknown
optic,optic,pos_unknown
optics,optics,pos_unknown
opulence,opulence,pos_unknown
opulent,opulent,pos_unknown
opus,opus,pos_unknown
oracle,oracle,pos_unknown
orator,orator,pos_unknown
orbital,orbital,pos_unknown
ordinance,ordinance,pos_unknown
ornate,ornate,pos_unknown
orphanage,orphanage,pos_unknown
oscillate,oscillate,pos_unknown
oscillation,oscillation,pos_unknown
ostensible,ostensible,pos_unknown
ostensibly,ostensibly,pos_unknown
ostentatious,ostentatious,pos_unknown
osteoporosis,osteoporosis,pos_unknown
ostracism,ostracism,pos_unknown
oust,oust,pos_unknown
outage,outage,pos_unknown
outlay,outlay,pos_unknown
outpatient,outpatient,pos_unknown
outspoken,outspoken,pos_unknown
outstrip,outstrip,pos_unknown
outwit,outwit,pos_unknown
ovary,ovary,pos_unknown
ovation,ovation,pos_unknown
overblown,overblown,pos_unknown
overdose,overdose,pos_unknown
overshadow,overshadow,pos_unknown
overtly,overtly,pos_unknown
overture,overture,pos_unknown
oxide,oxide,pos_unknown
pacify,pacify,pos_unknown
padlock,padlock,pos_unknown
pagan,pagan,pos_unknown
palatable,palatable,pos_unknown
palliate,palliate,pos_unknown
palliative,palliative,pos_unknown
pallid,pallid,pos_unknown
palpable,palpable,pos_unknown
palpitate,palpitate,pos_unknown
paltry,paltry,pos_unknown
pamper,pamper,pos_unknown
panacea,panacea,pos_unknown
pancreatic,pancreatic,pos_unknown
pantry,pantry,pos_unknown
paradigm,paradigm,pos_unknown
paralysis,paralysis,pos_unknown
paramedic,paramedic,pos_unknown
paramount,paramount,pos_unknown
paranoia,paranoia,pos_unknown
parchment,parchment,pos_unknown
parity,parity,pos_unknown
parochial,parochial,pos_unknown
parsimonious,parsimonious,pos_unknown
parson,parson,pos_unknown
passbook,passbook,pos_unknown
paste,paste,pos_unknown
pastoral,pastoral,pos_unknown
pathological,pathological,pos_unknown
pathology,pathology,pos_unknown
patriarch,patriarch,pos_unknown
patriarchal,patriarchal,pos_unknown
patrician,patrician,pos_unknown
patriotism,patriotism,pos_unknown
patronage,patronage,pos_unknown
paucity,paucity,pos_unknown
pawn,pawn,pos_unknown
payload,payload,pos_unknown
payroll,payroll,pos_unknown
peal,peal,pos_unknown
pedagogy,pedagogy,pos_unknown
pedantic,pedantic,pos_unknown
peddle,peddle,pos_unknown
peddler,peddler,pos_unknown
pediatric,pediatric,pos_unknown
pediatrician,pediatrician,pos_unknown
pedigree,pedigree,pos_unknown
peevish,peevish,pos_unknown
peg,peg,pos_unknown
pellet,pellet,pos_unknown
pelt,pelt,pos_unknown
pelvis,pelvis,pos_unknown
penance,penance,pos_unknown
penchant,penchant,pos_unknown
pendulum,pendulum,pos_unknown
penetration,penetration,pos_unknown
penitence,penitence,pos_unknown
pensive,pensive,pos_unknown
pentagon,pentagon,pos_unknown
perceptual,perceptual,pos_unknown
percolate,percolate,pos_unknown
perennial,perennial,pos_unknown
perforate,perforate,pos_unknown
perfunctory,perfunctory,pos_unknown
perimeter,perimeter,pos_unknown
peripheral,peripheral,pos_unknown
periphery,periphery,pos_unknown
periscope,periscope,pos_unknown
perjury,perjury,pos_unknown
pernicious,pernicious,pos_unknown
perpendicular,perpendicular,pos_unknown
perpetrate,perpetrate,pos_unknown
persecute,persecute,pos_unknown
pert,pert,pos_unknown
pertain,pertain,pos_unknown
pertinent,pertinent,pos_unknown
peruse,peruse,pos_unknown
petal,petal,pos_unknown
peter,peter,pos_unknown
petite,petite,pos_unknown
petulant,petulant,pos_unknown
phantom,phantom,pos_unknown
pharmaceutical,pharmaceutical,pos_unknown
philanthropy,philanthropy,pos_unknown
phony,phony,pos_unknown
physiology,physiology,pos_unknown
picket,picket,pos_unknown
piecemeal,piecemeal,pos_unknown
pigment,pigment,pos_unknown
pilfer,pilfer,pos_unknown
pilgrimage,pilgrimage,pos_unknown
pillage,pillage,pos_unknown
pique,pique,pos_unknown
piracy,piracy,pos_unknown
pissed,pissed,pos_unknown
pitfall,pitfall,pos_unknown
placate,placate,pos_unknown
plagiarism,plagiarism,pos_unknown
plaid,plaid,pos_unknown
plaintive,plaintive,pos_unknown
platoon,platoon,pos_unknown
plausible,plausible,pos_unknown
plaza,plaza,pos_unknown
pleading,pleading,pos_unknown
plebiscite,plebiscite,pos_unknown
plenary,plenary,pos_unknown
plethora,plethora,pos_unknown
pliant,pliant,pos_unknown
plod,plod,pos_unknown
plop,plop,pos_unknown
ploy,ploy,pos_unknown
plumage,plumage,pos_unknown
plumb,plumb,pos_unknown
plump,plump,pos_unknown
plywood,plywood,pos_unknown
pod,pod,pos_unknown
poignant,poignant,pos_unknown
polemic,polemic,pos_unknown
pollen,pollen,pos_unknown
polyglot,polyglot,pos_unknown
pomp,pomp,pos_unknown
pompous,pompous,pos_unknown
ponderous,ponderous,pos_unknown
populace,populace,pos_unknown
porcelain,porcelain,pos_unknown
pore,pore,pos_unknown
porous,porous,pos_unknown
portal,portal,pos_unknown
posh,posh,pos_unknown
posterior,posterior,pos_unknown
posthumous,posthumous,pos_unknown
postulate,postulate,pos_unknown
potency,potency,pos_unknown
pounce,pounce,pos_unknown
pout,pout,pos_unknown
precedence,precedence,pos_unknown
precept,precept,pos_unknown
precipice,precipice,pos_unknown
precipitous,precipitous,pos_unknown
precocious,precocious,pos_unknown
precursor,precursor,pos_unknown
predatory,predatory,pos_unknown
predicament,predicament,pos_unknown
predisposition,predisposition,pos_unknown
preemptive,preemptive,pos_unknown
prelude,prelude,pos_unknown
premonition,premonition,pos_unknown
prenatal,prenatal,pos_unknown
preponderance,preponderance,pos_unknown
preposterous,preposterous,pos_unknown
prerequisite,prerequisite,pos_unknown
prerogative,prerogative,pos_unknown
presage,presage,pos_unknown
prescribed,prescribed,pos_unknown
prim,prim,pos_unknown
primacy,primacy,pos_unknown
primate,primate,pos_unknown
primordial,primordial,pos_unknown
pristine,pristine,pos_unknown
privy,privy,pos_unknown
probation,probation,pos_unknown
procedural,procedural,pos_unknown
proclamation,proclamation,pos_unknown
procrastinate,procrastinate,pos_unknown
procurement,procurement,pos_unknown
prod,prod,pos_unknown
prodigal,prodigal,pos_unknown
prodigious,prodigious,pos_unknown
prodigy,prodigy,pos_unknown
profane,profane,pos_unknown
profanity,profanity,pos_unknown
proffer,proffer,pos_unknown
profuse,profuse,pos_unknown
profusion,profusion,pos_unknown
prognosis,prognosis,pos_unknown
projectile,projectile,pos_unknown
proliferate,proliferate,pos_unknown
proliferation,proliferation,pos_unknown
prolific,prolific,pos_unknown
promiscuous,promiscuous,pos_unknown
promontory,promontory,pos_unknown
promulgate,promulgate,pos_unknown
propagate,propagate,pos_unknown
propensity,propensity,pos_unknown
proportionate,proportionate,pos_unknown
proprietary,proprietary,pos_unknown
proprietor,proprietor,pos_unknown
propulsion,propulsion,pos_unknown
prosaic,prosaic,pos_unknown
proscribe,proscribe,pos_unknown
prospectus,prospectus,pos_unknown
prostitution,prostitution,pos_unknown
prostrate,prostrate,pos_unknown
protagonist,protagonist,pos_unknown
protrude,protrude,pos_unknown
proverbial,proverbial,pos_unknown
provisional,provisional,pos_unknown
proviso,proviso,pos_unknown
provocation,provocation,pos_unknown
provocative,provocative,pos_unknown
prowess,prowess,pos_unknown
prowl,prowl,pos_unknown
pseudo,pseudo,pos_unknown
pseudonym,pseudonym,pos_unknown
psycho,psycho,pos_unknown
puberty,puberty,pos_unknown
puddle,puddle,pos_unknown
pugnacious,pugnacious,pos_unknown
puke,puke,pos_unknown
pulmonary,pulmonary,pos_unknown
pulp,pulp,pos_unknown
pulverize,pulverize,pos_unknown
pun,pun,pos_unknown
punctuate,punctuate,pos_unknown
puncture,puncture,pos_unknown
pungent,pungent,pos_unknown
punitive,punitive,pos_unknown
purport,purport,pos_unknown
purr,purr,pos_unknown
pursuant,pursuant,pos_unknown
putative,putative,pos_unknown
quadrant,quadrant,pos_unknown
quadruple,quadruple,pos_unknown
quagmire,quagmire,pos_unknown
quandary,quandary,pos_unknown
quantum,quantum,pos_unknown
quarantine,quarantine,pos_unknown
quarrelsome,quarrelsome,pos_unknown
quarry,quarry,pos_unknown
quartet,quartet,pos_unknown
quash,quash,pos_unknown
quaver,quaver,pos_unknown
quay,quay,pos_unknown
queasy,queasy,pos_unknown
quell,quell,pos_unknown
quench,quench,pos_unknown
querulous,querulous,pos_unknown
questionable,questionable,pos_unknown
queue,queue,pos_unknown
quibble,quibble,pos_unknown
quintessential,quintessential,pos_unknown
quip,quip,pos_unknown
quirk,quirk,pos_unknown
quirky,quirky,pos_unknown
quixotic,quixotic,pos_unknown
quizzical,quizzical,pos_unknown
quorum,quorum,pos_unknown
rabid,rabid,pos_unknown
rabies,rabies,pos_unknown
rafter,rafter,pos_unknown
ragged,ragged,pos_unknown
raider,raider,pos_unknown
rambunctious,rambunctious,pos_unknown
ramification,ramification,pos_unknown
rampant,rampant,pos_unknown
rampart,rampart,pos_unknown
rancor,rancor,pos_unknown
ransack,ransack,pos_unknown
rant,rant,pos_unknown
rapacious,rapacious,pos_unknown
rapport,rapport,pos_unknown
rapprochement,rapprochement,pos_unknown
rapt,rapt,pos_unknown
rasp,rasp,pos_unknown
ratification,ratification,pos_unknown
rationale,rationale,pos_unknown
rationality,rationality,pos_unknown
raucous,raucous,pos_unknown
ravenous,ravenous,pos_unknown
ravine,ravine,pos_unknown
raze,raze,pos_unknown
reaffirm,reaffirm,pos_unknown
realistic,realistic,pos_unknown
realtor,realtor,pos_unknown
rebuff,rebuff,pos_unknown
rebuttal,rebuttal,pos_unknown
recalcitrant,recalcitrant,pos_unknown
receptive,receptive,pos_unknown
reckoning,reckoning,pos_unknown
recluse,recluse,pos_unknown
recoil,recoil,pos_unknown
recompense,recompense,pos_unknown
reconnaissance,reconnaissance,pos_unknown
recoup,recoup,pos_unknown
recourse,recourse,pos_unknown
recrimination,recrimination,pos_unknown
rectangle,rectangle,pos_unknown
rectangular,rectangular,pos_unknown
rectitude,rectitude,pos_unknown
recumbent,recumbent,pos_unknown
recuperate,recuperate,pos_unknown
recurring,recurring,pos_unknown
redress,redress,pos_unknown
refinery,refinery,pos_unknown
reflex,reflex,pos_unknown
regal,regal,pos_unknown
registry,registry,pos_unknown
regurgitate,regurgitate,pos_unknown
reimburse,reimburse,pos_unknown
reimbursement,reimbursement,pos_unknown
reinstate,reinstate,pos_unknown
reiterate,reiterate,pos_unknown
rejoinder,rejoinder,pos_unknown
rejuvenate,rejuvenate,pos_unknown
relapse,relapse,pos_unknown
relentlessly,relentlessly,pos_unknown
reliant,reliant,pos_unknown
relinquish,relinquish,pos_unknown
relive,relive,pos_unknown
remedial,remedial,pos_unknown
reminisce,reminisce,pos_unknown
reminiscent,reminiscent,pos_unknown
remission,remission,pos_unknown
remuneration,remuneration,pos_unknown
renal,renal,pos_unknown
rendezvous,rendezvous,pos_unknown
rendition,rendition,pos_unknown
renegade,renegade,pos_unknown
renege,renege,pos_unknown
renunciation,renunciation,pos_unknown
reparation,reparation,pos_unknown
repatriate,repatriate,pos_unknown
repeatedly,repeatedly,pos_unknown
repellent,repellent,pos_unknown
repercussion,repercussion,pos_unknown
replete,replete,pos_unknown
replicate,replicate,pos_unknown
repository,repository,pos_unknown
repressive,repressive,pos_unknown
reprieve,reprieve,pos_unknown
repudiate,repudiate,pos_unknown
repulse,repulse,pos_unknown
requisite,requisite,pos_unknown
rescind,rescind,pos_unknown
residual,residual,pos_unknown
resonant,resonant,pos_unknown
resonate,resonate,pos_unknown
respiratory,respiratory,pos_unknown
respite,respite,pos_unknown
resplendent,resplendent,pos_unknown
restitution,restitution,pos_unknown
resurgence,resurgence,pos_unknown
resurgent,resurgent,pos_unknown
resurrect,resurrect,pos_unknown
resurrection,resurrection,pos_unknown
resuscitate,resuscitate,pos_unknown
retaliate,retaliate,pos_unknown
retaliation,retaliation,pos_unknown
retarded,retarded,pos_unknown
retina,retina,pos_unknown
retorted,retorted,pos_unknown
retract,retract,pos_unknown
retribution,retribution,pos_unknown
retrospective,retrospective,pos_unknown
revamp,revamp,pos_unknown
revel,revel,pos_unknown
reverberate,reverberate,pos_unknown
revere,revere,pos_unknown
reverence,reverence,pos_unknown
reverie,reverie,pos_unknown
revile,revile,pos_unknown
revulsion,revulsion,pos_unknown
rhapsodize,rhapsodize,pos_unknown
rife,rife,pos_unknown
rift,rift,pos_unknown
rigor,rigor,pos_unknown
rind,rind,pos_unknown
rodent,rodent,pos_unknown
romp,romp,pos_unknown
roost,roost,pos_unknown
roster,roster,pos_unknown
rostrum,rostrum,pos_unknown
roundup,roundup,pos_unknown
rouse,rouse,pos_unknown
rout,rout,pos_unknown
rowdy,rowdy,pos_unknown
rubric,rubric,pos_unknown
ruckus,ruckus,pos_unknown
rudder,rudder,pos_unknown
ruddy,ruddy,pos_unknown
rudimentary,rudimentary,pos_unknown
rue,rue,pos_unknown
rueful,rueful,pos_unknown
ruefully,ruefully,pos_unknown
ruffle,ruffle,pos_unknown
ruminate,ruminate,pos_unknown
rummage,rummage,pos_unknown
rump,rump,pos_unknown
rupture,rupture,pos_unknown
rut,rut,pos_unknown
ruthlessly,ruthlessly,pos_unknown
sabbath,sabbath,pos_unknown
sabotage,sabotage,pos_unknown
sacrilegious,sacrilegious,pos_unknown
sacrosanct,sacrosanct,pos_unknown
sag,sag,pos_unknown
sagacious,sagacious,pos_unknown
salient,salient,pos_unknown
saline,saline,pos_unknown
saliva,saliva,pos_unknown
sanctimonious,sanctimonious,pos_unknown
sanctity,sanctity,pos_unknown
sanguine,sanguine,pos_unknown
sardonic,sardonic,pos_unknown
satchel,satchel,pos_unknown
saturation,saturation,pos_unknown
saunter,saunter,pos_unknown
savior,savior,pos_unknown
savvy,savvy,pos_unknown
scamper,scamper,pos_unknown
scant,scant,pos_unknown
scarcity,scarcity,pos_unknown
scathing,scathing,pos_unknown
scattered,scattered,pos_unknown
schema,schema,pos_unknown
schematic,schematic,pos_unknown
schism,schism,pos_unknown
sclerosis,sclerosis,pos_unknown
scoff,scoff,pos_unknown
scour,scour,pos_unknown
scourge,scourge,pos_unknown
scowl,scowl,pos_unknown
screech,screech,pos_unknown
scribble,scribble,pos_unknown
scribe,scribe,pos_unknown
scruffy,scruffy,pos_unknown
scruple,scruple,pos_unknown
scrupulous,scrupulous,pos_unknown
scuffle,scuffle,pos_unknown
scum,scum,pos_unknown
scurry,scurry,pos_unknown
scuttle,scuttle,pos_unknown
secede,secede,pos_unknown
secession,secession,pos_unknown
seclude,seclude,pos_unknown
secrete,secrete,pos_unknown
sectarian,sectarian,pos_unknown
sedate,sedate,pos_unknown
sedative,sedative,pos_unknown
sedentary,sedentary,pos_unknown
sediment,sediment,pos_unknown
seductive,seductive,pos_unknown
seedling,seedling,pos_unknown
seethe,seethe,pos_unknown
seismic,seismic,pos_unknown
semantic,semantic,pos_unknown
semen,semen,pos_unknown
semester,semester,pos_unknown
semiconductor,semiconductor,pos_unknown
seminary,seminary,pos_unknown
senile,senile,pos_unknown
sentry,sentry,pos_unknown
sequester,sequester,pos_unknown
serendipity,serendipity,pos_unknown
serpent,serpent,pos_unknown
serrated,serrated,pos_unknown
serum,serum,pos_unknown
serviceman,serviceman,pos_unknown
servile,servile,pos_unknown
sewerage,sewerage,pos_unknown
sexist,sexist,pos_unknown
sexuality,sexuality,pos_unknown
shackle,shackle,pos_unknown
shaggy,shaggy,pos_unknown
sham,sham,pos_unknown
shank,shank,pos_unknown
shard,shard,pos_unknown
shear,shear,pos_unknown
sheath,sheath,pos_unknown
sheen,sheen,pos_unknown
sheepishly,sheepishly,pos_unknown
shin,shin,pos_unknown
shingle,shingle,pos_unknown
shitty,shitty,pos_unknown
shoal,shoal,pos_unknown
shoddy,shoddy,pos_unknown
shortfall,shortfall,pos_unknown
shrivel,shrivel,pos_unknown
shroud,shroud,pos_unknown
sidekick,sidekick,pos_unknown
sieve,sieve,pos_unknown
sinew,sinew,pos_unknown
sinful,sinful,pos_unknown
sinus,sinus,pos_unknown
sire,sire,pos_unknown
skew,skew,pos_unknown
skirmish,skirmish,pos_unknown
slacken,slacken,pos_unknown
slander,slander,pos_unknown
slapstick,slapstick,pos_unknown
sleazy,sleazy,pos_unknown
sleek,sleek,pos_unknown
sleigh,sleigh,pos_unknown
slick,slick,pos_unknown
slither,slither,pos_unknown
slouch,slouch,pos_unknown
slough,slough,pos_unknown
slovenly,slovenly,pos_unknown
sludge,sludge,pos_unknown
sluice,sluice,pos_unknown
smack,smack,pos_unknown
smallpox,smallpox,pos_unknown
smear,smear,pos_unknown
smirk,smirk,pos_unknown
smite,smite,pos_unknown
smolder,smolder,pos_unknown
smother,smother,pos_unknown
smug,smug,pos_unknown
smuggler,smuggler,pos_unknown
snag,snag,pos_unknown
snarl,snarl,pos_unknown
snip,snip,pos_unknown
snippet,snippet,pos_unknown
soaring,soaring,pos_unknown
sod,sod,pos_unknown
soggy,soggy,pos_unknown
sojourn,sojourn,pos_unknown
solace,solace,pos_unknown
solemn,solemn,pos_unknown
solemnity,solemnity,pos_unknown
solstice,solstice,pos_unknown
solvent,solvent,pos_unknown
somber,somber,pos_unknown
sonic,sonic,pos_unknown
soothing,soothing,pos_unknown
sorcerer,sorcerer,pos_unknown
sordid,sordid,pos_unknown
sorely,sorely,pos_unknown
sortie,sortie,pos_unknown
sparse,sparse,pos_unknown
spasm,spasm,pos_unknown
spate,spate,pos_unknown
spatula,spatula,pos_unknown
spearhead,spearhead,pos_unknown
specious,specious,pos_unknown
speck,speck,pos_unknown
specter,specter,pos_unknown
speculative,speculative,pos_unknown
spire,spire,pos_unknown
splice,splice,pos_unknown
spontaneously,spontaneously,pos_unknown
spooky,spooky,pos_unknown
sporadic,sporadic,pos_unknown
spore,spore,pos_unknown
spree,spree,pos_unknown
sprig,sprig,pos_unknown
sprightly,sprightly,pos_unknown
sprite,sprite,pos_unknown
spruce,spruce,pos_unknown
spurious,spurious,pos_unknown
spurn,spurn,pos_unknown
sputter,sputter,pos_unknown
squabble,squabble,pos_unknown
squadron,squadron,pos_unknown
squalid,squalid,pos_unknown
squalor,squalor,pos_unknown
squander,squander,pos_unknown
squeal,squeal,pos_unknown
squint,squint,pos_unknown
squirm,squirm,pos_unknown
squirt,squirt,pos_unknown
staggering,staggering,pos_unknown
stagnation,stagnation,pos_unknown
stained,stained,pos_unknown
stalemate,stalemate,pos_unknown
stallion,stallion,pos_unknown
stalwart,stalwart,pos_unknown
starch,starch,pos_unknown
stark,stark,pos_unknown
startling,startling,pos_unknown
stash,stash,pos_unknown
stately,stately,pos_unknown
statistic,statistic,pos_unknown
statutory,statutory,pos_unknown
staunch,staunch,pos_unknown
stead,stead,pos_unknown
stealth,stealth,pos_unknown
stellar,stellar,pos_unknown
stench,stench,pos_unknown
stenographer,stenographer,pos_unknown
sterilize,sterilize,pos_unknown
stigma,stigma,pos_unknown
stigmatize,stigmatize,pos_unknown
stingy,stingy,pos_unknown
stint,stint,pos_unknown
stockpile,stockpile,pos_unknown
stoke,stoke,pos_unknown
stow,stow,pos_unknown
stratum,stratum,pos_unknown
strenuous,strenuous,pos_unknown
strew,strew,pos_unknown
stricture,stricture,pos_unknown
strident,strident,pos_unknown
stringent,stringent,pos_unknown
stronghold,stronghold,pos_unknown
stub,stub,pos_unknown
stubble,stubble,pos_unknown
stud,stud,pos_unknown
stuffed,stuffed,pos_unknown
stunned,stunned,pos_unknown
stunning,stunning,pos_unknown
stunt,stunt,pos_unknown
stupendous,stupendous,pos_unknown
stupor,stupor,pos_unknown
stutter,stutter,pos_unknown
stymie,stymie,pos_unknown
subdivision,subdivision,pos_unknown
subjugate,subjugate,pos_unknown
submissive,submissive,pos_unknown
subservient,subservient,pos_unknown
subsistence,subsistence,pos_unknown
substantive,substantive,pos_unknown
subterranean,subterranean,pos_unknown
subversive,subversive,pos_unknown
subvert,subvert,pos_unknown
successive,successive,pos_unknown
succinct,succinct,pos_unknown
succulent,succulent,pos_unknown
succumb,succumb,pos_unknown
suffrage,suffrage,pos_unknown
suitor,suitor,pos_unknown
sulk,sulk,pos_unknown
sully,sully,pos_unknown
sultry,sultry,pos_unknown
sumptuous,sumptuous,pos_unknown
sunburn,sunburn,pos_unknown
sundry,sundry,pos_unknown
superfluous,superfluous,pos_unknown
superimpose,superimpose,pos_unknown
supernova,supernova,pos_unknown
supersede,supersede,pos_unknown
supplant,supplant,pos_unknown
supple,supple,pos_unknown
surcharge,surcharge,pos_unknown
surly,surly,pos_unknown
surreptitious,surreptitious,pos_unknown
surrogate,surrogate,pos_unknown
susceptibility,susceptibility,pos_unknown
suspense,suspense,pos_unknown
sustenance,sustenance,pos_unknown
swagger,swagger,pos_unknown
swindle,swindle,pos_unknown
swine,swine,pos_unknown
swollen,swollen,pos_unknown
swoon,swoon,pos_unknown
sycophantic,sycophantic,pos_unknown
syndicate,syndicate,pos_unknown
synonymous,synonymous,pos_unknown
synopsis,synopsis,pos_unknown
syntax,syntax,pos_unknown
synthesis,synthesis,pos_unknown
syringe,syringe,pos_unknown
tableau,tableau,pos_unknown
tacit,tacit,pos_unknown
taciturn,taciturn,pos_unknown
tacky,tacky,pos_unknown
tactful,tactful,pos_unknown
tactile,tactile,pos_unknown
tad,tad,pos_unknown
talisman,talisman,pos_unknown
tally,tally,pos_unknown
talon,talon,pos_unknown
tamper,tamper,pos_unknown
tandem,tandem,pos_unknown
tang,tang,pos_unknown
tangled,tangled,pos_unknown
tantalize,tantalize,pos_unknown
tantalizing,tantalizing,pos_unknown
tantamount,tantamount,pos_unknown
tantrum,tantrum,pos_unknown
tardy,tardy,pos_unknown
tarnish,tarnish,pos_unknown
tarp,tarp,pos_unknown
taunt,taunt,pos_unknown
taut,taut,pos_unknown
tawdry,tawdry,pos_unknown
teem,teem,pos_unknown
teeter,teeter,pos_unknown
tempestuous,tempestuous,pos_unknown
tenacious,tenacious,pos_unknown
tenancy,tenancy,pos_unknown
tenement,tenement,pos_unknown
tenet,tenet,pos_unknown
tenor,tenor,pos_unknown
tense,tense,pos_unknown
tentacle,tentacle,pos_unknown
tenuous,tenuous,pos_unknown
tenure,tenure,pos_unknown
tepid,tepid,pos_unknown
terminology,terminology,pos_unknown
terrestrial,terrestrial,pos_unknown
terse,terse,pos_unknown
testimonial,testimonial,pos_unknown
tetanus,tetanus,pos_unknown
tether,tether,pos_unknown
textual,textual,pos_unknown
thatch,thatch,pos_unknown
thee,thee,pos_unknown
therein,therein,pos_unknown
thesaurus,thesaurus,pos_unknown
thimble,thimble,pos_unknown
thirst,thirst,pos_unknown
thoroughfare,thoroughfare,pos_unknown
thrash,thrash,pos_unknown
threadbare,threadbare,pos_unknown
thug,thug,pos_unknown
thwart,thwart,pos_unknown
thyroid,thyroid,pos_unknown
tier,tier,pos_unknown
timidity,timidity,pos_unknown
tinge,tinge,pos_unknown
tint,tint,pos_unknown
toddler,toddler,pos_unknown
tolerant,tolerant,pos_unknown
topography,topography,pos_unknown
torment,torment,pos_unknown
torpedo,torpedo,pos_unknown
torpid,torpid,pos_unknown
torso,torso,pos_unknown
tort,tort,pos_unknown
totter,totter,pos_unknown
touchy,touchy,pos_unknown
tout,tout,pos_unknown
traction,traction,pos_unknown
trajectory,trajectory,pos_unknown
trample,trample,pos_unknown
tranquilize,tranquilize,pos_unknown
transcendent,transcendent,pos_unknown
transcription,transcription,pos_unknown
transgression,transgression,pos_unknown
transitory,transitory,pos_unknown
transmitter,transmitter,pos_unknown
transpire,transpire,pos_unknown
treachery,treachery,pos_unknown
treadmill,treadmill,pos_unknown
treason,treason,pos_unknown
treasurer,treasurer,pos_unknown
treatise,treatise,pos_unknown
tremor,tremor,pos_unknown
tremulous,tremulous,pos_unknown
trepidation,trepidation,pos_unknown
triad,triad,pos_unknown
trident,trident,pos_unknown
trilogy,trilogy,pos_unknown
trinity,trinity,pos_unknown
tripod,tripod,pos_unknown
trite,trite,pos_unknown
trivia,trivia,pos_unknown
trough,trough,pos_unknown
truant,truant,pos_unknown
truce,truce,pos_unknown
trudge,trudge,pos_unknown
truncate,truncate,pos_unknown
tuberculosis,tuberculosis,pos_unknown
tuft,tuft,pos_unknown
tummy,tummy,pos_unknown
tumultuous,tumultuous,pos_unknown
turbulence,turbulence,pos_unknown
turbulent,turbulent,pos_unknown
turnaround,turnaround,pos_unknown
turnpike,turnpike,pos_unknown
twirl,twirl,pos_unknown
twitch,twitch,pos_unknown
twitter,twitter,pos_unknown
tycoon,tycoon,pos_unknown
typhoid,typhoid,pos_unknown
tyrant,tyrant,pos_unknown
ubiquitous,ubiquitous,pos_unknown
ulcer,ulcer,pos_unknown
ulterior,ulterior,pos_unknown
ultimatum,ultimatum,pos_unknown
ultraviolet,ultraviolet,pos_unknown
umbrage,umbrage,pos_unknown
unanimously,unanimously,pos_unknown
uncanny,uncanny,pos_unknown
unconventional,unconventional,pos_unknown
uncouth,uncouth,pos_unknown
unctuous,unctuous,pos_unknown
underhand,underhand,pos_unknown
underpin,underpin,pos_unknown
undue,undue,pos_unknown
unearth,unearth,pos_unknown
unequivocal,unequivocal,pos_unknown
unethical,unethical,pos_unknown
unflappable,unflappable,pos_unknown
unfurl,unfurl,pos_unknown
unilateral,unilateral,pos_unknown
unintended,unintended,pos_unknown
unison,unison,pos_unknown
unkempt,unkempt,pos_unknown
unscathed,unscathed,pos_unknown
unscrupulous,unscrupulous,pos_unknown
untenable,untenable,pos_unknown
up-to-date,up-to-date,pos_unknown
upheaval,upheaval,pos_unknown
upholstery,upholstery,pos_unknown
upshot,upshot,pos_unknown
urbane,urbane,pos_unknown
urine,urine,pos_unknown
urn,urn,pos_unknown
usher,usher,pos_unknown
usurp,usurp,pos_unknown
uterus,uterus,pos_unknown
utilization,utilization,pos_unknown
vacillate,vacillate,pos_unknown
vacuous,vacuous,pos_unknown
vagabond,vagabond,pos_unknown
vainglorious,vainglorious,pos_unknown
vale,vale,pos_unknown
valet,valet,pos_unknown
valiant,valiant,pos_unknown
valor,valor,pos_unknown
vandalism,vandalism,pos_unknown
vanguard,vanguard,pos_unknown
vanquish,vanquish,pos_unknown
vantage,vantage,pos_unknown
vapid,vapid,pos_unknown
variegated,variegated,pos_unknown
varsity,varsity,pos_unknown
vascular,vascular,pos_unknown
vat,vat,pos_unknown
veal,veal,pos_unknown
vector,vector,pos_unknown
veer,veer,pos_unknown
vehement,vehement,pos_unknown
vehemently,vehemently,pos_unknown
venerable,venerable,pos_unknown
venerate,venerate,pos_unknown
vengeance,vengeance,pos_unknown
venom,venom,pos_unknown
ventilation,ventilation,pos_unknown
veracity,veracity,pos_unknown
verbally,verbally,pos_unknown
verbose,verbose,pos_unknown
verification,verification,pos_unknown
veritable,veritable,pos_unknown
vernacular,vernacular,pos_unknown
versatile,versatile,pos_unknown
vested,vested,pos_unknown
vestige,vestige,pos_unknown
vet,vet,pos_unknown
veterinarian,veterinarian,pos_unknown
veto,veto,pos_unknown
vex,vex,pos_unknown
vexation,vexation,pos_unknown
vial,vial,pos_unknown
vicar,vicar,pos_unknown
vicarious,vicarious,pos_unknown
vigil,vigil,pos_unknown
vigilant,vigilant,pos_unknown
vigilante,vigilante,pos_unknown
vignette,vignette,pos_unknown
vigorously,vigorously,pos_unknown
vile,vile,pos_unknown
vindicate,vindicate,pos_unknown
vindication,vindication,pos_unknown
vindictive,vindictive,pos_unknown
virile,virile,pos_unknown
virtuoso,virtuoso,pos_unknown
visage,visage,pos_unknown
visceral,visceral,pos_unknown
vista,vista,pos_unknown
vituperate,vituperate,pos_unknown
vivacious,vivacious,pos_unknown
vociferous,vociferous,pos_unknown
volatile,volatile,pos_unknown
volatility,volatility,pos_unknown
volition,volition,pos_unknown
voluble,voluble,pos_unknown
voluptuous,voluptuous,pos_unknown
voracious,voracious,pos_unknown
vouch,vouch,pos_unknown
vulgarity,vulgarity,pos_unknown
wacky,wacky,pos_unknown
wad,wad,pos_unknown
waft,waft,pos_unknown
waiver,waiver,pos_unknown
wand,wand,pos_unknown
wane,wane,pos_unknown
wanton,wanton,pos_unknown
warble,warble,pos_unknown
warden,warden,pos_unknown
warhead,warhead,pos_unknown
warren,warren,pos_unknown
wart,wart,pos_unknown
wartime,wartime,pos_unknown
wary,wary,pos_unknown
waterfall,waterfall,pos_unknown
watershed,watershed,pos_unknown
wavelength,wavelength,pos_unknown
wayward,wayward,pos_unknown
wean,wean,pos_unknown
wedge,wedge,pos_unknown
wee,wee,pos_unknown
wellness,wellness,pos_unknown
welsh,welsh,pos_unknown
welter,welter,pos_unknown
whack,whack,pos_unknown
wharf,wharf,pos_unknown
wheedle,wheedle,pos_unknown
wheeze,wheeze,pos_unknown
whereabouts,whereabouts,pos_unknown
whet,whet,pos_unknown
whiff,whiff,pos_unknown
whim,whim,pos_unknown
whimper,whimper,pos_unknown
whimsical,whimsical,pos_unknown
whine,whine,pos_unknown
whirl,whirl,pos_unknown
whirlpool,whirlpool,pos_unknown
whirlwind,whirlwind,pos_unknown
whisker,whisker,pos_unknown
whitewash,whitewash,pos_unknown
whittle,whittle,pos_unknown
whore,whore,pos_unknown
wicker,wicker,pos_unknown
widget,widget,pos_unknown
wield,wield,pos_unknown
wig,wig,pos_unknown
wiggle,wiggle,pos_unknown
wilt,wilt,pos_unknown
wily,wily,pos_unknown
wince,wince,pos_unknown
winsome,winsome,pos_unknown
wistful,wistful,pos_unknown
wobble,wobble,pos_unknown
womb,womb,pos_unknown
worthy,worthy,pos_unknown
wrangle,wrangle,pos_unknown
wrath,wrath,pos_unknown
wreak,wreak,pos_unknown
wreckage,wreckage,pos_unknown
wrest,wrest,pos_unknown
wretch,wretch,pos_unknown
wriggle,wriggle,pos_unknown
wring,wring,pos_unknown
writ,writ,pos_unknown
writhe,writhe,pos_unknown
wry,wry,pos_unknown
xenial,xenial,pos_unknown
xenolith,xenolith,pos_unknown
xenophile,xenophile,pos_unknown
xenophobia,xenophobia,pos_unknown
xenophobic,xenophobic,pos_unknown
xylophone,xylophone,pos_unknown
yawp,yawp,pos_unknown
yeast,yeast,pos_unknown
yeasty,yeasty,pos_unknown
yelp,yelp,pos_unknown
yeoman,yeoman,pos_unknown
yoke,yoke,pos_unknown
yonder,yonder,pos_unknown
yore,yore,pos_unknown
zealot,zealot,pos_unknown
zealous,zealous,pos_unknown
zenith,zenith,pos_unknown
zephyr,zephyr,pos_unknown
zeppelin,zeppelin,pos_unknown
zest,zest,pos_unknown
zestful,zestful,pos_unknown
zinc,zinc,pos_unknown
zodiac,zodiac,pos_unknown
