word,suggested_level,junior_meaning_ja,high_meaning_ja,source_names,source_ranks,master_status
a few,junior_high,少数の,,junior_word_list,903,missing
a kind of,junior_high,一種の,,junior_word_list,1246,missing
a little,junior_high,少し,,junior_word_list,310,missing
according to,junior_high,によれば,,junior_word_list,730,missing
after a while,junior_high,しばらくして,,junior_word_list,1253,missing
after all,junior_high,結局,,junior_word_list,740,missing
agree with,junior_high,に賛成する,,junior_word_list,1255,missing
air conditioner,junior_high,冷房,,junior_word_list,743,missing
alive,junior_high,生きて,生きている,junior_word_list;high_word_list,746;1148;1651,missing
all over,junior_high,の至るところで,,junior_word_list,1076,missing
all the time,junior_high,常に,,junior_word_list,1257,missing
amaze,junior_high,をびっくりさせる,,junior_word_list,1261,missing
amazing,junior_high,驚くべき,,junior_word_list,1262,missing
and so on,junior_high,など,,junior_word_list,20,missing
angle,junior_high,角度,角度,junior_word_list;high_word_list,751;49,missing
announce,junior_high,を発表する,,junior_word_list,1265,missing
announcement,junior_high,発表,,junior_word_list,1266,missing
apologize,junior_high,謝る,,junior_word_list,755,missing
apron,junior_high,エプロン、前かけ,,junior_word_list,25,missing
arrest,junior_high,を逮捕する,,junior_word_list,1273,missing
arrive at,junior_high,に到着する,,junior_word_list,760,missing
article,junior_high,記事,記事,junior_word_list;high_word_list,761;404,missing
artistic,junior_high,芸術的な,,junior_word_list,1275,missing
as a result,junior_high,結果として,,junior_word_list,1125,missing
as for,junior_high,について言えば,,junior_word_list,763,missing
ask a favor,junior_high,にお願いする,,junior_word_list,898,missing
at night,junior_high,夜に,,junior_word_list,1059,missing
audience,junior_high,聴衆，観客,聴衆,junior_word_list;high_word_list,1279;208,missing
awesome,junior_high,すばらしい,,junior_word_list,1281,missing
ban,junior_high,を禁止する,禁止する,junior_word_list;high_word_list,1284;391,missing
barrier,junior_high,障壁,,junior_word_list,768,missing
battery,junior_high,電池,電池,junior_word_list;high_word_list,1286;763;1266,missing
be about to,junior_high,今にもしようとしている,,junior_word_list,726,missing
be afraid to,junior_high,するのがこわい,,junior_word_list,737,missing
be amazed at,junior_high,に驚かされる,,junior_word_list,1287,missing
be different from,junior_high,とはちがっている,,junior_word_list,1288,missing
be going to,junior_high,するつもりだ,,junior_word_list,932,missing
be in danger of,junior_high,の危険にさらされている,,junior_word_list,1289,missing
be interested in,junior_high,に興味がある,,junior_word_list,985,missing
be ready for,junior_high,の用意ができている,,junior_word_list,1290,missing
be satisfied with,junior_high,に満足する,,junior_word_list,1291,missing
because of,junior_high,が理由で,,junior_word_list,772,missing
begin to,junior_high,し始める,,junior_word_list,778,missing
beginner,junior_high,初心者,,junior_word_list,1295,missing
border,junior_high,国境,,junior_word_list,1309,missing
bored,junior_high,退屈した,退屈した,junior_word_list;high_word_list,785;1027;1530,missing
born,junior_high,生まれる,,junior_word_list,1310,missing
breed,junior_high,を飼育する，繁殖する,,junior_word_list,1316,missing
burden,junior_high,負担，重荷,重荷,junior_word_list;high_word_list,1320;1791;2131,missing
bye for now,junior_high,さようなら,,junior_word_list,798,missing
call back,junior_high,折り返し電話する,,junior_word_list,801,missing
calligraphy,junior_high,書道,,junior_word_list,1322,missing
cancer,junior_high,がん,,junior_word_list,1324,missing
cannot,junior_high,できない,,junior_word_list,87,missing
capture,junior_high,を捕まえる,捕える,junior_word_list;high_word_list,1325;1873;2213,missing
carbon dioxide,junior_high,二酸化炭素,,junior_word_list,1326,missing
career,junior_high,職業,,junior_word_list,806,missing
change trains,junior_high,電車を乗りかえる,,junior_word_list,817,missing
charge,junior_high,を充電する,非難,junior_word_list;high_word_list,1332;522,missing
check out,junior_high,を調査する,,junior_word_list,1334,missing
chemical,junior_high,化学物質,化学の,junior_word_list;high_word_list,1335;816;1319,missing
childhood,junior_high,子供のころ,子供時代,junior_word_list;high_word_list,820;1061;1564,missing
colony,junior_high,植民地,植民地,junior_word_list;high_word_list,1348;1902;2242,missing
colorful,junior_high,色彩に富んだ,,junior_word_list,1349,missing
come from,junior_high,出身である,,junior_word_list,833,missing
comedy,junior_high,喜劇,喜劇,junior_word_list;high_word_list,834;722;1225,missing
conference,junior_high,会議,会議,junior_word_list;high_word_list,838;529,missing
connect,junior_high,を結びつける,つなげる,junior_word_list;high_word_list,839;1351;961;1464,missing
consumer,junior_high,消費者,消費者,junior_word_list;high_word_list,1352;286,missing
contact,junior_high,接触,,junior_word_list,840;1353,missing
could you?,junior_high,してくださいませんか？,,junior_word_list,845,missing
countryside,junior_high,田舎,,junior_word_list,1359,missing
creative,junior_high,創造力のある,創造的な,junior_word_list;high_word_list,1364;1029;1532,missing
cultural,junior_high,文化の,,junior_word_list,849,missing
curious,junior_high,好奇心の強い,好奇心が強い,junior_word_list;high_word_list,1367;1178;1681,missing
custom-made,junior_high,注文で作った,,junior_word_list,1369,missing
dam,junior_high,ダム,,junior_word_list,1372,missing
dead,junior_high,死んだ,,junior_word_list,1376,missing
debate,junior_high,討論,討論,junior_word_list;high_word_list,1378;544,missing
decide to,junior_high,しようと決心する,,junior_word_list,1379,missing
definitely,junior_high,もちろん，確かに,絶対に,junior_word_list;high_word_list,1381;420,missing
delivery,junior_high,配達,郵送,junior_word_list;high_word_list,857;746;1249,missing
depend on,junior_high,に頼る,,junior_word_list,1383,missing
die out,junior_high,絶滅する,,junior_word_list,1390,missing
dinosaur,junior_high,恐竜,,junior_word_list,861,missing
disabled,junior_high,体の不自由な,,junior_word_list,863,missing
disagree,junior_high,意見が合わない,反対する,junior_word_list;high_word_list,1392;2046;2386,missing
disappear,junior_high,姿を消す、消滅する,消える,junior_word_list;high_word_list,864;84,missing
disaster,junior_high,災害,災害,junior_word_list;high_word_list,1393;552,missing
discrimination,junior_high,差別,,junior_word_list,1395,missing
do one's best,junior_high,最善をつくす,,junior_word_list,58,missing
do well,junior_high,元気になる,,junior_word_list,1224,missing
domestic,junior_high,国内の,国内の,junior_word_list;high_word_list,1399;821;1324,missing
don't have to,junior_high,しなくてよい,,junior_word_list,948,missing
donate,junior_high,を寄付する,,junior_word_list,1400,missing
drop out,junior_high,中退する,,junior_word_list,1405,missing
each other,junior_high,お互いに,,junior_word_list,144,missing
earthquake,junior_high,地震,,junior_word_list,1407,missing
eat out,junior_high,外食する,,junior_word_list,1408,missing
ecosystem,junior_high,生態系,,junior_word_list,1409,missing
effective,junior_high,効果的な,効果的な,junior_word_list;high_word_list,1410;1030;1533,missing
effectively,junior_high,効果的に,効果的に,junior_word_list;high_word_list,875;1999;2339,missing
electricity,junior_high,電力,,junior_word_list,1411,missing
electronic,junior_high,電子の,電子,junior_word_list;high_word_list,1412;197,missing
electronic device,junior_high,電子機器,,junior_word_list,1413,missing
elementary school,junior_high,小学校,,junior_word_list,155,missing
emergency,junior_high,緊急事態,緊急の,junior_word_list;high_word_list,1415;92,missing
employee,junior_high,従業員,従業員,junior_word_list;high_word_list,1416;773;1276,missing
encourage to ～,junior_high,に～するように促す,,junior_word_list,1418,missing
endangered,junior_high,絶滅の危機にさらされている,,junior_word_list,1419,missing
ending,junior_high,終わり，結末,,junior_word_list,1420,missing
envelope,junior_high,封筒,,junior_word_list,881,missing
era,junior_high,時代,時代,junior_word_list;high_word_list,1424;1799;2139,missing
establish,junior_high,を設立する,設立する,junior_word_list;high_word_list,1425;247,missing
evacuation,junior_high,避難,,junior_word_list,1426,missing
evacuation drill,junior_high,避難訓練,,junior_word_list,1427,missing
even if,junior_high,たとえ～だとしても,,junior_word_list,1428,missing
eventually,junior_high,最後には,結局は,junior_word_list;high_word_list,884;343,missing
every year,junior_high,毎年,,junior_word_list,1432,missing
exception,junior_high,例外,例外,junior_word_list;high_word_list,1434;1728;2068,missing
exhibition,junior_high,展示,展示,junior_word_list;high_word_list,889;199,missing
extend,junior_high,を広げる,延びる,junior_word_list;high_word_list,1438;801;1304,missing
extinction,junior_high,絶滅,絶滅,junior_word_list;high_word_list,1439;1771;2111,missing
extinguisher,junior_high,消火器,,junior_word_list,1440,missing
facility,junior_high,施設、設備,施設,junior_word_list;high_word_list,894;1802;2142,missing
fall down,junior_high,倒れる,,junior_word_list,172,missing
fantastic,junior_high,すばらしい,,junior_word_list,1443,missing
feather,junior_high,羽,,junior_word_list,1447,missing
feature,junior_high,特色,特徴,junior_word_list;high_word_list,899;184,missing
feedback,junior_high,意見,,junior_word_list,900,missing
feel free to,junior_high,遠慮なくする,,junior_word_list,1448,missing
feel like ~ing,junior_high,したい気がする,,junior_word_list,901,missing
fever,junior_high,熱,,junior_word_list,183,missing
fiction,junior_high,小説,,junior_word_list,904,missing
flour,junior_high,小麦粉,,junior_word_list,909,missing
fold,junior_high,を折る，折りたたむ,折りたたむ,junior_word_list;high_word_list,1462;2052;2392,missing
follower,junior_high,支持者,,junior_word_list,1463,missing
for example,junior_high,例えば,,junior_word_list,888,missing
for now,junior_high,今のところは,,junior_word_list,1061,missing
for one thing,junior_high,1つには,,junior_word_list,1068,missing
for sale,junior_high,売り物の,,junior_word_list,1139,missing
forth,junior_high,前へ,,junior_word_list,1466,missing
fortunately,junior_high,幸運にも,,junior_word_list,1467,missing
fossil,junior_high,化石,,junior_word_list,916,missing
fossil fuel,junior_high,化石燃料,,junior_word_list,1468,missing
freedom,junior_high,自由,,junior_word_list,920,missing
freely,junior_high,自由に,,junior_word_list,1471,missing
from abroad,junior_high,外国から,,junior_word_list,728,missing
functional,junior_high,実用的な,,junior_word_list,1475,missing
garage,junior_high,車庫,,junior_word_list,1476,missing
gather,junior_high,を集める,集める,junior_word_list;high_word_list,927;294,missing
get fired,junior_high,解雇される,,junior_word_list,1480,missing
get out,junior_high,外へ出る,,junior_word_list,1481,missing
get over,junior_high,を乗りこえる,,junior_word_list,1482,missing
glacier,junior_high,氷河,,junior_word_list,930,missing
go back,junior_high,帰る，戻る,,junior_word_list,1485,missing
go by,junior_high,通り過ぎる,,junior_word_list,934,missing
go on,junior_high,する，始める,,junior_word_list,1486;1487,missing
go out,junior_high,外出する,,junior_word_list,933,missing
go through,junior_high,人生を送る,,junior_word_list,1488,missing
graduate,junior_high,卒業する,卒業する,junior_word_list;high_word_list,1492;984;1487,missing
graduation,junior_high,卒業,,junior_word_list,1493,missing
grand,junior_high,壮大な,壮大な,junior_word_list;high_word_list,935;1893;2233,missing
growth,junior_high,増加,,junior_word_list,1496,missing
hand out,junior_high,を配る,,junior_word_list,1500,missing
has to,junior_high,しなければならない,,junior_word_list,946,missing
have to,junior_high,しなければならない,,junior_word_list,947,missing
headache,junior_high,頭痛,,junior_word_list,244,missing
hear of,junior_high,について聞く,,junior_word_list,951,missing
helpful,junior_high,役に立つ,,junior_word_list,955,missing
heritage,junior_high,遺産,遺産,junior_word_list;high_word_list,956;718,missing
high school,junior_high,高校,,junior_word_list,1511,missing
hope to,junior_high,したいと願う,,junior_word_list,1516,missing
hopeful,junior_high,希望を持っている,,junior_word_list,1517,missing
horizon,junior_high,地平線，水平線,,junior_word_list,1518,missing
horror,junior_high,恐怖,恐怖,junior_word_list;high_word_list,965;764;1267,missing
how about ~?,junior_high,はどうですか？,,junior_word_list,968,missing
how long ?,junior_high,どれくらいの長さ？,,junior_word_list,1519,missing
how much ?,junior_high,どれくらいの量？,,junior_word_list,1520,missing
how much ~?,junior_high,はいくらですか？,,junior_word_list,970,missing
how to,junior_high,する方法,,junior_word_list,969,missing
human being,junior_high,人間,,junior_word_list,1522,missing
human rights,junior_high,人権,,junior_word_list,1523,missing
hunting,junior_high,狩り,,junior_word_list,974,missing
illegal,junior_high,違法な,違法の,junior_word_list;high_word_list,1525;931;1434,missing
illiterate,junior_high,読み書きのできない,,junior_word_list,1526,missing
in case of,junior_high,の場合には,,junior_word_list,1530,missing
in front of,junior_high,の前に,,junior_word_list,922,missing
in full,junior_high,全部,,junior_word_list,924,missing
in season,junior_high,旬で,,junior_word_list,1531,missing
in the future,junior_high,将来に,,junior_word_list,926,missing
in the middle of,junior_high,の真ん中に,,junior_word_list,1035,missing
in the open air,junior_high,屋外で,,junior_word_list,1532,missing
in those days,junior_high,当時は,,junior_word_list,1533,missing
independence,junior_high,独立,独立,junior_word_list;high_word_list,1537;579,missing
injure,junior_high,を傷つける,,junior_word_list,1538,missing
inner,junior_high,内部の，内側の,,junior_word_list,1539,missing
instead of,junior_high,のかわりに,,junior_word_list,1541,missing
instruction,junior_high,指示,指示,junior_word_list;high_word_list,1542;580,missing
interdependent,junior_high,相互に依存している,,junior_word_list,1543,missing
interested in,junior_high,興味をもっている,,junior_word_list,269,missing
invention,junior_high,発明,,junior_word_list,988,missing
inventor,junior_high,発明家,,junior_word_list,1547,missing
judge,junior_high,審判員,判断する,junior_word_list;high_word_list,1551;993;1496,missing
junior high school,junior_high,中学校,,junior_word_list,287,missing
kind(s) of ～,junior_high,種類の～,,junior_word_list,995,missing
kindliness,junior_high,親切さ,,junior_word_list,996,missing
kit,junior_high,道具一式,,junior_word_list,1554,missing
lamp,junior_high,明かり,,junior_word_list,1555,missing
lawyer,junior_high,弁護士,,junior_word_list,1560,missing
legacy,junior_high,遺産,,junior_word_list,1564,missing
limited,junior_high,限られた,,junior_word_list,1567,missing
link,junior_high,接続,,junior_word_list,1569,missing
little by little,junior_high,少しずつ,,junior_word_list,797,missing
long ago,junior_high,ずっと前に,,junior_word_list,1018,missing
look forward to ...,junior_high,を楽しみに待つ,,junior_word_list,198,missing
loss,junior_high,失うこと，喪失,,junior_word_list,1575,missing
luggage,junior_high,手荷物,,junior_word_list,1023,missing
lullaby,junior_high,子守歌,,junior_word_list,1580,missing
make all the difference,junior_high,大きなちがいを生む,,junior_word_list,1584,missing
mayor,junior_high,市長,市長,junior_word_list;high_word_list,1028;330,missing
measure,junior_high,をはかる,,junior_word_list,1030,missing
metal,junior_high,金属,,junior_word_list,1592,missing
mini,junior_high,小型の,,junior_word_list,1594,missing
mining,junior_high,採鉱，採掘,,junior_word_list,1595,missing
mist,junior_high,霧,,junior_word_list,1039,missing
misunderstand,junior_high,を誤解する,,junior_word_list,1041,missing
more and more,junior_high,ますます多くの,,junior_word_list,1601,missing
more than,junior_high,より多くの,,junior_word_list,1044;1602,missing
moreover,junior_high,さらに,さらに,junior_word_list;high_word_list,1045;927;1430,missing
movement,junior_high,運動,,junior_word_list,1605,missing
must not,junior_high,してはいけない,,junior_word_list,1050,missing
negative,junior_high,否定的な，良くない,否定の,junior_word_list;high_word_list,1607;845;1348,missing
next-door,junior_high,隣の家、隣の,,junior_word_list,363,missing
not always,junior_high,いつもとは限らない,,junior_word_list,1615,missing
not at all,junior_high,少しもない,,junior_word_list,1614,missing
not only but also ～,junior_high,だけでなく～もまた,,junior_word_list,1616,missing
nuclear,junior_high,核の，原子力の,核の,junior_word_list;high_word_list,1618;655,missing
nuclear power,junior_high,原子力,,junior_word_list,1619,missing
of course,junior_high,もちろん,,junior_word_list,114,missing
on the way,junior_high,帰る途中で,,junior_word_list,1623,missing
one by one,junior_high,1つずつ,,junior_word_list,1624,missing
operation,junior_high,手術,操作,junior_word_list;high_word_list,1069;599,missing
originally,junior_high,はじめは,,junior_word_list,1070,missing
over here,junior_high,こちらに,,junior_word_list,1075,missing
paper crane,junior_high,折り鶴,,junior_word_list,1640,missing
parking lot,junior_high,駐車場,,junior_word_list,1641,missing
pass by,junior_high,通り過ぎる,,junior_word_list,1642,missing
perfect,junior_high,完全な,,junior_word_list,1087,missing
plastic bag,junior_high,ビニールぶくろ,,junior_word_list,1650,missing
playful,junior_high,楽しげな,,junior_word_list,1095,missing
pleasure,junior_high,喜び,楽しみ,junior_word_list;high_word_list,409;428,missing
pm,junior_high,午後,,junior_word_list,392,missing
poet,junior_high,詩人,詩人,junior_word_list;high_word_list,1654;705,missing
police officer,junior_high,警察官,,junior_word_list,1657,missing
populous,junior_high,人口の多い,,junior_word_list,1659,missing
positive,junior_high,前向きな,自信のある,junior_word_list;high_word_list,1661;1139;1642,missing
precious,junior_high,貴重な,貴重な,junior_word_list;high_word_list,1098;1931;2271,missing
prepared,junior_high,用意ができている,,junior_word_list,1663,missing
preserve,junior_high,を保存する,保存,junior_word_list;high_word_list,1099;645,missing
professor,junior_high,教授,,junior_word_list,1103,missing
protest,junior_high,抗議する,抗議する,junior_word_list;high_word_list,1672;1673;1998;2338,missing
pursue,junior_high,を追い求める,追い求める,junior_word_list;high_word_list,1674;1126;1629,missing
quarter,junior_high,4分の1,四半期,junior_word_list;high_word_list,1675;332,missing
radiation,junior_high,放射線,,junior_word_list,1680,missing
rainwater,junior_high,雨水,,junior_word_list,1683,missing
rapidly,junior_high,速く，急速に,素早く,junior_word_list;high_word_list,1686;875;1378,missing
relate to ～,junior_high,を～に関係させる,,junior_word_list,1692,missing
relation,junior_high,関係,関係性,junior_word_list;high_word_list,1693;418,missing
relationship,junior_high,関係,,junior_word_list,1115,missing
relatively,junior_high,比較的,,junior_word_list,1694,missing
release,junior_high,を放出する,解き放つ,junior_word_list;high_word_list,1695;1009;1512,missing
remind,junior_high,を気づかせる,思い出させる,junior_word_list;high_word_list,1117;1174;1677,missing
remove,junior_high,を取り除く,取り除く,junior_word_list;high_word_list,1118;1010;1513,missing
renewable,junior_high,再生可能な,,junior_word_list,1696,missing
reservation,junior_high,予約,,junior_word_list,1122,missing
resident,junior_high,住民，居住者,居住者,junior_word_list;high_word_list,1699;1929;2269,missing
resource,junior_high,資源,資源,junior_word_list;high_word_list,1700;323,missing
rhyme,junior_high,韻をふむ,,junior_word_list,1703,missing
rhythm,junior_high,リズム，調子,,junior_word_list,1704,missing
right away,junior_high,すぐに,,junior_word_list,1129,missing
rule,junior_high,規則,,junior_word_list,1136;1711,missing
run away,junior_high,逃げる,,junior_word_list,1713,missing
run out of,junior_high,を使い果たす,,junior_word_list,1714,missing
sacred,junior_high,神聖な,,junior_word_list,1137,missing
safely,junior_high,安全に,,junior_word_list,1716,missing
scared,junior_high,こわがって,,junior_word_list,1722,missing
scary,junior_high,恐ろしい,,junior_word_list,1144,missing
seasonal,junior_high,季節の,,junior_word_list,1723,missing
selection,junior_high,選択,,junior_word_list,1148,missing
severe,junior_high,厳しい,厳しい,junior_word_list;high_word_list,1154;853;1356,missing
shadow,junior_high,影,,junior_word_list,1155,missing
shaking,junior_high,揺れ,,junior_word_list,1731,missing
shelter,junior_high,避難所,,junior_word_list,1732,missing
shy,junior_high,恥ずかしがりの,,junior_word_list,469,missing
sidewalk,junior_high,歩道,,junior_word_list,1736,missing
sight,junior_high,視界,見ること,junior_word_list;high_word_list,1163;950;1453,missing
sink,junior_high,沈む,沈む,junior_word_list;high_word_list,1165;647,missing
so far,junior_high,これまでは,,junior_word_list,1751,missing
so that ～,junior_high,とてもなので～だ,,junior_word_list,1750,missing
somehow,junior_high,何らかの形で,どうにか,junior_word_list;high_word_list,1755;1051;1554,missing
somewhere,junior_high,どこかに,,junior_word_list,1757,missing
species,junior_high,種,種,junior_word_list;high_word_list,1760;303,missing
specific,junior_high,特定の,具体的な,junior_word_list;high_word_list,1176;1043;1546,missing
spice,junior_high,香辛料,,junior_word_list,1177,missing
spread,junior_high,を広げる,広がる,junior_word_list;high_word_list,1179;1180;1762;355,missing
stand up,junior_high,立ち上がる,,junior_word_list,1765,missing
standard,junior_high,基準,,junior_word_list,1182,missing
stationery,junior_high,文房具,,junior_word_list,1766,missing
steam,junior_high,蒸気,蒸気,junior_word_list;high_word_list,1768;1783;2123,missing
stick,junior_high,棒,,junior_word_list,1184,missing
strict,junior_high,厳しい,厳しい,junior_word_list;high_word_list,1773;1919;2259,missing
stylish,junior_high,おしゃれな,,junior_word_list,1775,missing
sunshine,junior_high,日光,,junior_word_list,1779,missing
super,junior_high,とても，すごく,,junior_word_list,1780,missing
supply,junior_high,供給,供給,junior_word_list;high_word_list,1781;397,missing
surprised,junior_high,驚いた,,junior_word_list,1193,missing
surprisingly,junior_high,驚いたことには,驚いたことに,junior_word_list;high_word_list,1784;1198;1701,missing
surround,junior_high,を囲む,取り囲む,junior_word_list;high_word_list,1785;1018;1521,missing
survival,junior_high,存続，生き残ること,生存,junior_word_list;high_word_list,1787;626,missing
sustainable,junior_high,存続可能な,,junior_word_list,1789,missing
syllable,junior_high,音節,,junior_word_list,1792,missing
take a look,junior_high,ちらりと見る,,junior_word_list,1019,missing
take care of,junior_high,を大事にする,,junior_word_list,91,missing
tax,junior_high,税，税金,税金,junior_word_list;high_word_list,1793;249,missing
tell to ～,junior_high,に～するように言う,,junior_word_list,1795,missing
terrible,junior_high,ひどい,ひどい,junior_word_list;high_word_list,1796;859;1362,missing
that's too bad,junior_high,それはいけませんね。,,junior_word_list,44,missing
that's very kind of you,junior_high,親切にありがとうございます,,junior_word_list,1797,missing
the globe,junior_high,地球,,junior_word_list,1484,missing
thick,junior_high,厚い,厚い,junior_word_list;high_word_list,1199;35,missing
this way,junior_high,このように,,junior_word_list,1803,missing
thousands of,junior_high,何千もの,,junior_word_list,1807,missing
tightly,junior_high,しっかりと,,junior_word_list,1810,missing
too to ～,junior_high,～するにはすぎる,,junior_word_list,1813,missing
tough,junior_high,困難な，難しい,頑強な,junior_word_list;high_word_list,1814;860;1363,missing
towel,junior_high,タオル,,junior_word_list,568,missing
tradition,junior_high,伝統,伝統,junior_word_list;high_word_list,1202;630,missing
translate,junior_high,翻訳する,翻訳する,junior_word_list;high_word_list,1203;1020;1523,missing
translation,junior_high,翻訳,,junior_word_list,1204,missing
transport,junior_high,を輸送する,輸送する,junior_word_list;high_word_list,1817;1021;1524,missing
trash,junior_high,ごみ、くず,,junior_word_list,573,missing
traveler,junior_high,旅行者,,junior_word_list,1818,missing
trust,junior_high,を信用する,信頼,junior_word_list;high_word_list,1820;633,missing
turn into,junior_high,に変わる,,junior_word_list,1205,missing
uncomfortable,junior_high,心地の悪い,心地の悪い,junior_word_list;high_word_list,1821;2035;2375,missing
unfair,junior_high,不公平な，不当な,,junior_word_list,1822,missing
unique,junior_high,独特な,他に類のない,junior_word_list;high_word_list,1209;1188;1691,missing
unused,junior_high,未使用の,,junior_word_list,1827,missing
up until,junior_high,まで,,junior_word_list,1828,missing
violence,junior_high,暴力,暴力,junior_word_list;high_word_list,1612;1831;635,missing
wake up,junior_high,目を覚ます,,junior_word_list,1214,missing
weapon,junior_high,武器,,junior_word_list,1836,missing
weigh,junior_high,重さがある,重さがある,junior_word_list;high_word_list,1222;2036;2376,missing
well-known,junior_high,有名な,よく知られた,junior_word_list;high_word_list,1839;1191;1694,missing
well-off,junior_high,裕福な,,junior_word_list,1225,missing
what to,junior_high,何をすべきか,,junior_word_list,1841,missing
wind power,junior_high,風力,,junior_word_list,1846,missing
winner,junior_high,勝者，受賞者,,junior_word_list,1847,missing
wisdom,junior_high,知恵,知恵,junior_word_list;high_word_list,1234;636,missing
with a smile,junior_high,笑って,,junior_word_list,1170,missing
work out,junior_high,運動する,,junior_word_list,1072,missing
would like to ～,junior_high,に～してほしい,,junior_word_list,1852,missing
wrap,junior_high,を包む,,junior_word_list,1853,missing
abandon,high_school,,捨て去る,high_word_list,952;1455,missing
abortion,high_school,,中絶,high_word_list,17,missing
absence,high_school,,不在,high_word_list,1744;2084,missing
absolute,high_school,,絶対的な,high_word_list,1977;2317,missing
absolutely,high_school,,絶対に,high_word_list,865;1368,missing
absorb,high_school,,吸収する,high_word_list,953;1456,missing
abstract,high_school,,抽象的な,high_word_list,1971;2311,missing
academic,high_school,,学術の,high_word_list,98,missing
accompany,high_school,,付き添う,high_word_list,954;1457,missing
accomplish,high_school,,成し遂げる,high_word_list,1107;1610,missing
according,high_school,,による,high_word_list,105,missing
account,high_school,,口座,high_word_list,504,missing
accurate,high_school,,正確な,high_word_list,813;1316,missing
accuse,high_school,,非難,high_word_list,637,missing
accustomed,high_school,,慣れている,high_word_list,2043;2383,missing
achieve,high_school,,達成する,high_word_list,225,missing
achievement,high_school,,達成,high_word_list,226,missing
acknowledge,high_school,,認める,high_word_list,1882;2222,missing
acquaintance,high_school,,知人,high_word_list,1847;2187,missing
activist,high_school,,行動主義者,high_word_list,350,missing
actual,high_school,,現実の,high_word_list,814;1317,missing
ad,high_school,,広告,high_word_list,33,missing
adapt,high_school,,適合,high_word_list,638,missing
adequate,high_school,,十分な,high_word_list,1906;2246,missing
administration,high_school,,機関,high_word_list,407,missing
admire,high_school,,賞賛する,high_word_list,955;1458,missing
admission,high_school,,入場,high_word_list,702,missing
admit,high_school,,認める,high_word_list,790;1293,missing
adopt,high_school,,自分のものにする,high_word_list,1214;1717,missing
advertise,high_school,,宣伝,high_word_list,639,missing
advertising,high_school,,広告,high_word_list,734;1237,missing
advocate,high_school,,提唱する,high_word_list,1076;1579,missing
affair,high_school,,事柄,high_word_list,508,missing
affection,high_school,,愛情，好意,high_word_list,1842;2182,missing
afford,high_school,,余裕がある,high_word_list,1108;1611,missing
agenda,high_school,,議題,high_word_list,738;1241,missing
agent,high_school,,代理人,high_word_list,767;1270,missing
aggression,high_school,,攻撃性,high_word_list,1914;2254,missing
aggressive,high_school,,攻撃的な,high_word_list,1997;2337,missing
agreement,high_school,,同意,high_word_list,509,missing
agriculture,high_school,,農業,high_word_list,510,missing
aid,high_school,,援助,high_word_list,451,missing
aim,high_school,,ねらいをつける,high_word_list,1204;1707,missing
aircraft,high_school,,航空機,high_word_list,926;1429,missing
airline,high_school,,航空会社,high_word_list,1086;1589,missing
alike,high_school,,よく似た,high_word_list,1024;1527,missing
alliance,high_school,,同盟,high_word_list,685,missing
ally,high_school,,同盟する,high_word_list,1064;1567,missing
aloud,high_school,,声に出して,high_word_list,2034;2374,missing
alter,high_school,,変える,high_word_list,791;1294,missing
alternative,high_school,,代替物,high_word_list,768;1271,missing
altogether,high_school,,完全に,high_word_list,1934;2274,missing
ambition,high_school,,野望,high_word_list,1844;2184,missing
amendment,high_school,,修正,high_word_list,679,missing
amuse,high_school,,楽しませる,high_word_list,2044;2384,missing
analysis,high_school,,分析,high_word_list,148,missing
analyst,high_school,,分析者,high_word_list,68,missing
analyze,high_school,,分析する,high_word_list,1964;2304,missing
ancestor,high_school,,祖先,high_word_list,511,missing
anger,high_school,,怒り,high_word_list,512,missing
anniversary,high_school,,～周年,high_word_list,943;1446,missing
annoy,high_school,,いらだたせる,high_word_list,1168;1671,missing
annual,high_school,,毎年の,high_word_list,1868;2208,missing
anxiety,high_school,,心配,high_word_list,513,missing
anxious,high_school,,心配して,high_word_list,1025;1528,missing
apart,high_school,,離れて,high_word_list,866;1369,missing
apparent,high_school,,外見上の,high_word_list,2007;2347,missing
apparently,high_school,,一見すると,high_word_list,133,missing
appeal,high_school,,訴える,high_word_list,792;1295,missing
appearance,high_school,,出現,high_word_list,514,missing
appetite,high_school,,食欲,high_word_list,1781;2121,missing
application,high_school,,適用,high_word_list,1836;2176,missing
appoint,high_school,,任命する,high_word_list,1060;1563,missing
appointment,high_school,,約束,high_word_list,1732;2072,missing
approval,high_school,,承認,high_word_list,751;1254,missing
argument,high_school,,議論,high_word_list,496,missing
arise,high_school,,起こる,high_word_list,793;1296,missing
armed,high_school,,武装した,high_word_list,1066;1569,missing
arms,high_school,,武器,high_word_list,153,missing
arrival,high_school,,到着,high_word_list,190,missing
artificial,high_school,,人工的な,high_word_list,1982;2322,missing
asleep,high_school,,眠っている,high_word_list,1129;1632,missing
assault,high_school,,暴行,high_word_list,670,missing
assembly,high_school,,集合,high_word_list,1793;2133,missing
assess,high_school,,評価する,high_word_list,158,missing
assessment,high_school,,評価,high_word_list,159,missing
asset,high_school,,資産,high_word_list,661,missing
assist,high_school,,手伝う,high_word_list,932;1435,missing
assistance,high_school,,支援,high_word_list,730;1233,missing
associate,high_school,,結びつけて考える,high_word_list,1215;1718,missing
association,high_school,,協会,high_word_list,516,missing
assumption,high_school,,想定,high_word_list,515,missing
assure,high_school,,保証する,high_word_list,2014;2354,missing
astonish,high_school,,驚かせる,high_word_list,2023;2363,missing
atlantic,high_school,,大西洋の,high_word_list,1973;2313,missing
atomic,high_school,,原子の,high_word_list,1920;2260,missing
attach,high_school,,貼り付ける,high_word_list,1109;1612,missing
attempt,high_school,,試み,high_word_list,326,missing
attorney,high_school,,弁護士,high_word_list,141,missing
attractive,high_school,,魅力的な,high_word_list,1026;1529,missing
attribute,high_school,,に帰する,high_word_list,1081;1584,missing
authority,high_school,,権威,high_word_list,518,missing
automobile,high_school,,自動車,high_word_list,769;1272,missing
available,high_school,,利用できる,high_word_list,118,missing
award,high_school,,賞,high_word_list,281,missing
aware,high_school,,気づいている,high_word_list,406,missing
awareness,high_school,,気づき,high_word_list,903;1406,missing
awful,high_school,,ひどい,high_word_list,1943;2283,missing
background,high_school,,背景,high_word_list,519,missing
bang,high_school,,ドンドン叩く,high_word_list,2061;2401,missing
bare,high_school,,裸の,high_word_list,698,missing
barely,high_school,,かろうじて,high_word_list,2050;2390,missing
basis,high_school,,土台,high_word_list,196,missing
beg,high_school,,懇願する,high_word_list,2019;2359,missing
behalf,high_school,,代わって,high_word_list,1974;2314,missing
behave,high_school,,振る舞う,high_word_list,957;1460,missing
belief,high_school,,信念,high_word_list,273,missing
bend,high_school,,曲げる,high_word_list,1925;2265,missing
bet,high_school,,賭ける,high_word_list,81,missing
bind,high_school,,縛りつける,high_word_list,1111;1614,missing
biological,high_school,,生物学上の,high_word_list,1130;1633,missing
bishop,high_school,,司教,high_word_list,701,missing
bitter,high_school,,苦い,high_word_list,717,missing
blast,high_school,,爆風,high_word_list,1750;2090,missing
blink,high_school,,瞬きをする,high_word_list,2047;2387,missing
block,high_school,,妨げる,high_word_list,794;1297,missing
bloody,high_school,,血の,high_word_list,37,missing
bond,high_school,,拘束,high_word_list,354,missing
boundary,high_school,,境界,high_word_list,727;1230,missing
bow,high_school,,お辞儀する,high_word_list,2051;2391,missing
breast,high_school,,胸部,high_word_list,40,missing
breath,high_school,,息,high_word_list,236,missing
breathe,high_school,,呼吸をする,high_word_list,1112;1615,missing
brick,high_school,,れんが,high_word_list,913;1416,missing
brief,high_school,,短い,high_word_list,651,missing
briefly,high_school,,簡単に,high_word_list,935;1438,missing
broad,high_school,,広い,high_word_list,34,missing
broadcast,high_school,,放送する,high_word_list,1961;2301,missing
bullet,high_school,,弾丸,high_word_list,726;1229,missing
burst,high_school,,破裂する,high_word_list,1967;2307,missing
bury,high_school,,埋める,high_word_list,1869;2209,missing
buyer,high_school,,買い手,high_word_list,887;1390,missing
calculate,high_school,,計算する,high_word_list,1088;1591,missing
candidate,high_school,,候補者,high_word_list,1915;2255,missing
capable,high_school,,可能性がある,high_word_list,1176;1679,missing
carbon,high_school,,炭素,high_word_list,222,missing
cash,high_school,,現金,high_word_list,1813;2153,missing
cast,high_school,,投げる,high_word_list,79,missing
cave,high_school,,ほら穴,high_word_list,1942;2282,missing
cease,high_school,,やめる,high_word_list,1941;2281,missing
ceiling,high_school,,天井,high_word_list,754;1257,missing
chairman,high_school,,会長,high_word_list,439,missing
chamber,high_school,,小部屋,high_word_list,894;1397,missing
chapter,high_school,,章,high_word_list,285,missing
characteristic,high_school,,特徴,high_word_list,521,missing
charm,high_school,,魅力,high_word_list,1735;2075,missing
chest,high_school,,たんす,high_word_list,482,missing
circuit,high_school,,回路,high_word_list,1831;2171,missing
circumstance,high_school,,状況,high_word_list,523,missing
civil,high_school,,市民の,high_word_list,1948;2288,missing
civilian,high_school,,民間人,high_word_list,897;1400,missing
civilization,high_school,,文明,high_word_list,143,missing
civilized,high_school,,発達した文明をもつ,high_word_list,1222;1725,missing
classical,high_school,,古典の,high_word_list,1918;2258,missing
client,high_school,,顧客,high_word_list,363,missing
cling,high_school,,くっつく,high_word_list,2020;2360,missing
clip,high_school,,切る,high_word_list,1773;2113,missing
closely,high_school,,綿密に,high_word_list,867;1370,missing
clothing,high_school,,衣料品,high_word_list,940;1443,missing
clue,high_school,,手がかり,high_word_list,1070;1573,missing
coalition,high_school,,連立,high_word_list,700,missing
coast,high_school,,海岸,high_word_list,434,missing
colleague,high_school,,同僚,high_word_list,1757;2097,missing
combat,high_school,,戦闘,high_word_list,719,missing
combine,high_school,,結合させる,high_word_list,1113;1616,missing
comfort,high_school,,快適さ,high_word_list,922;1425,missing
commander,high_school,,司令官,high_word_list,906;1409,missing
commercial,high_school,,商業の,high_word_list,85,missing
commission,high_school,,手数料,high_word_list,305,missing
commissioner,high_school,,委員,high_word_list,1840;2180,missing
commit,high_school,,罪を犯す,high_word_list,1992;2332,missing
commitment,high_school,,約束,high_word_list,468,missing
committee,high_school,,委員会,high_word_list,1940;2280,missing
communist,high_school,,共産主義者,high_word_list,2041;2381,missing
companion,high_school,,仲間,high_word_list,1727;2067,missing
comparison,high_school,,比較,high_word_list,1746;2086,missing
compete,high_school,,競争する,high_word_list,958;1461,missing
competition,high_school,,競争,high_word_list,396,missing
competitive,high_school,,競争力のある,high_word_list,1199;1702,missing
complex,high_school,,複雑な,high_word_list,151,missing
complexity,high_school,,複雑さ,high_word_list,1877;2217,missing
complicated,high_school,,複雑な,high_word_list,817;1320,missing
component,high_school,,成分,high_word_list,23,missing
compose,high_school,,構成する,high_word_list,959;1462,missing
composition,high_school,,構成,high_word_list,1809;2149,missing
compound,high_school,,調合する,high_word_list,1100;1603,missing
comprehensive,high_school,,包括的な,high_word_list,1091;1594,missing
compromise,high_school,,妥協,high_word_list,695,missing
concentrate,high_school,,集中する,high_word_list,960;1463,missing
concentration,high_school,,集中,high_word_list,9,missing
concept,high_school,,概念,high_word_list,432,missing
conclude,high_school,,締めくくる,high_word_list,1115;1618,missing
conclusion,high_school,,結論,high_word_list,526,missing
concrete,high_school,,具体的な,high_word_list,1094;1597,missing
confidence,high_school,,自信,high_word_list,530,missing
confident,high_school,,自信のある,high_word_list,1165;1668,missing
confine,high_school,,制限する,high_word_list,2017;2357,missing
confirm,high_school,,確認する,high_word_list,2006;2346,missing
conflict,high_school,,対立,high_word_list,531,missing
confront,high_school,,直面させる,high_word_list,2033;2373,missing
confuse,high_school,,混乱させる,high_word_list,1116;1619,missing
confusion,high_school,,混乱,high_word_list,1804;2144,missing
congress,high_school,,会議,high_word_list,440,missing
conscious,high_school,,意識して,high_word_list,1028;1531,missing
consequence,high_school,,結果,high_word_list,532,missing
consequently,high_school,,その結果,high_word_list,2016;2356,missing
conservation,high_school,,保全,high_word_list,1738;2078,missing
considerable,high_school,,かなりの,high_word_list,962;1465,missing
consideration,high_school,,考慮,high_word_list,32,missing
consist,high_school,,成り立つ,high_word_list,963;1466,missing
consistent,high_school,,一貫した,high_word_list,1077;1580,missing
constant,high_school,,絶え間ない,high_word_list,1132;1635,missing
constantly,high_school,,常に,high_word_list,658,missing
constitute,high_school,,構成する,high_word_list,1995;2335,missing
constitution,high_school,,憲法,high_word_list,1815;2155,missing
construct,high_school,,組み立てる,high_word_list,1117;1620,missing
construction,high_school,,建設,high_word_list,1816;2156,missing
contemporary,high_school,,現在の,high_word_list,818;1321,missing
context,high_school,,文脈,high_word_list,144,missing
continent,high_school,,大陸,high_word_list,534,missing
contract,high_school,,契約,high_word_list,1818;2158,missing
contrary,high_school,,反対の,high_word_list,819;1322,missing
contribute,high_school,,寄付する,high_word_list,964;1467,missing
contribution,high_school,,寄付,high_word_list,536,missing
controversial,high_school,,議論のある,high_word_list,1166;1669,missing
conventional,high_school,,従来の,high_word_list,891;1394,missing
conversation,high_school,,会話,high_word_list,537,missing
convert,high_school,,変える,high_word_list,1875;2215,missing
convey,high_school,,伝える,high_word_list,797;1300,missing
conviction,high_school,,信念,high_word_list,707,missing
convince,high_school,,納得させる,high_word_list,1118;1621,missing
cooperation,high_school,,協力,high_word_list,538,missing
cop,high_school,,警官,high_word_list,696,missing
cope,high_school,,対処する,high_word_list,965;1468,missing
correspondent,high_school,,特派員,high_word_list,880;1383,missing
corridor,high_school,,廊下,high_word_list,708,missing
council,high_school,,議会,high_word_list,401,missing
counter,high_school,,相対する,high_word_list,1071;1574,missing
county,high_school,,州,high_word_list,297,missing
court,high_school,,裁判所,high_word_list,342,missing
crack,high_school,,裂け目,high_word_list,64,missing
craft,high_school,,工芸,high_word_list,745;1248,missing
creation,high_school,,創造,high_word_list,539,missing
creature,high_school,,生き物,high_word_list,886;1389,missing
credit,high_school,,信用,high_word_list,272,missing
crew,high_school,,乗組員,high_word_list,1903;2243,missing
crime,high_school,,犯罪,high_word_list,540,missing
criminal,high_school,,犯罪の,high_word_list,71,missing
crisis,high_school,,危機,high_word_list,541,missing
critic,high_school,,批評家,high_word_list,1880;2220,missing
critical,high_school,,極めて重要な,high_word_list,1177;1680,missing
criticism,high_school,,批判,high_word_list,542,missing
criticize,high_school,,批判する,high_word_list,966;1469,missing
crop,high_school,,収穫物,high_word_list,770;1273,missing
crown,high_school,,王冠,high_word_list,1835;2175,missing
crucial,high_school,,重要な,high_word_list,923;1426,missing
cruise,high_school,,巡航する,high_word_list,1985;2325,missing
cultivate,high_school,,耕作する,high_word_list,1994;2334,missing
cure,high_school,,治療する,high_word_list,1990;2330,missing
curiosity,high_school,,好奇心,high_word_list,771;1274,missing
current,high_school,,現在の,high_word_list,820;1323,missing
curve,high_school,,曲線,high_word_list,697,missing
dare,high_school,,思い切ってする,high_word_list,2065;2405,missing
dealer,high_school,,販売業者,high_word_list,1058;1561,missing
debt,high_school,,借金,high_word_list,545,missing
decade,high_school,,10年間,high_word_list,944;1447,missing
declare,high_school,,宣言する,high_word_list,967;1470,missing
decline,high_school,,断る,high_word_list,220,missing
defeat,high_school,,負かす,high_word_list,798;1301,missing
defendant,high_school,,被告人,high_word_list,70,missing
deficit,high_school,,赤字,high_word_list,681,missing
definite,high_school,,明確な,high_word_list,1867;2207,missing
definition,high_school,,定義,high_word_list,546,missing
delay,high_school,,遅らせる,high_word_list,1972;2312,missing
deliberately,high_school,,故意に,high_word_list,1917;2257,missing
delicate,high_school,,繊細な,high_word_list,1946;2286,missing
delight,high_school,,喜び,high_word_list,547,missing
demand,high_school,,要求,high_word_list,120,missing
democracy,high_school,,民主主義,high_word_list,945;1448,missing
democrat,high_school,,民主主義者,high_word_list,135,missing
democratic,high_school,,民主主義の,high_word_list,2028;2368,missing
demonstrate,high_school,,実証する,high_word_list,313,missing
deny,high_school,,否定する,high_word_list,969;1472,missing
dependent,high_school,,依存している,high_word_list,1179;1682,missing
depending,high_school,,依存する,high_word_list,1104;1607,missing
deposit,high_school,,お金を預ける,high_word_list,2063;2403,missing
depress,high_school,,落胆させる,high_word_list,2026;2366,missing
depression,high_school,,落ち込み,high_word_list,1080;1583,missing
depth,high_school,,深さ,high_word_list,729;1232,missing
deputy,high_school,,代理,high_word_list,676,missing
derive,high_school,,引き出す,high_word_list,970;1473,missing
description,high_school,,説明,high_word_list,1772;2112,missing
deserve,high_school,,値する,high_word_list,882;1385,missing
desirable,high_school,,望ましい,high_word_list,1960;2300,missing
desire,high_school,,願望,high_word_list,413,missing
desperate,high_school,,やけくその,high_word_list,1156;1659,missing
destruction,high_school,,破壊,high_word_list,549,missing
detail,high_school,,詳細,high_word_list,282,missing
detailed,high_school,,詳細の,high_word_list,930;1433,missing
detect,high_school,,検出する,high_word_list,1089;1592,missing
determine,high_school,,決める,high_word_list,382,missing
devise,high_school,,考え出す,high_word_list,1993;2333,missing
dialect,high_school,,方言,high_word_list,1737;2077,missing
dig,high_school,,掘る,high_word_list,38,missing
dignity,high_school,,威厳,high_word_list,1839;2179,missing
diminish,high_school,,減らす,high_word_list,1814;2154,missing
disadvantage,high_school,,不利,high_word_list,1743;2083,missing
disappoint,high_school,,がっかりさせる,high_word_list,1205;1708,missing
discipline,high_school,,しつけ,high_word_list,772;1275,missing
discovery,high_school,,発見,high_word_list,177,missing
dismiss,high_school,,退出させる,high_word_list,1163;1666,missing
disorder,high_school,,無秩序,high_word_list,892;1395,missing
display,high_school,,展示する,high_word_list,971;1474,missing
dispute,high_school,,争議,high_word_list,1769;2109,missing
distant,high_school,,遠く離れた,high_word_list,1134;1637,missing
distinct,high_school,,他と違った,high_word_list,2049;2389,missing
distinction,high_school,,区別,high_word_list,554,missing
distinguish,high_school,,区別する,high_word_list,972;1475,missing
distribution,high_school,,分布,high_word_list,5,missing
district,high_school,,地域,high_word_list,555,missing
disturb,high_school,,平穏を妨げる,high_word_list,1169;1672,missing
divide,high_school,,分割する,high_word_list,973;1476,missing
division,high_school,,分割,high_word_list,1741;2081,missing
divorce,high_school,,離婚,high_word_list,1729;2069,missing
dominate,high_school,,支配する,high_word_list,1991;2331,missing
doubt,high_school,,疑い,high_word_list,402,missing
drain,high_school,,排出させる,high_word_list,1154;1657,missing
dramatic,high_school,,劇的な,high_word_list,822;1325,missing
drift,high_school,,漂流,high_word_list,693,missing
drug,high_school,,麻薬,high_word_list,556,missing
dull,high_school,,面白みのない,high_word_list,1180;1683,missing
dump,high_school,,投げ捨てる,high_word_list,1158;1661,missing
dust,high_school,,ほこり,high_word_list,881;1384,missing
duty,high_school,,職務,high_word_list,275,missing
dwell,high_school,,住む,high_word_list,1792;2132,missing
eager,high_school,,強く望んでいる,high_word_list,1209;1712,missing
earnings,high_school,,収益,high_word_list,715,missing
ease,high_school,,容易さ,high_word_list,122,missing
echo,high_school,,こだま,high_word_list,924;1427,missing
economics,high_school,,経済学,high_word_list,1923;2263,missing
economy,high_school,,経済,high_word_list,385,missing
edge,high_school,,端,high_word_list,221,missing
editor,high_school,,編集者,high_word_list,1874;2214,missing
educate,high_school,,教育する,high_word_list,974;1477,missing
educational,high_school,,教育の,high_word_list,823;1326,missing
efficient,high_school,,効率,high_word_list,652,missing
elaborate,high_school,,手の込んだ,high_word_list,2037;2377,missing
elect,high_school,,選出する,high_word_list,1063;1566,missing
election,high_school,,選挙,high_word_list,243,missing
electric,high_school,,電気の,high_word_list,82,missing
electrical,high_school,,電気の,high_word_list,1885;2225,missing
element,high_school,,要素,high_word_list,557,missing
elementary,high_school,,初級の,high_word_list,1905;2245,missing
eliminate,high_school,,取り除く,high_word_list,1986;2326,missing
embrace,high_school,,抱きしめる,high_word_list,1153;1656,missing
emerge,high_school,,現れる,high_word_list,800;1303,missing
emotional,high_school,,感情の,high_word_list,825;1328,missing
emphasis,high_school,,強調,high_word_list,41,missing
emphasize,high_school,,強調する,high_word_list,975;1478,missing
empire,high_school,,帝国の,high_word_list,1886;2226,missing
employ,high_school,,雇う,high_word_list,642,missing
employer,high_school,,雇用者,high_word_list,364,missing
empty,high_school,,何も入っていない,high_word_list,1218;1721,missing
enable,high_school,,可能にさせる,high_word_list,1170;1673,missing
encounter,high_school,,遭遇する,high_word_list,976;1479,missing
endure,high_school,,耐える,high_word_list,1890;2230,missing
enforcement,high_school,,執行,high_word_list,712,missing
engaged,high_school,,従事している,high_word_list,1181;1684,missing
enhance,high_school,,強調する,high_word_list,1083;1586,missing
enormous,high_school,,非常に大きい,high_word_list,1182;1685,missing
ensure,high_school,,確実にする,high_word_list,2045;2385,missing
enterprise,high_school,,会社,high_word_list,1832;2172,missing
entertain,high_school,,楽しませる,high_word_list,1119;1622,missing
entertainment,high_school,,娯楽,high_word_list,558,missing
enthusiasm,high_school,,情熱,high_word_list,1784;2124,missing
entire,high_school,,全体の,high_word_list,826;1329,missing
entirely,high_school,,完全に,high_word_list,868;1371,missing
entitle,high_school,,題する,high_word_list,889;1392,missing
environmental,high_school,,環境の,high_word_list,97,missing
equivalent,high_school,,等しい,high_word_list,1883;2223,missing
escape,high_school,,逃れる,high_word_list,77,missing
essay,high_school,,論文,high_word_list,753;1256,missing
essentially,high_school,,本質的に,high_word_list,1959;2299,missing
establishment,high_school,,設立,high_word_list,747;1250,missing
estate,high_school,,財産,high_word_list,339,missing
estimate,high_school,,推定する,high_word_list,977;978;1480;1481,missing
etc,high_school,,等々,high_word_list,699,missing
ethnic,high_school,,民族の,high_word_list,67,missing
evidence,high_school,,証拠,high_word_list,283,missing
evident,high_school,,明らかな,high_word_list,1957;2297,missing
evil,high_school,,邪悪な,high_word_list,827;1330,missing
evolution,high_school,,進化,high_word_list,559,missing
evolve,high_school,,進化する,high_word_list,1983;2323,missing
exact,high_school,,正確な,high_word_list,1898;2238,missing
examination,high_school,,試験,high_word_list,325,missing
excess,high_school,,過剰,high_word_list,1851;2191,missing
excessive,high_school,,過度の,high_word_list,1936;2276,missing
exclude,high_school,,除く,high_word_list,739;1242,missing
executive,high_school,,幹部，重役,high_word_list,1828;2168,missing
exhaust,high_school,,疲れ果てさせる,high_word_list,2064;2404,missing
exhibit,high_school,,展示する,high_word_list,1966;2306,missing
existence,high_school,,存在,high_word_list,21,missing
existing,high_school,,既存の,high_word_list,96,missing
expand,high_school,,拡大する,high_word_list,980;1483,missing
expansion,high_school,,拡張,high_word_list,752;1255,missing
expectation,high_school,,期待,high_word_list,42,missing
expense,high_school,,費用,high_word_list,1745;2085,missing
explore,high_school,,探索,high_word_list,643,missing
explosion,high_school,,爆発,high_word_list,1751;2091,missing
export,high_school,,輸出する,high_word_list,981;1484,missing
expose,high_school,,明らかにする,high_word_list,1171;1674,missing
exposure,high_school,,暴露,high_word_list,680,missing
expression,high_school,,表現,high_word_list,162,missing
extension,high_school,,拡張,high_word_list,748;1251,missing
extensive,high_school,,広範な,high_word_list,939;1442,missing
extent,high_school,,程度,high_word_list,561,missing
extra,high_school,,余分の,high_word_list,828;1331,missing
extraordinary,high_school,,普通でない,high_word_list,1135;1638,missing
extreme,high_school,,極端な,high_word_list,829;1332,missing
extremely,high_school,,極端に,high_word_list,392,missing
fabric,high_school,,織物,high_word_list,688,missing
failure,high_school,,失敗,high_word_list,317,missing
fair,high_school,,公平な,high_word_list,830;1333,missing
fairly,high_school,,かなり,high_word_list,869;1372,missing
faith,high_school,,信頼,high_word_list,562,missing
false,high_school,,誤った,high_word_list,831;1334,missing
fancy,high_school,,空想,high_word_list,1819;2159,missing
fascinate,high_school,,魅了する,high_word_list,1958;2298,missing
fate,high_school,,運命,high_word_list,563,missing
fault,high_school,,欠点,high_word_list,564,missing
favor,high_school,,親切な行為,high_word_list,1105;1608,missing
federal,high_school,,連邦の,high_word_list,63,missing
fee,high_school,,料金,high_word_list,2,missing
fellow,high_school,,仲間,high_word_list,210,missing
female,high_school,,雌の，女性の,high_word_list,653,missing
fiber,high_school,,繊維,high_word_list,703,missing
finance,high_school,,財政,high_word_list,338,missing
financial,high_school,,財政の,high_word_list,833;1336,missing
firm,high_school,,しっかりした,high_word_list,1183;1686,missing
firmly,high_school,,堅く,high_word_list,1817;2157,missing
flavor,high_school,,風味,high_word_list,761;1264,missing
flee,high_school,,逃げる,high_word_list,908;1411,missing
flood,high_school,,洪水,high_word_list,352,missing
flow,high_school,,流れる,high_word_list,65,missing
folk,high_school,,人々,high_word_list,260,missing
force,high_school,,力,high_word_list,115,missing
formal,high_school,,形式の,high_word_list,386,missing
former,high_school,,前の,high_word_list,654,missing
foundation,high_school,,基礎,high_word_list,1761;2101,missing
founder,high_school,,創設者,high_word_list,918;1421,missing
freeze,high_school,,凍る,high_word_list,14,missing
frequent,high_school,,頻繁な,high_word_list,1878;2218,missing
frequently,high_school,,頻繁に,high_word_list,156,missing
frighten,high_school,,怖がらせる,high_word_list,1120;1172;1623;1675,missing
fuel,high_school,,燃料,high_word_list,566,missing
fully,high_school,,十分に,high_word_list,871;1374,missing
fund,high_school,,資金,high_word_list,1801;2141,missing
fundamental,high_school,,基本的な,high_word_list,1032;1535,missing
funding,high_school,,資金調達,high_word_list,324,missing
funeral,high_school,,葬式,high_word_list,1768;2108,missing
fur,high_school,,毛皮,high_word_list,1733;2073,missing
furniture,high_school,,家具,high_word_list,1833;2173,missing
gay,high_school,,同性愛の,high_word_list,1062;1565,missing
gaze,high_school,,凝視する,high_word_list,2021;2361,missing
gear,high_school,,伝動装置,high_word_list,1056;1559,missing
gene,high_school,,遺伝子,high_word_list,1939;2279,missing
generate,high_school,,発生させる,high_word_list,2032;2372,missing
generous,high_school,,気前のよい,high_word_list,2042;2382,missing
genius,high_school,,天才,high_word_list,567,missing
genuine,high_school,,本物の,high_word_list,1870;2210,missing
girlfriend,high_school,,女友達,high_word_list,919;1422,missing
glance,high_school,,一目見る,high_word_list,456,missing
globe,high_school,,地球,high_word_list,1767;2107,missing
govern,high_school,,統治する,high_word_list,983;1486,missing
governor,high_school,,知事,high_word_list,216,missing
gradually,high_school,,次第に,high_word_list,872;1375,missing
grammar,high_school,,文法,high_word_list,569,missing
grant,high_school,,給付金,high_word_list,776;1279,missing
grasp,high_school,,つかむ,high_word_list,1945;2285,missing
grave,high_school,,墓,high_word_list,1854;2194,missing
greet,high_school,,あいさつをする,high_word_list,1207;1710,missing
guarantee,high_school,,保証する,high_word_list,1962;2302,missing
guilty,high_school,,有罪の,high_word_list,1866;2206,missing
harmful,high_school,,有害な,high_word_list,835;1338,missing
harmony,high_school,,調和,high_word_list,1765;2105,missing
harvest,high_school,,収穫,high_word_list,1794;2134,missing
headline,high_school,,見出し,high_word_list,376,missing
headquarters,high_school,,本部,high_word_list,711,missing
heel,high_school,,かかと,high_word_list,907;1410,missing
height,high_school,,高さ,high_word_list,570,missing
hell,high_school,,地獄,high_word_list,214,missing
hesitate,high_school,,ためらう,high_word_list,986;1489,missing
hide,high_school,,隠す,high_word_list,58,missing
highlight,high_school,,目立たせる,high_word_list,1159;1662,missing
hire,high_school,,雇う,high_word_list,644,missing
historian,high_school,,歴史家,high_word_list,900;1403,missing
historic,high_school,,由緒のある,high_word_list,1155;1658,missing
historical,high_school,,歴史（上）の,high_word_list,1184;1687,missing
honor,high_school,,名誉,high_word_list,1734;2074,missing
household,high_school,,家族,high_word_list,571,missing
huge,high_school,,巨大な,high_word_list,94,missing
humanity,high_school,,人間,high_word_list,572,missing
hunger,high_school,,飢え,high_word_list,1825;2165,missing
ideal,high_school,,理想,high_word_list,573,missing
identical,high_school,,同一の,high_word_list,1976;2316,missing
identify,high_school,,見分ける,high_word_list,987;1490,missing
identity,high_school,,同一性,high_word_list,186,missing
ignore,high_school,,無視する,high_word_list,988;1491,missing
illness,high_school,,病気,high_word_list,732;1235,missing
imagination,high_school,,想像,high_word_list,574,missing
imitate,high_school,,模倣する,high_word_list,1956;2296,missing
immediate,high_school,,即座の,high_word_list,837;1340,missing
immigrant,high_school,,移民,high_word_list,575,missing
immigration,high_school,,移住,high_word_list,1838;2178,missing
impact,high_school,,影響,high_word_list,576,missing
implement,high_school,,実施する,high_word_list,1074;1577,missing
implication,high_school,,含み,high_word_list,43,missing
imply,high_school,,ほのめかす,high_word_list,1122;1625,missing
impose,high_school,,課する,high_word_list,1951;2291,missing
impress,high_school,,感銘を与える,high_word_list,1173;1676,missing
impression,high_school,,印象,high_word_list,577,missing
impressive,high_school,,印象的な,high_word_list,455,missing
improvement,high_school,,改善,high_word_list,436,missing
impulse,high_school,,衝動,high_word_list,1786;2126,missing
incident,high_school,,事件,high_word_list,1800;2140,missing
inclined,high_school,,傾いた,high_word_list,1950;2290,missing
income,high_school,,所得,high_word_list,578,missing
incorporate,high_school,,合体させる,high_word_list,1164;1667,missing
increasingly,high_school,,ますます,high_word_list,2013;2353,missing
independent,high_school,,独立した,high_word_list,1034;1537,missing
index,high_school,,索引,high_word_list,31,missing
industrial,high_school,,産業の,high_word_list,335,missing
industrialize,high_school,,産業化する,high_word_list,2040;2380,missing
industry,high_school,,産業,high_word_list,336,missing
inevitable,high_school,,避けられない,high_word_list,2054;2394,missing
infant,high_school,,幼児,high_word_list,1730;2070,missing
infection,high_school,,感染,high_word_list,682,missing
inferior,high_school,,劣った,high_word_list,1862;2202,missing
inflation,high_school,,膨張,high_word_list,691,missing
inform,high_school,,知らせる,high_word_list,990;1493,missing
ingredient,high_school,,材料,high_word_list,341,missing
inhabitant,high_school,,居住者,high_word_list,1928;2268,missing
initial,high_school,,当初の,high_word_list,1884;2224,missing
initially,high_school,,最初に,high_word_list,933;1436,missing
initiative,high_school,,主導権,high_word_list,309,missing
injury,high_school,,怪我,high_word_list,1850;2190,missing
innocent,high_school,,罪のない,high_word_list,1095;1598,missing
inquiry,high_school,,問い合わせ,high_word_list,1161;1664,missing
insect,high_school,,昆虫,high_word_list,1805;2145,missing
insight,high_school,,洞察,high_word_list,1756;2096,missing
inspector,high_school,,検査官,high_word_list,899;1402,missing
inspire,high_school,,鼓舞する,high_word_list,2001;2341,missing
install,high_school,,導入する,high_word_list,1065;1568,missing
instant,high_school,,瞬時,high_word_list,1790;2130,missing
instinct,high_school,,本能,high_word_list,1736;2076,missing
institute,high_school,,制定する,high_word_list,1922;2262,missing
institution,high_school,,制度,high_word_list,1776;2116,missing
insurance,high_school,,保険,high_word_list,1739;2079,missing
intellectual,high_school,,知的な,high_word_list,838;1341,missing
intelligence,high_school,,知能,high_word_list,581,missing
intelligent,high_school,,知能の高い,high_word_list,1137;1640,missing
intend,high_school,,意図する,high_word_list,991;1494,missing
intense,high_school,,激しい,high_word_list,89,missing
intention,high_school,,意図,high_word_list,59,missing
interfere,high_school,,干渉する,high_word_list,2005;2345,missing
interior,high_school,,内部の,high_word_list,75,missing
internal,high_school,,内部の,high_word_list,839;1342,missing
interpret,high_school,,解釈する,high_word_list,992;1495,missing
interpretation,high_school,,解釈,high_word_list,51,missing
interrupt,high_school,,邪魔をする,high_word_list,2039;2379,missing
intervention,high_school,,介在,high_word_list,53,missing
intimate,high_school,,親密な,high_word_list,1901;2241,missing
invest,high_school,,投資する,high_word_list,195,missing
investigate,high_school,,調査する,high_word_list,1970;2310,missing
investigation,high_school,,調査,high_word_list,207,missing
investigator,high_school,,捜査官,high_word_list,912;1415,missing
investment,high_school,,投資,high_word_list,1760;2100,missing
investor,high_school,,投資家,high_word_list,194,missing
invisible,high_school,,見えない,high_word_list,2002;2342,missing
involvement,high_school,,関与,high_word_list,673,missing
isolate,high_school,,孤立させる,high_word_list,1123;1626,missing
jail,high_school,,刑務所,high_word_list,879;1382,missing
jewish,high_school,,ユダヤ人,high_word_list,467,missing
joint,high_school,,継目,high_word_list,384,missing
journal,high_school,,日誌,high_word_list,181,missing
judgement,high_school,,判断,high_word_list,584,missing
jury,high_school,,陪審員,high_word_list,72,missing
killer,high_school,,殺人者,high_word_list,902;1405,missing
lab,high_school,,研究室,high_word_list,909;1412,missing
labor,high_school,,労働,high_word_list,111,missing
laboratory,high_school,,実験室,high_word_list,778;1281,missing
landscape,high_school,,風景,high_word_list,585,missing
lap,high_school,,ひざ,high_word_list,714,missing
largely,high_school,,主として,high_word_list,1047;1550,missing
latter,high_school,,後者の,high_word_list,840;1343,missing
lawn,high_school,,芝生,high_word_list,725;1228,missing
lean,high_school,,傾く,high_word_list,108,missing
leap,high_school,,飛び跳ねる，飛び回る,high_word_list,1059;1562;1764;2104,missing
lecture,high_school,,講義,high_word_list,755;1258,missing
legal,high_school,,法律の,high_word_list,1872;2212,missing
legislation,high_school,,立法,high_word_list,4,missing
length,high_school,,長さ,high_word_list,206,missing
liberty,high_school,,自由,high_word_list,1798;2138,missing
liquid,high_school,,液体の,high_word_list,1937;2277,missing
literally,high_school,,文字通りに,high_word_list,2030;2370,missing
literary,high_school,,文学の,high_word_list,841;1344,missing
literature,high_school,,文学,high_word_list,145,missing
load,high_school,,積む,high_word_list,1846;2186,missing
log,high_school,,丸太,high_word_list,724;1227,missing
logic,high_school,,論理,high_word_list,1726;2066,missing
logical,high_school,,論理的な,high_word_list,1954;2294,missing
lord,high_school,,領主,high_word_list,1843;2183,missing
lover,high_school,,恋人,high_word_list,686,missing
lung,high_school,,肺,high_word_list,1856;2196,missing
luxury,high_school,,贅沢な,high_word_list,1947;2287,missing
mad,high_school,,狂った,high_word_list,885;1388,missing
mainly,high_school,,主に,high_word_list,28,missing
maintain,high_school,,維持する,high_word_list,460,missing
maintenance,high_school,,持続,high_word_list,749;1252,missing
majority,high_school,,大多数,high_word_list,227,missing
maker,high_school,,製造元,high_word_list,893;1396,missing
male,high_school,,男性,high_word_list,219,missing
mammal,high_school,,哺乳動物,high_word_list,1952;2292,missing
manager,high_school,,部長,high_word_list,588,missing
manner,high_school,,やり方,high_word_list,779;1282,missing
manufacturer,high_school,,製造元,high_word_list,489,missing
manufacturing,high_school,,製造している,high_word_list,1202;1705,missing
mass,high_school,,塊,high_word_list,437,missing
massive,high_school,,巨大な,high_word_list,1927;2267,missing
master,high_school,,主人,high_word_list,589,missing
mate,high_school,,友達,high_word_list,125,missing
mature,high_school,,成熟した,high_word_list,1980;2320,missing
maximum,high_school,,最大,high_word_list,731;1234,missing
means,high_school,,手段,high_word_list,1796;2136,missing
meanwhile,high_school,,一方で,high_word_list,457,missing
melt,high_school,,溶ける,high_word_list,1865;2205,missing
mere,high_school,,単なる,high_word_list,934;1437,missing
merely,high_school,,単に,high_word_list,224,missing
mess,high_school,,混乱,high_word_list,735;1238,missing
mexican,high_school,,メキシコの,high_word_list,1157;1660,missing
military,high_school,,軍隊の,high_word_list,843;1346,missing
mineral,high_school,,鉱物,high_word_list,1806;2146,missing
minimum,high_school,,最小の,high_word_list,925;1428,missing
minister,high_school,,大臣,high_word_list,228,missing
ministry,high_school,,省庁,high_word_list,1787;2127,missing
minority,high_school,,少数派,high_word_list,1904;2244,missing
mixture,high_school,,混合,high_word_list,660,missing
moral,high_school,,道徳の,high_word_list,76,missing
mortgage,high_school,,抵当,high_word_list,678,missing
mostly,high_school,,主に,high_word_list,29,missing
motive,high_school,,動機,high_word_list,1758;2098,missing
multiple,high_school,,掛け算する,high_word_list,427,missing
murder,high_school,,殺人,high_word_list,593,missing
muslim,high_school,,イスラム教徒,high_word_list,1196;1699,missing
mutual,high_school,,相互の,high_word_list,1892;2232,missing
mysterious,high_school,,不可解な,high_word_list,1035;1538,missing
mystery,high_school,,神秘的な,high_word_list,1084;1587,missing
myth,high_school,,神話,high_word_list,1778;2118,missing
naked,high_school,,裸の,high_word_list,720;1223,missing
narrow,high_school,,幅が狭い,high_word_list,1036;1539,missing
navy,high_school,,海軍,high_word_list,1830;2170,missing
nearby,high_school,,近くの,high_word_list,844;1347,missing
necessarily,high_school,,必然的に,high_word_list,1048;1551,missing
necessity,high_school,,必要,high_word_list,594,missing
neglect,high_school,,無視する,high_word_list,2012;2352,missing
negotiate,high_school,,交渉する,high_word_list,1067;1570,missing
negotiation,high_school,,交渉,high_word_list,733;1236,missing
neighborhood,high_school,,近所,high_word_list,595,missing
nerve,high_school,,神経,high_word_list,1779;2119,missing
nevertheless,high_school,,にもかかわらず,high_word_list,1210;1713,missing
newly,high_school,,新たに,high_word_list,910;1413,missing
nod,high_school,,うなずく,high_word_list,2024;2364,missing
normally,high_school,,通常は,high_word_list,873;1376,missing
notion,high_school,,考え,high_word_list,596,missing
nowhere,high_school,,どこにも,high_word_list,1068;1571,missing
numerous,high_school,,多数の,high_word_list,1891;2231,missing
objective,high_school,,目標,high_word_list,130,missing
obligation,high_school,,義務,high_word_list,1822;2162,missing
observation,high_school,,観察,high_word_list,597,missing
observe,high_school,,観察する,high_word_list,421,missing
observer,high_school,,観察者,high_word_list,904;1407,missing
obtain,high_school,,手に入れる,high_word_list,1124;1627,missing
obvious,high_school,,明白な,high_word_list,132,missing
obviously,high_school,,明らかに,high_word_list,1049;1552,missing
occasion,high_school,,特定の時,high_word_list,946;1449,missing
occasionally,high_school,,時折,high_word_list,659,missing
occupation,high_school,,職業,high_word_list,598,missing
occupy,high_school,,占める,high_word_list,804;1307,missing
odd,high_school,,変な,high_word_list,1740;2080,missing
operate,high_school,,操作する,high_word_list,240,missing
operating,high_school,,作動している,high_word_list,1200;1703,missing
operator,high_school,,操作者,high_word_list,942;1445,missing
opponent,high_school,,相手,high_word_list,674,missing
oppose,high_school,,反対する,high_word_list,994;1497,missing
opposition,high_school,,反対,high_word_list,171,missing
orbit,high_school,,軌道,high_word_list,1826;2166,missing
organization,high_school,,組織,high_word_list,600,missing
organize,high_school,,組織する,high_word_list,995;1498,missing
origin,high_school,,起源,high_word_list,601,missing
originate,high_school,,始まる,high_word_list,1944;2284,missing
otherwise,high_school,,さもなければ,high_word_list,492,missing
outcome,high_school,,結果,high_word_list,381,missing
output,high_school,,生産量,high_word_list,1896;2236,missing
overall,high_school,,全体的な,high_word_list,241,missing
overcome,high_school,,克服する,high_word_list,996;1499,missing
overwhelming,high_school,,圧倒的な,high_word_list,2011;2351,missing
owe,high_school,,借りている,high_word_list,2038;2378,missing
painful,high_school,,苦痛な,high_word_list,1924;2264,missing
palm,high_school,,手のひら,high_word_list,306,missing
pan,high_school,,フライパン,high_word_list,472,missing
parallel,high_school,,平行の,high_word_list,1876;2216,missing
parking,high_school,,駐車場,high_word_list,936;1439,missing
parliament,high_school,,議会,high_word_list,1821;2161,missing
participant,high_school,,参加者,high_word_list,1912;2252,missing
particularly,high_school,,特に,high_word_list,11,missing
partly,high_school,,部分的に,high_word_list,1057;1560,missing
partnership,high_school,,共同,high_word_list,683,missing
passion,high_school,,熱望,high_word_list,1752;2092,missing
passive,high_school,,受身の,high_word_list,1908;2248,missing
patch,high_school,,あて布,high_word_list,898;1401,missing
path,high_school,,小道,high_word_list,287,missing
patience,high_school,,辛抱強さ,high_word_list,1984;2324,missing
peak,high_school,,頂上,high_word_list,16,missing
peculiar,high_school,,奇妙な,high_word_list,1932;2272,missing
peer,high_school,,同僚,high_word_list,13,missing
pension,high_school,,年金,high_word_list,672,missing
perceive,high_school,,知覚する,high_word_list,998;1501,missing
perception,high_school,,知覚,high_word_list,1848;2188,missing
permanent,high_school,,永久の,high_word_list,1938;2278,missing
permission,high_school,,許可,high_word_list,760;1263,missing
permit,high_school,,許可する,high_word_list,999;1502,missing
personality,high_school,,人格,high_word_list,605,missing
personally,high_school,,個人的に,high_word_list,1092;1595,missing
personnel,high_school,,人事,high_word_list,762;1265,missing
perspective,high_school,,見解,high_word_list,1849;2189,missing
persuade,high_school,,説得する,high_word_list,1000;1503,missing
phase,high_school,,段階,high_word_list,18,missing
phenomenon,high_school,,現象,high_word_list,606,missing
philosopher,high_school,,哲学者,high_word_list,780;1283,missing
philosophy,high_school,,哲学,high_word_list,607,missing
physician,high_school,,医師,high_word_list,710,missing
physics,high_school,,物理学,high_word_list,781;1284,missing
pile,high_school,,積み重ね,high_word_list,1979;2319,missing
pioneer,high_school,,開拓者,high_word_list,1935;2275,missing
pit,high_school,,くぼみ,high_word_list,901;1404,missing
pitch,high_school,,投げる,high_word_list,80,missing
plain,high_school,,簡素な,high_word_list,1933;2273,missing
pleasant,high_school,,楽しい,high_word_list,847;1350,missing
plenty,high_school,,たくさん,high_word_list,947;1450,missing
plot,high_school,,話の筋,high_word_list,888;1391,missing
policy,high_school,,政策,high_word_list,258,missing
polite,high_school,,礼儀正しい,high_word_list,1138;1641,missing
political,high_school,,政治の,high_word_list,257,missing
politician,high_school,,政治家,high_word_list,782;1285,missing
politics,high_school,,政治,high_word_list,608,missing
poll,high_school,,投票,high_word_list,193,missing
portion,high_school,,部分,high_word_list,1742;2082,missing
portrait,high_school,,肖像画,high_word_list,896;1399,missing
pose,high_school,,姿勢,high_word_list,664,missing
possess,high_school,,所有する,high_word_list,1001;1504,missing
possession,high_school,,所有,high_word_list,1789;2129,missing
possibility,high_school,,可能性,high_word_list,445,missing
possibly,high_school,,ひょっとすると,high_word_list,1211;1714,missing
potential,high_school,,潜在的な,high_word_list,1038;1541,missing
potentially,high_school,,潜在的な,high_word_list,1097;1600,missing
pour,high_school,,注ぐ,high_word_list,1766;2106,missing
poverty,high_school,,貧困,high_word_list,743;1246,missing
practical,high_school,,実用的な,high_word_list,312,missing
practically,high_school,,実質的に,high_word_list,1989;2329,missing
praise,high_school,,ほめる,high_word_list,805;1308,missing
pray,high_school,,祈る,high_word_list,1827;2167,missing
prayer,high_school,,祈り,high_word_list,690,missing
precise,high_school,,正確な,high_word_list,1899;2239,missing
precisely,high_school,,正確に,high_word_list,1897;2237,missing
predict,high_school,,予想する,high_word_list,1002;1505,missing
preference,high_school,,好み,high_word_list,1810;2150,missing
pregnant,high_school,,妊娠した,high_word_list,1069;1572,missing
prejudice,high_school,,先入観,high_word_list,1894;2234,missing
preparation,high_school,,準備,high_word_list,736;1239,missing
presence,high_school,,存在,high_word_list,610,missing
press,high_school,,押す,high_word_list,56,missing
pretend,high_school,,ふりをする,high_word_list,1125;1628,missing
prevent,high_school,,妨げる,high_word_list,137,missing
previous,high_school,,前の,high_word_list,656,missing
previously,high_school,,以前は,high_word_list,102,missing
primarily,high_school,,主として,high_word_list,1987;2327,missing
primary,high_school,,最初の,high_word_list,848;1351,missing
prime,high_school,,主要な,high_word_list,1909;2249,missing
primitive,high_school,,原始的な,high_word_list,1039;1542,missing
principal,high_school,,第一の,high_word_list,1889;2229,missing
principle,high_school,,原理,high_word_list,373,missing
prior,high_school,,優先の,high_word_list,126,missing
priority,high_school,,優先度,high_word_list,66,missing
prison,high_school,,刑務所,high_word_list,387,missing
prisoner,high_school,,囚人,high_word_list,25,missing
privilege,high_school,,特権,high_word_list,1754;2094,missing
procedure,high_school,,手続き,high_word_list,304,missing
proceed,high_school,,進む,high_word_list,1777;2117,missing
production,high_school,,生産,high_word_list,251,missing
profession,high_school,,職業,high_word_list,1782;2122,missing
profit,high_school,,利益,high_word_list,611,missing
profound,high_school,,深い,high_word_list,1780;2120,missing
progression,high_school,,進行,high_word_list,112,missing
promote,high_school,,促進する,high_word_list,1003;1506,missing
promotion,high_school,,昇進,high_word_list,759;1262,missing
prompt,high_school,,即座の,high_word_list,937;1440,missing
pronunciation,high_school,,発音,high_word_list,1749;2089,missing
proof,high_school,,証拠,high_word_list,612,missing
proper,high_school,,適切な,high_word_list,849;1352,missing
properly,high_school,,適切に,high_word_list,874;1377,missing
property,high_school,,財産,high_word_list,613,missing
proportion,high_school,,比率,high_word_list,614,missing
proposal,high_school,,提案,high_word_list,203,missing
propose,high_school,,提案する,high_word_list,1004;1507,missing
proposed,high_school,,提案した,high_word_list,1096;1599,missing
prosecution,high_school,,起訴,high_word_list,709,missing
prosecutor,high_school,,検察官,high_word_list,911;1414,missing
prospect,high_school,,見通し,high_word_list,1921;2261,missing
protein,high_school,,タンパク質,high_word_list,1151;1654,missing
proud,high_school,,自慢に思って,high_word_list,1186;1689,missing
proverb,high_school,,ことわざ,high_word_list,948;1451,missing
province,high_school,,州,high_word_list,296,missing
provision,high_school,,供給,high_word_list,398,missing
psychological,high_school,,心理的な,high_word_list,269,missing
publication,high_school,,出版物,high_word_list,928;1431,missing
punish,high_school,,罰する,high_word_list,806;1309,missing
pupil,high_school,,生徒,high_word_list,1774;2114,missing
purchase,high_school,,購入する,high_word_list,1005;1508,missing
pure,high_school,,純粋な,high_word_list,884;1387,missing
pursuit,high_school,,追跡,high_word_list,1762;2102,missing
qualify,high_school,,資格を与える,high_word_list,1201;1704,missing
quit,high_school,,やめる,high_word_list,807;1310,missing
racial,high_school,,人種の,high_word_list,1900;2240,missing
radical,high_school,,急進的な,high_word_list,1073;1576,missing
range,high_school,,範囲,high_word_list,170,missing
rapid,high_school,,急速な,high_word_list,938;1441,missing
rare,high_school,,まれな,high_word_list,850;1353,missing
rarely,high_school,,めったに～ない,high_word_list,1213;1716,missing
rating,high_school,,評価,high_word_list,7,missing
rational,high_school,,理性的な,high_word_list,1955;2295,missing
react,high_school,,反応する,high_word_list,1006;1509,missing
reaction,high_school,,反応,high_word_list,615,missing
rear,high_school,,後部の,high_word_list,1916;2256,missing
reasonable,high_school,,理性のある,high_word_list,1140;1643,missing
rebel,high_school,,反逆者,high_word_list,916;1419,missing
recall,high_school,,呼び戻す,high_word_list,365,missing
recession,high_school,,不況,high_word_list,675,missing
recognition,high_school,,認識,high_word_list,1845;2185,missing
recommend,high_school,,薦める,high_word_list,808;1311,missing
recommendation,high_school,,推薦,high_word_list,744;1247,missing
recover,high_school,,回復する,high_word_list,1007;1510,missing
recovery,high_school,,回復,high_word_list,671,missing
reduction,high_school,,削減,high_word_list,337,missing
refer,high_school,,言及する,high_word_list,368,missing
reference,high_school,,参照,high_word_list,1812;2152,missing
reflection,high_school,,反映,high_word_list,1748;2088,missing
refugee,high_school,,難民,high_word_list,182,missing
regarding,high_school,,に関して,high_word_list,1090;1593,missing
regardless,high_school,,にも関わらず,high_word_list,2060;2400,missing
regime,high_school,,政権,high_word_list,22,missing
region,high_school,,地域,high_word_list,616,missing
regional,high_school,,地方の,high_word_list,213,missing
regret,high_school,,後悔する,high_word_list,360,missing
regulation,high_school,,規制,high_word_list,61,missing
reject,high_school,,拒絶する,high_word_list,1008;1511,missing
relative,high_school,,相対的な,high_word_list,1975;2315,missing
relevant,high_school,,関連のある,high_word_list,417,missing
reliable,high_school,,頼りになる,high_word_list,2027;2367,missing
relief,high_school,,安堵,high_word_list,1841;2181,missing
religion,high_school,,宗教,high_word_list,617,missing
rely,high_school,,頼る,high_word_list,646,missing
remaining,high_school,,残り,high_word_list,334,missing
remark,high_school,,ことば,high_word_list,783;1286,missing
remarkable,high_school,,目立った,high_word_list,1040;1543,missing
remote,high_school,,遠い,high_word_list,1837;2177,missing
rent,high_school,,家賃,high_word_list,54,missing
replace,high_school,,取って代わる,high_word_list,1175;1678,missing
representation,high_school,,表現,high_word_list,668,missing
representative,high_school,,代表者,high_word_list,230,missing
republic,high_school,,共和国,high_word_list,1926;2266,missing
reputation,high_school,,評判,high_word_list,618,missing
reserve,high_school,,取っておく,high_word_list,1127;1630,missing
resist,high_school,,抵抗する,high_word_list,2015;2355,missing
resistance,high_school,,抵抗,high_word_list,204,missing
resolution,high_school,,解決,high_word_list,52,missing
resolve,high_school,,解決する,high_word_list,2008;2348,missing
respond,high_school,,反応する,high_word_list,1012;1515,missing
responsible,high_school,,責任がある,high_word_list,1141;1644,missing
restore,high_school,,修復する,high_word_list,1085;1588,missing
restrict,high_school,,制限する,high_word_list,1981;2321,missing
restriction,high_school,,制限,high_word_list,756;1259,missing
retain,high_school,,保持する,high_word_list,1963;2303,missing
retire,high_school,,退職する,high_word_list,1013;1516,missing
retirement,high_school,,退職,high_word_list,742;1245,missing
revenue,high_school,,収益,high_word_list,298,missing
reverse,high_school,,反対の,high_word_list,929;1432,missing
revolution,high_school,,革命,high_word_list,619,missing
reward,high_school,,褒美,high_word_list,620,missing
rid,high_school,,取り除く,high_word_list,308,missing
ritual,high_school,,儀式,high_word_list,1824;2164,missing
roll,high_school,,転がる,high_word_list,809;1312,missing
rough,high_school,,ごつごつした,high_word_list,1187;1690,missing
rub,high_school,,こする,high_word_list,895;1398,missing
rude,high_school,,失礼な,high_word_list,1910;2250,missing
ruin,high_school,,台無しにする,high_word_list,2056;2396,missing
rural,high_school,,田舎の,high_word_list,851;1354,missing
sacrifice,high_school,,犠牲,high_word_list,1823;2163,missing
salary,high_school,,給与,high_word_list,750;1253,missing
satellite,high_school,,衛星,high_word_list,766;1269,missing
satisfaction,high_school,,満足,high_word_list,757;1260,missing
satisfactory,high_school,,満足のいく,high_word_list,2029;2369,missing
scatter,high_school,,まき散らす,high_word_list,2048;2388,missing
scheme,high_school,,計画,high_word_list,383,missing
scholar,high_school,,学者,high_word_list,1829;2169,missing
scientific,high_school,,科学の,high_word_list,100,missing
sculpture,high_school,,彫刻,high_word_list,758;1261,missing
secretary,high_school,,秘書,high_word_list,169,missing
seed,high_school,,種子,high_word_list,1795;2135,missing
seek,high_school,,求める,high_word_list,95,missing
seize,high_school,,つかむ,high_word_list,915;1418,missing
seldom,high_school,,めったに…しない,high_word_list,1220;1723,missing
senate,high_school,,上院,high_word_list,278,missing
sensible,high_school,,分別のある,high_word_list,2031;2371,missing
sensitive,high_school,,敏感な,high_word_list,852;1355,missing
sequence,high_school,,連続,high_word_list,1,missing
servant,high_school,,使用人,high_word_list,1911;2251,missing
settle,high_school,,決着させる,high_word_list,1128;1631,missing
settlement,high_school,,移住,high_word_list,461,missing
shame,high_school,,恥,high_word_list,1859;2199,missing
sharp,high_school,,鋭い,high_word_list,57,missing
shed,high_school,,流す,high_word_list,1788;2128,missing
shit,high_school,,大便,high_word_list,694,missing
shooting,high_school,,撮影,high_word_list,692,missing
shore,high_school,,岸,high_word_list,1861;2201,missing
shortage,high_school,,不足,high_word_list,621,missing
shortly,high_school,,まもなく,high_word_list,1087;1590,missing
shrug,high_school,,肩をすくめる,high_word_list,1197;1700,missing
sigh,high_school,,ため息をつく,high_word_list,1195;1698,missing
significance,high_school,,重要性,high_word_list,784;1287,missing
significant,high_school,,重要な,high_word_list,854;1357,missing
significantly,high_school,,かなり,high_word_list,107,missing
silly,high_school,,馬鹿な,high_word_list,855;1358,missing
similarity,high_school,,類似性,high_word_list,1863;2203,missing
similarly,high_school,,同様に,high_word_list,890;1393,missing
slide,high_school,,滑る,high_word_list,45,missing
slight,high_school,,かすかな,high_word_list,1041;1544,missing
slip,high_school,,滑る,high_word_list,46,missing
smart,high_school,,頭の良い,high_word_list,1042;1545,missing
snap,high_school,,パチンと鳴らす,high_word_list,1212;1715,missing
so-called,high_school,,いわゆる,high_word_list,1093;1596,missing
socially,high_school,,社会的に,high_word_list,1988;2328,missing
solid,high_school,,固い,high_word_list,657,missing
solution,high_school,,解決策,high_word_list,785;1288,missing
somewhat,high_school,,いくぶん,high_word_list,1052;1555,missing
sophisticated,high_school,,洗練された,high_word_list,1167;1670,missing
spill,high_school,,こぼす,high_word_list,920;1423,missing
spin,high_school,,回す,high_word_list,50,missing
spiritual,high_school,,精神の,high_word_list,1895;2235,missing
split,high_school,,割る,high_word_list,48,missing
spoil,high_school,,台無しにする,high_word_list,2057;2397,missing
squeeze,high_school,,絞る,high_word_list,704,missing
stable,high_school,,安定した,high_word_list,1075;1578,missing
stake,high_school,,くい,high_word_list,667,missing
stare,high_school,,じっと見つめる,high_word_list,1208;1711,missing
statistics,high_school,,統計,high_word_list,1759;2099,missing
status,high_school,,状態,high_word_list,622,missing
steadily,high_school,,着実に,high_word_list,1887;2227,missing
steady,high_school,,着実な,high_word_list,1888;2228,missing
steel,high_school,,鋼鉄,high_word_list,349,missing
stimulate,high_school,,刺激する,high_word_list,1016;1519,missing
storage,high_school,,保存,high_word_list,765;1268,missing
strain,high_school,,張る,high_word_list,662,missing
stream,high_school,,流れ,high_word_list,3,missing
stretch,high_school,,広がる,high_word_list,810;1313,missing
string,high_school,,紐,high_word_list,473,missing
stroke,high_school,,打撃,high_word_list,663,missing
strongly,high_school,,強く,high_word_list,728;1231,missing
structure,high_school,,構造,high_word_list,353,missing
stupid,high_school,,馬鹿な,high_word_list,856;1359,missing
submit,high_school,,提出する,high_word_list,1101;1604,missing
substance,high_school,,物質,high_word_list,623,missing
substitute,high_school,,代わりに使う,high_word_list,2058;2398,missing
subtle,high_school,,微妙な,high_word_list,1879;2219,missing
suburb,high_school,,郊外,high_word_list,1807;2147,missing
sudden,high_school,,突然の,high_word_list,857;1360,missing
suffer,high_school,,苦しむ,high_word_list,91,missing
suffering,high_school,,苦しみ,high_word_list,905;1408,missing
sufficient,high_school,,十分な,high_word_list,1907;2247,missing
suggestion,high_school,,提案,high_word_list,15,missing
suicide,high_school,,自殺,high_word_list,689,missing
suitable,high_school,,適した,high_word_list,858;1361,missing
sum,high_school,,合計,high_word_list,624,missing
superior,high_school,,より優れた,high_word_list,1142;1645,missing
supporter,high_school,,支援者,high_word_list,878;1381,missing
suppress,high_school,,抑える,high_word_list,1864;2204,missing
supreme,high_school,,最高の,high_word_list,88,missing
surgery,high_school,,手術,high_word_list,26,missing
suspect,high_school,,疑う,high_word_list,649;1216;1719,missing
sustain,high_school,,保持する,high_word_list,1103;1606,missing
swallow,high_school,,飲み込む,high_word_list,2010;2350,missing
swear,high_school,,誓う,high_word_list,721;1224,missing
sweep,high_school,,掃く,high_word_list,1770;2110,missing
symptom,high_school,,症状,high_word_list,669,missing
tail,high_school,,尾,high_word_list,166,missing
tale,high_school,,お話,high_word_list,1852;2192,missing
talent,high_school,,才能,high_word_list,627,missing
tap,high_school,,軽くたたく,high_word_list,1150;1653,missing
technical,high_school,,技術上の,high_word_list,1044;1547,missing
teenager,high_school,,十代,high_word_list,706,missing
telescope,high_school,,望遠鏡,high_word_list,1871;2211,missing
temperature,high_school,,温度,high_word_list,449,missing
temporary,high_school,,一時的な,high_word_list,1099;1602,missing
tension,high_school,,緊張,high_word_list,1820;2160,missing
terms,high_school,,期間,high_word_list,411,missing
terror,high_school,,恐怖,high_word_list,716,missing
testing,high_school,,試している,high_word_list,1162;1665,missing
therapy,high_school,,治療,high_word_list,740;1243,missing
threat,high_school,,脅威,high_word_list,628,missing
threaten,high_school,,脅かす,high_word_list,811;1314,missing
throat,high_school,,のど,high_word_list,665,missing
tide,high_school,,潮,high_word_list,1858;2198,missing
tip,high_school,,先,high_word_list,1860;2200,missing
tissue,high_school,,組織,high_word_list,687,missing
toe,high_school,,つま先,high_word_list,921;1424,missing
tongue,high_school,,言葉,high_word_list,629,missing
totally,high_school,,完全に,high_word_list,877;1380,missing
towards,high_school,,の方へ,high_word_list,104,missing
trading,high_school,,取引,high_word_list,737;1240,missing
traditionally,high_school,,伝統的に,high_word_list,1968;2308,missing
traffic jam,high_school,,交通渋滞,high_word_list,2000;2340,missing
tragedy,high_school,,悲劇,high_word_list,1747;2087,missing
trait,high_school,,特性,high_word_list,1753;2093,missing
transfer,high_school,,移す,high_word_list,650,missing
transform,high_school,,変える,high_word_list,812;1315,missing
transition,high_school,,遷移,high_word_list,741;1244,missing
treat,high_school,,扱う,high_word_list,60,missing
treatment,high_school,,扱い,high_word_list,631,missing
treaty,high_school,,条約,high_word_list,677,missing
tremendous,high_school,,非常に大きな,high_word_list,2053;2393,missing
tribe,high_school,,部族,high_word_list,632,missing
trigger,high_school,,引き金,high_word_list,941;1444,missing
troop,high_school,,群れ,high_word_list,389,missing
tropical,high_school,,熱帯の,high_word_list,1881;2221,missing
truly,high_school,,真に,high_word_list,267,missing
truth,high_school,,真実,high_word_list,266,missing
twin,high_school,,ふたご,high_word_list,883;1386,missing
twist,high_school,,捻る,high_word_list,10,missing
typical,high_school,,典型的な,high_word_list,1045;1548,missing
typically,high_school,,典型的に,high_word_list,1082;1585,missing
ultimate,high_school,,究極の,high_word_list,1930;2270,missing
unable,high_school,,できない,high_word_list,477,missing
undergo,high_school,,経験する,high_word_list,2003;2343,missing
unemployment,high_school,,失業,high_word_list,1797;2137,missing
unfortunately,high_school,,残念なことに,high_word_list,1193;1696,missing
union,high_school,,統合,high_word_list,634,missing
unit,high_school,,単位,high_word_list,223,missing
universal,high_school,,普遍的な,high_word_list,1046;1549,missing
unknown,high_school,,未知の,high_word_list,861;1364,missing
unlikely,high_school,,起こりそうにない,high_word_list,2059;2399,missing
unpleasant,high_school,,不愉快な,high_word_list,1965;2305,missing
unusual,high_school,,めずらしい,high_word_list,1144;1647,missing
update,high_school,,更新する,high_word_list,1996;2336,missing
urban,high_school,,都会の,high_word_list,862;1365,missing
urge,high_school,,強く促す,high_word_list,2022;2362,missing
useless,high_school,,役に立たない,high_word_list,1189;1692,missing
valuable,high_school,,貴重な,high_word_list,863;1366,missing
variation,high_school,,変化,high_word_list,666,missing
vary,high_school,,多様化する,high_word_list,494,missing
vehicle,high_school,,乗り物,high_word_list,786;1289,missing
venture,high_school,,冒険的事業,high_word_list,1152;1655,missing
verbal,high_school,,言葉の,high_word_list,1949;2289,missing
vessel,high_school,,容器,high_word_list,713,missing
vice,high_school,,副,high_word_list,1855;2195,missing
victim,high_school,,犠牲者,high_word_list,787;1290,missing
viewer,high_school,,観察者,high_word_list,914;1417,missing
virtually,high_school,,実質的に,high_word_list,1053;1556,missing
virtue,high_school,,徳,high_word_list,1857;2197,missing
virus,high_school,,ウイルス,high_word_list,951;1454,missing
visible,high_school,,目に見える,high_word_list,1145;1648,missing
vision,high_school,,未来像,high_word_list,788;1291,missing
vital,high_school,,極めて重要な,high_word_list,1190;1693,missing
vote,high_school,,投票する,high_word_list,1022;1525,missing
voter,high_school,,投票者,high_word_list,78,missing
voyage,high_school,,航海,high_word_list,1808;2148,missing
vulnerable,high_school,,傷つきやすい,high_word_list,1203;1706,missing
wage,high_school,,賃金,high_word_list,1763;2103,missing
wan,high_school,,青ざめた,high_word_list,2025;2365,missing
warn,high_school,,警告する,high_word_list,1023;1526,missing
wealthy,high_school,,裕福な,high_word_list,864;1367,missing
whatever,high_school,,なんでも,high_word_list,448,missing
whenever,high_school,,する時はいつでも,high_word_list,1221;1724,missing
wherever,high_school,,どこでも,high_word_list,1055;1558,missing
whisper,high_school,,ささやく,high_word_list,2018;2358,missing
widely,high_school,,広範囲に,high_word_list,1054;1557,missing
wildlife,high_school,,野生動物,high_word_list,1102;1605,missing
willing,high_school,,いとわない,high_word_list,1147;1650,missing
wipe,high_school,,拭く,high_word_list,24,missing
wise,high_school,,賢い,high_word_list,36,missing
withdraw,high_school,,撤回する,high_word_list,1079;1582,missing
witness,high_school,,目撃者,high_word_list,789;1292,missing
worried,high_school,,心配した,high_word_list,1098;1601,missing
yell,high_school,,大声を上げる,high_word_list,2055;2395,missing
yield,high_school,,産出する,high_word_list,1072;1575,missing
