No,英単語,日本語訳,記号,数値
1,am,午前,＋,0
2,about,について、に関する,＋,0
3,activity,活動,＋,0
4,actor,俳優,＋,0
5,after,～のあとに,＋,0
6,afternoon,午後,＋,0
7,again,もう一度、再び、また,＋,0
8,against,に対抗して、反対して,＋,0
9,age,年齢,＋,0
10,all,全部、全員、全て、みな,＋,0
11,along,に沿って,＋,0
12,also,もまた,＋,0
13,also,さらに,＋,0
14,always,いつも,＋,0
15,am,です、ます,＋,0
16,am,にいる、ある,＋,0
17,an,1つの、1人の,＋,0
18,and,それと,＋,0
19,and,そして、それから,＋,0
20,and so on,など,＋,0
21,animal,動物,＋,0
22,another,ほかの、別の,＋,0
23,apple,りんご,＋,0
24,April,４月,＋,0
25,apron,エプロン、前かけ,＋,0
26,are,です、ます,＋,0
27,are,にいる、ある,＋,0
28,area,区域、場所、地域,＋,0
29,around,の近くに,＋,0
30,around,のまわりを回って,＋,0
31,around,のあちこちに,＋,0
32,around,あちこち、めぐって,＋,0
33,art,美術,＋,0
34,as,として,＋,0
35,at,【場所】に、で,＋,0
36,at,【時刻・年齢】に,＋,0
37,at,【方向】をめがけて、に向かって,＋,0
38,ate,食べた（過去形）,＋,0
39,August,8月,＋,0
40,autumn,秋,＋,0
41,away,はなれて、去って,＋,0
42,back,戻って、返して,＋,0
43,bad,悪い,＋,0
44,That's too bad,それはいけませんね。,＋,0
45,bag,かばん,＋,0
46,baseball,野球,＋,0
47,bath,入浴,＋,0
48,be,である、になる,＋,0
49,beach,浜、海辺,＋,0
50,bean,豆,＋,0
51,bear,クマ,＋,0
52,beautiful,美しい,＋,0
53,become,になる,＋,0
54,bed,ベッド,＋,0
55,before,の前に,＋,0
56,behind,の後ろに,＋,0
57,best,最も良い,＋,0
58,do one's best,最善をつくす,＋,0
59,bicycle,自転車,＋,0
60,big,大きい,＋,0
61,bike,自転車,＋,0
62,bird,鳥,＋,0
63,birthday,誕生日,＋,0
64,black,黒い,＋,0
65,blue,青い,＋,0
66,body,身体,＋,0
67,book,本,＋,0
68,bookstore,本屋,＋,0
69,borrow,を借りる,＋,0
70,bought,買った（過去形）,＋,0
71,box,箱,＋,0
72,boy,少年,＋,0
73,bread,パン,＋,0
74,breakfast,朝食,＋,0
75,brother,兄弟,＋,0
76,brown,茶色,＋,0
77,brush,をみがく,＋,0
78,build,を建てる,＋,0
79,busy,忙しい,＋,0
80,but,しかし、けれども,＋,0
81,buy,を買う,＋,0
82,by,【手段・方法・原因】によって,＋,0
83,by,【場所】のそばに,＋,0
84,cake,ケーキ,＋,0
85,came,来た（過去形）,＋,0
86,can,【能力・可能】することができる,＋,0
87,cannot,できない,＋,0
88,cap,帽子,＋,0
89,car,自動車,＋,0
90,care,世話,＋,0
91,take care of,を大事にする,＋,0
92,careful,注意深い,＋,0
93,cat,猫,＋,0
94,chair,いす,＋,0
95,chicken,鶏肉,＋,0
96,child,子供,＋,0
97,children,子供たち,＋,0
98,choose,を選ぶ,＋,0
99,city,市、都会、都会,＋,0
100,classmate,同級生,＋,0
101,classroom,教室,＋,0
102,clean,きれいな、清潔な,＋,0
103,clean,きれいにする,＋,0
104,climb,を登る,＋,0
105,clothes,服,＋,0
106,cloudy,曇った,＋,0
107,cold,冷たい、寒い,＋,0
108,collect,を集める,＋,0
109,come,来る,＋,0
110,cook,料理する,＋,0
111,cool,かっこいい,＋,0
112,could,できた,＋,0
113,country,国,＋,0
114,of course,もちろん,＋,0
115,cousin,いとこ,＋,0
116,cow,ウシ,＋,0
117,cup,カップ,＋,0
118,cute,かわいい,＋,0
119,date,日、日付,＋,0
120,day,日、１日,＋,0
121,dear,親愛なる,＋,0
122,December,12月,＋,0
123,delicious,おいしい,＋,0
124,desk,机,＋,0
125,dictionary,辞書,＋,0
126,different,色々な、違った,＋,0
127,difficult,難しい,＋,0
128,dinner,夕食,＋,0
129,dish,皿、料理,＋,0
130,do,をする、行う,＋,0
131,doctor,医者,＋,0
132,dog,イヌ,＋,0
133,door,戸,＋,0
134,down,下に,＋,0
135,down,に沿って,＋,0
136,drama,劇,＋,0
137,draw,描く、引く,＋,0
138,dream,夢,＋,0
139,drink,を飲む,＋,0
140,drop,を落とす,＋,0
141,drum,太鼓、ドラム,＋,0
142,during,～の間,＋,0
143,each,それぞれの、各自の,＋,0
144,each other,お互いに,＋,0
145,ear,耳,＋,0
146,early,早く,＋,0
147,early,早い,＋,0
148,easily,簡単に,＋,0
149,eat,を食べる、食事をする,＋,0
150,egg,卵,＋,0
151,eight,8,＋,0
152,eighteen,18,＋,0
153,eighth,8番目,＋,0
154,eighty,80,＋,0
155,elementary school,小学校,＋,0
156,eleven,11,＋,0
157,eleventh,11番目,＋,0
158,end,最後,＋,0
159,English,英語,＋,0
160,enjoy,を楽しむ,＋,0
161,evening,夕方,＋,0
162,event,行事,＋,0
163,every,毎、ごとに,＋,0
164,everyone,みんな,＋,0
165,excited,わくわくした,＋,0
166,exciting,興奮させる,＋,0
167,excuse,を許す,＋,0
168,eye,目、視力,＋,0
169,face,顔,＋,0
170,fall,転ぶ、転倒する,＋,0
171,fall,秋,＋,0
172,fall down,倒れる,＋,0
173,family,家族,＋,0
174,famous,有名な,＋,0
175,farmer,農場主,＋,0
176,fast,速い,＋,0
177,father,父,＋,0
178,favorite,好きな、お気に入りの,＋,0
179,February,2月,＋,0
180,feel,と感じる,＋,0
181,felt,感じた,＋,0
182,festival,祭り,＋,0
183,fever,熱,＋,0
184,fifteen,15,＋,0
185,fifth,5番目,＋,0
186,fifty,50,＋,0
187,fine,元気な,＋,0
188,first,1番め、最初,＋,0
189,fish,魚,＋,0
190,five,5,＋,0
191,flower,花,＋,0
192,food,食べ物,＋,0
193,for,として,＋,0
194,foreign,外国の,＋,0
195,forget,を忘れる,＋,0
196,forty,40,＋,0
197,forward,前方へ,＋,0
198,look forward to ...,を楽しみに待つ,＋,0
199,four,4,＋,0
200,fourteen,14,＋,0
201,fourth,4番目,＋,0
202,free,ひまな,＋,0
203,Friday,金曜日,＋,0
204,friend,友達,＋,0
205,frog,カエル,＋,0
206,from,【時間】から,＋,0
207,from,【場所】から,＋,0
208,front,前、正面,＋,0
209,fruit,果物,＋,0
210,fun,楽しい,＋,0
211,funny,おかしな,＋,0
212,future,未来,＋,0
213,garbage,ゴミ,＋,0
214,gave,与えた,＋,0
215,get,を得る,＋,0
216,get,になる,＋,0
217,get,着く、到着する,＋,0
218,girl,少女,＋,0
219,give,を与える、渡す,＋,0
220,go,行く,＋,0
221,good,良い,＋,0
222,good,元気な,＋,0
223,got,得た,＋,0
224,grandfather,祖父,＋,0
225,grandmother,祖母,＋,0
226,grape,ブドウ,＋,0
227,great,すばらしい,＋,0
228,green,緑,＋,0
229,guess,を推測する,＋,0
230,had,持った,＋,0
231,hair,髪,＋,0
232,half,半分、2分の1,＋,0
233,hall,会館、ホール,＋,0
234,hand,手,＋,0
235,happy,幸せな、うれしい、楽しい,＋,0
236,hard,熱心に、一生懸命に,＋,0
237,hard,かたい,＋,0
238,hat,帽子,＋,0
239,have,を持っている,＋,0
240,have,を食べる、飲む,＋,0
241,have,を開催する,＋,0
242,he,彼は,＋,0
243,head,頭,＋,0
244,headache,頭痛,＋,0
245,heart,心,＋,0
246,help,を手伝う、助ける,＋,0
247,here,ここに,＋,0
248,hers,彼女のもの,＋,0
249,him,彼を,＋,0
250,his,彼の,＋,0
251,his,彼のもの,＋,0
252,history,歴史,＋,0
253,homework,宿題,＋,0
254,hope,を望む,＋,0
255,horse,馬,＋,0
256,hospital,病院,＋,0
257,hot,暑い,＋,0
258,hour,1時間,＋,0
259,house,家、住宅,＋,0
260,how,どんな,＋,0
261,hundred,百,＋,0
262,hungry,空腹の、飢えた,＋,0
263,I,私は[が],＋,0
264,ice,氷,＋,0
265,idea,考え,＋,0
266,important,重要な、大切な,＋,0
267,in,中に,＋,0
268,information,情報,＋,0
269,interested in,興味をもっている,＋,0
270,interesting,興味深い,＋,0
271,is,です、ます,＋,0
272,is,にいる、ある,＋,0
273,island,島,＋,0
274,it,それを,＋,0
275,it,それは,＋,0
276,its,それの、その,＋,0
277,January,1月,＋,0
278,Japan,日本,＋,0
279,Japanese,日本の,＋,0
280,Japanese,日本語、日本人,＋,0
281,job,仕事,＋,0
282,join,に参加する,＋,0
283,July,7月,＋,0
284,jump,跳ぶ,＋,0
285,June,6月,＋,0
286,junior,年下の,＋,0
287,junior high school,中学校,＋,0
288,just,ちょうど、まさに,＋,0
289,kind,親切な,＋,0
290,king,王様,＋,0
291,knee,ひざ,＋,0
292,know,を知っている,＋,0
293,lake,湖,＋,0
294,language,言葉,＋,0
295,large,大きい、広い,＋,0
296,last,この前の,＋,0
297,later,～の後で,＋,0
298,leave,去る,＋,0
299,left,左,＋,0
300,leg,脚,＋,0
301,let's,～しよう,＋,0
302,library,図書館,＋,0
303,life,生活,＋,0
304,life,生命,＋,0
305,light,光,＋,0
306,like,を好む,＋,0
307,like,のような,＋,0
308,line,列、並び,＋,0
309,listen,聞く,＋,0
310,a little,少し,＋,0
311,live,住む,＋,0
312,local,地方の、地元の,＋,0
313,lonely,さびしい,＋,0
314,long,長い,＋,0
315,look,見る,＋,0
316,look,に見える,＋,0
317,lose,負ける,＋,0
318,lost,負けた,＋,0
319,luck,運、幸運,＋,0
320,lunch,昼食,＋,0
321,made,作った（過去形）,＋,0
322,make,を作る,＋,0
323,man,男性、男の人,＋,0
324,many,たくさんの,＋,0
325,map,地図,＋,0
326,March,3月,＋,0
327,market,市場,＋,0
328,math,数学,＋,0
329,May,5月,＋,0
330,maybe,たぶん、もしかすると,＋,0
331,me,私に,＋,0
332,me,私を,＋,0
333,mean,を意味する,＋,0
334,meet,と会う,＋,0
335,memory,記憶,＋,0
336,mine,私のもの,＋,0
337,minute,分,＋,0
338,miss,さびしく思う,＋,0
339,moment,瞬間,＋,0
340,Monday,月曜日,＋,0
341,money,お金,＋,0
342,monkey,サル,＋,0
343,month,月、１か月,＋,0
344,morning,朝,＋,0
345,mother,母,＋,0
346,mountain,山,＋,0
347,mouse,ネズミ、ハツカネズミ,＋,0
348,mouth,口,＋,0
349,movie,映画,＋,0
350,much,[動詞を修飾して]おおいに、たいへん,＋,0
351,museum,博物館,＋,0
352,music,音楽,＋,0
353,musician,音楽家,＋,0
354,my,私の,＋,0
355,name,名前,＋,0
356,national,国の、国家の,＋,0
357,nature,自然,＋,0
358,near,の近くで,＋,0
359,need,を必要とする,＋,0
360,need,困っている状態、貧困,＋,0
361,new,新しい,＋,0
362,newspaper,新聞,＋,0
363,next-door,隣の家、隣の,＋,0
364,nice,良い,＋,0
365,night,夜,＋,0
366,nine,9,＋,0
367,nineteen,19,＋,0
368,ninety,90,＋,0
369,ninth,9番目,＋,0
370,noon,正午,＋,0
371,nose,鼻,＋,0
372,not,でない,＋,0
373,notebook,ノート,＋,0
374,nothing,何もない,＋,0
375,November,11月,＋,0
376,number,数、数字,＋,0
377,nurse,看護婦,＋,0
378,October,10月,＋,0
379,office,事務所,＋,0
380,often,よく,＋,0
381,old,古い,＋,0
382,on,【場所】の上に,＋,0
383,one,1,＋,0
384,only,～だけ,＋,0
385,open,を開ける,＋,0
386,other,他の,＋,0
387,our,私たちの,＋,0
388,ours,私たちのもの,＋,0
389,out,外に,＋,0
390,outside,外で,＋,0
391,over,向こうへ,＋,0
392,pm,午後,＋,0
393,painting,絵をかくこと,＋,0
394,parent,親,＋,0
395,park,公園,＋,0
396,pass,を通り過ぎる,＋,0
397,pencil,鉛筆,＋,0
398,people,人々,＋,0
399,perform,演じる,＋,0
400,period,期間、時間,＋,0
401,pick,を摘む,＋,0
402,picture,絵、写真,＋,0
403,pig,ブタ,＋,0
404,place,場所,＋,0
405,plan,を計画する,＋,0
406,play,を演奏する,＋,0
407,play,を演じる,＋,0
408,player,選手,＋,0
409,pleasure,喜び,＋,0
410,police,警察官,＋,0
411,poor,貧しい,＋,0
412,popular,人気のある,＋,0
413,practice,を練習する,＋,0
414,practice,練習,＋,0
415,problem,問題,＋,0
416,purple,紫色,＋,0
417,put,を置く,＋,0
418,queen,女王,＋,0
419,question,質問,＋,0
420,quickly,すぐに,＋,0
421,quiet,静かな,＋,0
422,rabbit,ウサギ,＋,0
423,rainy,雨降りの,＋,0
424,read,を読む,＋,0
425,reading,読書,＋,0
426,really,本当に、実際に,＋,0
427,red,赤,＋,0
428,rest,休息,＋,0
429,rice,米、ご飯,＋,0
430,rich,金持ちの,＋,0
431,ride,乗る,＋,0
432,right,右,＋,0
433,right,正しい,＋,0
434,river,川,＋,0
435,role,役、役割,＋,0
436,room,部屋,＋,0
437,round,丸い,＋,0
438,ruler,定規,＋,0
439,run,走る,＋,0
440,sad,悲しい,＋,0
441,said,言った（過去形）,＋,0
442,salad,サラダ,＋,0
443,Saturday,土曜日,＋,0
444,saw,見た（過去形）,＋,0
445,say,を言う,＋,0
446,school,学校,＋,0
447,science,科学,＋,0
448,scientist,科学者,＋,0
449,sea,海,＋,0
450,season,季節,＋,0
451,second,2番目,＋,0
452,see,を見る,＋,0
453,see,が分かる,＋,0
454,see,に会う,＋,0
455,sell,を売る,＋,0
456,September,9月,＋,0
457,seven,7,＋,0
458,seventeen,17,＋,0
459,seventy,70,＋,0
460,she,彼女は,＋,0
461,sheep,ヒツジ,＋,0
462,ship,船,＋,0
463,shoe,くつ,＋,0
464,shop,店,＋,0
465,shopping,買物,＋,0
466,short,短い,＋,0
467,shoulder,肩,＋,0
468,show,を見せる,＋,0
469,shy,恥ずかしがりの,＋,0
470,sick,病気の,＋,0
471,sing,を歌う,＋,0
472,singer,歌手,＋,0
473,sister,姉妹,＋,0
474,sit,座る,＋,0
475,six,6,＋,0
476,sixteen,16,＋,0
477,sixth,6番目,＋,0
478,sixty,60,＋,0
479,sleep,眠る,＋,0
480,small,小さい,＋,0
481,smile,ほほえむ,＋,0
482,snake,ヘビ,＋,0
483,snow,雪,＋,0
484,snowy,雪の降る,＋,0
485,some,いくつかの,＋,0
486,something,なにか,＋,0
487,sometimes,ときどき,＋,0
488,song,歌,＋,0
489,soon,すぐに,＋,0
490,sound,に聞こえる,＋,0
491,soup,スープ,＋,0
492,speak,を話す,＋,0
493,special,特別の,＋,0
494,speech,演説,＋,0
495,spell,をつづる,＋,0
496,spend,を過ごす,＋,0
497,spring,春,＋,0
498,stand,立つ,＋,0
499,star,星,＋,0
500,station,駅,＋,0
501,stay,滞在する,＋,0
502,still,まだ,＋,0
503,stop,止める,＋,0
504,straight,真っすぐに,＋,0
505,street,通り,＋,0
506,strong,強い,＋,0
507,student,生徒,＋,0
508,study,を勉強する,＋,0
509,subject,教科、科目,＋,0
510,subway,地下鉄,＋,0
511,summer,夏,＋,0
512,Sunday,日曜日,＋,0
513,sunny,晴れの,＋,0
514,supermarket,スーパーマーケット,＋,0
515,sure,もちろん,＋,0
516,sure,確信して,＋,0
517,surprise,驚くべきこと,＋,0
518,sweet,甘い,＋,0
519,swim,泳ぐ,＋,0
520,swimming,水泳,＋,0
521,table,つくえ,＋,0
522,take,を撮る,＋,0
523,take,に乗る,＋,0
524,talk,話す,＋,0
525,teach,教える,＋,0
526,teacher,先生、教師,＋,0
527,telephone,電話,＋,0
528,tell,に話す,＋,0
529,temple,寺,＋,0
530,ten,10,＋,0
531,tenth,10番目,＋,0
532,textbook,教科書,＋,0
533,thank,に感謝する,＋,0
534,that,あの,＋,0
535,that,あれ,＋,0
536,the,その,＋,0
537,theater,劇場,＋,0
538,their,彼らの,＋,0
539,theirs,彼らのもの,＋,0
540,them,彼らを,＋,0
541,there,そこに,＋,0
542,these,これらの,＋,0
543,they,彼らは,＋,0
544,thing,もの、こと,＋,0
545,think,考える,＋,0
546,third,3番目,＋,0
547,thirteen,13,＋,0
548,thirty,30,＋,0
549,this,これ,＋,0
550,this,この,＋,0
551,those,あれらの,＋,0
552,thousand,千,＋,0
553,three,3,＋,0
554,Thursday,木曜日,＋,0
555,tiger,トラ,＋,0
556,time,時間,＋,0
557,tired,疲れた,＋,0
558,to,【方向・到達】の方へ,＋,0
559,today,今日、現在,＋,0
560,together,一緒に,＋,0
561,told,に伝えた,＋,0
562,tomorrow,明日,＋,0
563,too,もまた,＋,0
564,too,～すぎる,＋,0
565,took,撮った,＋,0
566,tooth,歯,＋,0
567,touch,にさわる,＋,0
568,towel,タオル,＋,0
569,tower,塔,＋,0
570,town,町,＋,0
571,traditional,伝統的な,＋,0
572,train,列車,＋,0
573,trash,ごみ、くず,＋,0
574,travel,旅行,＋,0
575,tree,木,＋,0
576,trip,旅行,＋,0
577,try,を試す,＋,0
578,Tuesday,火曜日,＋,0
579,turn,順番,＋,0
580,turn,向く、曲がる,＋,0
581,twelfth,12番目,＋,0
582,twelve,12,＋,0
583,twentieth,20番目,＋,0
584,twenty,20,＋,0
585,two,2,＋,0
586,umbrella,傘,＋,0
587,under,下の,＋,0
588,understand,を理解する,＋,0
589,up,上へ,＋,0
590,work,仕事,＋,0
591,so,とても,＋,0
592,use,使う,＋,0
593,want,欲しい,＋,0
594,very,非常に,＋,0
595,learn,学ぶ,＋,0
596,letter,手紙,＋,0
597,yesterday,昨日,＋,0
598,usually,普段、ふつう,＋,0
599,where,どこ,＋,0
600,diary,日記,＋,0
601,floor,階,＋,0
602,wait,待つ,＋,0
603,west,西,＋,0
604,arrive,到着する,＋,0
605,already,すでに,＋,0
606,slowly,ゆっくりと,＋,0
607,yet,まだ,＋,0
608,warm,温暖な,＋,0
609,stamp,切手,＋,0
610,plane,飛行機,＋,0
611,doll,人形,＋,0
612,uncle,おじ,＋,0
613,aunt,おば,＋,0
614,clerk,店員,＋,0
615,church,教会,＋,0
616,village,町、村,＋,0
617,honest,正直な,＋,0
618,east,東,＋,0
619,south,南,＋,0
620,north,北,＋,0
621,hat,帽子,＋,0
622,ear,耳,＋,0
623,people,人々,＋,0
624,king,王様,＋,0
625,talk,話す,＋,0
626,art,芸術,＋,0
627,question,質問,＋,0
628,each,各々,＋,0
629,think,考える,＋,0
630,sit,座る,＋,0
631,see,見る,＋,0
632,tea,お茶,＋,0
633,ice,氷,＋,0
634,take,連れて行く,＋,0
635,take,取る,＋,0
636,tell,伝える,＋,0
637,well,健康な,＋,0
638,important,重要な,＋,0
639,teach,教える,＋,0
640,sea,海,＋,0
641,grandfather,祖父,＋,0
642,language,言語,＋,0
643,listen,聴く,＋,0
644,join,参加する,＋,0
645,difficult,難しい,＋,0
646,eye,目,＋,0
647,understand,理解する,＋,0
648,interesting,面白い,＋,0
649,word,言葉,＋,0
650,hope,望む,＋,0
651,mountain,山,＋,0
652,practice,練習する,＋,0
653,mean,意味する,＋,0
654,sure,確信して,＋,0
655,set,置く,＋,0
656,popular,人気の,＋,0
657,market,市場,＋,0
658,foot,足,＋,0
659,animal,動物,＋,0
660,leg,脚,＋,0
661,child,子供,＋,0
662,history,歴史,＋,0
663,spend,費やす,＋,0
664,become,～になる,＋,0
665,useful,役に立つ,＋,0
666,tired,疲れて,＋,0
667,lake,湖,＋,0
668,river,川,＋,0
669,fun,楽しみ,＋,0
670,date,日付,＋,0
671,forget,忘れる,＋,0
672,climb,登る,＋,0
673,feel,感じる,＋,0
674,throw,投げる,＋,0
675,fall,落ちる,＋,0
676,museum,博物館,＋,0
677,dictionary,辞書,＋,0
678,nose,鼻,＋,0
679,dish,皿,＋,0
680,vegetable,野菜,＋,0
681,tooth,歯,＋,0
682,vacation,休暇,＋,0
683,math,数学,＋,0
684,grandmother,祖母,＋,0
685,eraser,消しゴム,＋,0
686,sleep,眠る,＋,0
687,draw,描く,＋,0
688,worry,心配させる,＋,0
689,happen,起こる,＋,0
690,borrow,借りる,＋,0
691,bring,持って来る,＋,0
692,farm,農場,＋,0
693,heart,心,＋,0
694,water,水,＋,0
695,island,島,＋,0
696,hundred,百,＋,0
697,mouth,口,＋,0
698,bath,風呂,＋,0
699,police,警察,＋,0
700,thousand,千,＋,0
701,textbook,教科書,＋,0
702,horse,馬,＋,0
703,roof,屋根,＋,0
704,pond,池,＋,0
705,nature,自然,＋,0
706,beef,牛肉,＋,0
707,rabbit,ウサギ,＋,0
708,shoulder,肩,＋,0
709,pig,ブタ,＋,0
710,bear,クマ,＋,0
711,farmer,農家,＋,0
712,excuse,許す,＋,0
713,pick,選ぶ,＋,0
714,brown,茶色の,＋,0
715,rainy,雨降りの,＋,0
716,quiet,静かな,＋,0
717,cloudy,曇った,＋,0
718,busy,忙しい,＋,0
719,honest,正直な,＋,0
720,poor,貧乏な,＋,0
721,hungry,空腹の,＋,0
722,fine,元気な，晴れた,＋,0
723,south,南,＋,0
724,north,北,＋,0
725,about,およそ、約、ごろ,＋,0
726,be about to,今にもしようとしている,＋,0
727,abroad,外国に、海外に,＋,0
728,from abroad,外国から,＋,0
729,absent,欠席の,＋,0
730,according to,によれば,＋,0
731,across,横断して,＋,0
732,action,行動,＋,0
733,add,加える,＋,0
734,advice,忠告,＋,0
735,advise,助言する,＋,0
736,afraid,こわがって,＋,0
737,be afraid to,するのがこわい,＋,0
738,after,～の後に,＋,0
739,after,にならって、ちなんで,＋,0
740,after all,結局,＋,0
741,age,時代,＋,0
742,ago,～の前に,＋,0
743,air conditioner,冷房,＋,0
744,airplane,飛行機,＋,0
745,airport,空港,＋,0
746,alive,生きて,＋,0
747,all,全ての、全部の,＋,0
748,alone,独りで,＋,0
749,among,の中で,＋,0
750,ancient,古代の,＋,0
751,angle,角度,＋,0
752,angry,怒って,＋,0
753,another,もう1つ、一人の,＋,0
754,answer,に答える,＋,0
755,apologize,謝る,＋,0
756,appear,現れる,＋,0
757,are,ある、いる,＋,0
758,arm,腕,＋,0
759,arrive,到着する,＋,0
760,arrive at,に到着する,＋,0
761,article,記事,＋,0
762,as,のような,＋,0
763,as for,について言えば,＋,0
764,ask,をたのむ,＋,0
765,aunt,おば,＋,0
766,away,なくなって,＋,0
767,baby,赤ん坊,＋,0
768,barrier,障壁,＋,0
769,be,ある、いる,＋,0
770,beauty,美しさ、美,＋,0
771,because,だから、なので,＋,0
772,because of,が理由で,＋,0
773,beer,ビール,＋,0
774,before,する前に,＋,0
775,before,以前に,＋,0
776,began,始めた,＋,0
777,begin,を始める,＋,0
778,begin to,し始める,＋,0
779,believe,信じる,＋,0
780,beside,の側に,＋,0
781,best,最も良い,＋,0
782,better,より良い,＋,0
783,between,と～の間で,＋,0
784,bill,請求書,＋,0
785,bored,退屈した,＋,0
786,both,両方,＋,0
787,bridge,橋,＋,0
788,bright,明るい,＋,0
789,build,を建てる,＋,0
790,building,建物,＋,0
791,built,を建てた,＋,0
792,burn,を燃やす,＋,0
793,business,商売,＋,0
794,by,によって,＋,0
795,by,までに,＋,0
796,by,通り過ぎて,＋,0
797,little by little,少しずつ,＋,0
798,Bye for now,さようなら,＋,0
799,call,に電話をかける,＋,0
800,call,通話,＋,0
801,call back,折り返し電話する,＋,0
802,can,することがあり得る,＋,0
803,candle,ろうそく,＋,0
804,capital,首都,＋,0
805,care,気にする,＋,0
806,career,職業,＋,0
807,carefully,注意深く,＋,0
808,carpet,じゅうたん,＋,0
809,carry,を運ぶ,＋,0
810,case,場合,＋,0
811,catch,を捕まえる,＋,0
812,century,世紀,＋,0
813,certainly,承知しました,＋,0
814,chain,くさり,＋,0
815,change,変わる,＋,0
816,change,を変える,＋,0
817,change trains,電車を乗りかえる,＋,0
818,check,を調べる,＋,0
819,check,検査,＋,0
820,childhood,子供のころ,＋,0
821,Chinese,中国語,＋,0
822,circle,円,＋,0
823,citizen,市民,＋,0
824,clearly,はっきりと,＋,0
825,clerk,店員,＋,0
826,clever,利口な,＋,0
827,close,閉じる,＋,0
828,cloth,布,＋,0
829,cloud,雲,＋,0
830,coin,硬貨,＋,0
831,college,大学,＋,0
832,come,になる,＋,0
833,come from,出身である,＋,0
834,comedy,喜劇,＋,0
835,common,共通の,＋,0
836,communicate,連絡する,＋,0
837,company,会社,＋,0
838,conference,会議,＋,0
839,connect,を結びつける,＋,0
840,contact,接触,＋,0
841,content,中身,＋,0
842,continue,を続ける,＋,0
843,convenience,便利,＋,0
844,corner,かど,＋,0
845,Could you?,してくださいませんか？,＋,0
846,couple,夫婦,＋,0
847,create,を創造する,＋,0
848,cry,泣く,＋,0
849,cultural,文化の,＋,0
850,culture,文化,＋,0
851,customer,顧客,＋,0
852,cut,切る,＋,0
853,damage,に損害を与える,＋,0
854,decide,を決める,＋,0
855,decrease,減少する,＋,0
856,deep,深い,＋,0
857,delivery,配達,＋,0
858,develop,を発達させる,＋,0
859,die,死ぬ,＋,0
860,different,異なる,＋,0
861,dinosaur,恐竜,＋,0
862,directly,直接に,＋,0
863,disabled,体の不自由な,＋,0
864,disappear,姿を消す、消滅する,＋,0
865,discover,発見する,＋,0
866,dislike,嫌う,＋,0
867,do,暮らす,＋,0
868,drive,運転する,＋,0
869,dry,乾く,＋,0
870,early,早く,＋,0
871,earn,をかせぐ,＋,0
872,Earth,地球,＋,0
873,east,東,＋,0
874,easy,簡単な,＋,0
875,effectively,効果的に,＋,0
876,effort,努力,＋,0
877,elderly,年配の,＋,0
878,end,終わる,＋,0
879,enough,十分な、必要なだけの,＋,0
880,enter,入る,＋,0
881,envelope,封筒,＋,0
882,especially,特に、とりわけ,＋,0
883,even,でさえ,＋,0
884,eventually,最後には,＋,0
885,everything,何でも,＋,0
886,everywhere,どこでも,＋,0
887,example,例、実例,＋,0
888,for example,例えば,＋,0
889,exhibition,展示,＋,0
890,experience,を経験する,＋,0
891,experience,経験、体験,＋,0
892,explain,を説明する,＋,0
893,face,に直面する,＋,0
894,facility,施設、設備,＋,0
895,factory,工場,＋,0
896,fail,失敗する,＋,0
897,far,遠くに,＋,0
898,ask a favor,にお願いする,＋,0
899,feature,特色,＋,0
900,feedback,意見,＋,0
901,feel like ~ing,したい気がする,＋,0
902,few,少しの,＋,0
903,a few,少数の,＋,0
904,fiction,小説,＋,0
905,find,を発見する,＋,0
906,finger,手の指,＋,0
907,finish,を終える,＋,0
908,fire,火,＋,0
909,flour,小麦粉,＋,0
910,fly,飛ぶ,＋,0
911,follow,に従う,＋,0
912,fool,馬鹿,＋,0
913,foolish,愚かな,＋,0
914,for,にとって,＋,0
915,forest,森、森林,＋,0
916,fossil,化石,＋,0
917,found,を見つけた,＋,0
918,found,を創立する,＋,0
919,free,自由な,＋,0
920,freedom,自由,＋,0
921,front,前、前方,＋,0
922,in front of,の前に,＋,0
923,full,完全な、完ぺきな、最適な,＋,0
924,in full,全部,＋,0
925,future,未来,＋,0
926,in the future,将来に,＋,0
927,gather,を集める,＋,0
928,general,一般的な,＋,0
929,gift,贈り物,＋,0
930,glacier,氷河,＋,0
931,glad,うれしい,＋,0
932,be going to,するつもりだ,＋,0
933,go out,外出する,＋,0
934,go by,通り過ぎる,＋,0
935,grand,壮大な,＋,0
936,graph,図表,＋,0
937,grass,草,＋,0
938,great,偉大な、すぐれた,＋,0
939,ground,地面,＋,0
940,grow,成長する,＋,0
941,guest,客,＋,0
942,guide,案内人,＋,0
943,gun,鉄砲,＋,0
944,half,半分だけ,＋,0
945,happiness,幸福,＋,0
946,has to,しなければならない,＋,0
947,have to,しなければならない,＋,0
948,don't have to,しなくてよい,＋,0
949,health,健康,＋,0
950,hear,聞く,＋,0
951,hear of,について聞く,＋,0
952,heard,聞いた,＋,0
953,heavy,重い,＋,0
954,held,開催した,＋,0
955,helpful,役に立つ,＋,0
956,heritage,遺産,＋,0
957,herself,彼女自身,＋,0
958,hill,丘,＋,0
959,himself,彼自身を,＋,0
960,hobby,趣味,＋,0
961,hold,をつかむ,＋,0
962,hold,を開く、行う,＋,0
963,hole,穴,＋,0
964,holiday,休日、休暇,＋,0
965,horror,恐怖,＋,0
966,host,主人,＋,0
967,hour,時刻,＋,0
968,How about ~?,はどうですか？,＋,0
969,how to,する方法,＋,0
970,How much ~?,はいくらですか？,＋,0
971,however,しかしながら、けれども,＋,0
972,human,人間、人,＋,0
973,hunt,を狩る,＋,0
974,hunting,狩り,＋,0
975,hurry,急ぐ,＋,0
976,hurt,を傷つける,＋,0
977,husband,夫,＋,0
978,if,もし～ならば,＋,0
979,ill,病気の,＋,0
980,imagine,想像する,＋,0
981,improve,を改善する,＋,0
982,improve,進歩する,＋,0
983,influence,に影響を及ぼす,＋,0
984,inside,内側の,＋,0
985,be interested in,に興味がある,＋,0
986,into,～の中へ,＋,0
987,introduce,を紹介する,＋,0
988,invention,発明,＋,0
989,invite,を招待する,＋,0
990,keep,し続ける,＋,0
991,kept,し続けた,＋,0
992,key,鍵,＋,0
993,kill,を殺す,＋,0
994,kind,種類,＋,0
995,kind(s) of ～,種類の～,＋,0
996,kindliness,親切さ,＋,0
997,knew,知っていた,＋,0
998,knife,ナイフ,＋,0
999,knowledge,知識,＋,0
1000,land,土地,＋,0
1001,last,最後の,＋,0
1002,laugh,笑う,＋,0
1003,law,法律,＋,0
1004,leaf,葉,＋,0
1005,learn,学ぶ、習う,＋,0
1006,left,去った,＋,0
1007,lend,貸す,＋,0
1008,lesson,授業,＋,0
1009,letter,文字,＋,0
1010,letter,手紙,＋,0
1011,lie,嘘,＋,0
1012,life,人生,＋,0
1013,light,軽い,＋,0
1014,light,光,＋,0
1015,line,線,＋,0
1016,live,生きる,＋,0
1017,long,長い,＋,0
1018,long ago,ずっと前に,＋,0
1019,take a look,ちらりと見る,＋,0
1020,lose,を失う,＋,0
1021,loud,声の大きい,＋,0
1022,low,低い,＋,0
1023,luggage,手荷物,＋,0
1024,machine,機械,＋,0
1025,magazine,雑誌,＋,0
1026,may,してもよい,＋,0
1027,may,かもしれない,＋,0
1028,mayor,市長,＋,0
1029,meaning,意味,＋,0
1030,measure,をはかる,＋,0
1031,meat,肉,＋,0
1032,medicine,薬,＋,0
1033,medium,中ほどの,＋,0
1034,middle,真ん中,＋,0
1035,in the middle of,の真ん中に,＋,0
1036,million,100万,＋,0
1037,mirror,鏡,＋,0
1038,miss,を見逃す,＋,0
1039,mist,霧,＋,0
1040,mistake,誤り,＋,0
1041,misunderstand,を誤解する,＋,0
1042,moon,月,＋,0
1043,more,よりもっと,＋,0
1044,more than,より多くの,＋,0
1045,moreover,さらに,＋,0
1046,most,最も,＋,0
1047,move,を動かす,＋,0
1048,much,たくさん,＋,0
1049,must,しなければならない,＋,0
1050,must not,してはいけない,＋,0
1051,myself,私自身,＋,0
1052,natural,自然の,＋,0
1053,near,近くで,＋,0
1054,necessary,必要な,＋,0
1055,neck,首,＋,0
1056,neighbor,近所の人,＋,0
1057,nest,巣,＋,0
1058,never,今までに一度もしない,＋,0
1059,at night,夜に,＋,0
1060,noise,騒音,＋,0
1061,for now,今のところは,＋,0
1062,of,～の,＋,0
1063,oil,油,＋,0
1064,old,年をとった,＋,0
1065,old,古い,＋,0
1066,on,の上に,＋,0
1067,once,かつて,＋,0
1068,for one thing,1つには,＋,0
1069,operation,手術,＋,0
1070,originally,はじめは,＋,0
1071,other,ほかの,＋,0
1072,work out,運動する,＋,0
1073,outside,外で,＋,0
1074,over,の向こうへ,＋,0
1075,over here,こちらに,＋,0
1076,all over,の至るところで,＋,0
1077,overseas,海外の,＋,0
1078,own,自分自身の,＋,0
1079,paid,支払い済みの,＋,0
1080,paint,描く,＋,0
1081,paper,紙,＋,0
1082,part,部分,＋,0
1083,pass,を手渡す,＋,0
1084,past,過去の,＋,0
1085,pay,払う,＋,0
1086,peace,平和,＋,0
1087,perfect,完全な,＋,0
1088,person,人,＋,0
1089,photograph,写真,＋,0
1090,piece,断片,＋,0
1091,plan,を計画する,＋,0
1092,planet,惑星,＋,0
1093,plant,植物,＋,0
1094,plate,お皿,＋,0
1095,playful,楽しげな,＋,0
1096,pork,豚肉,＋,0
1097,port,港,＋,0
1098,precious,貴重な,＋,0
1099,preserve,を保存する,＋,0
1100,price,値段,＋,0
1101,produce,を生産する,＋,0
1102,product,製品,＋,0
1103,professor,教授,＋,0
1104,progress,進歩,＋,0
1105,pull,を引く,＋,0
1106,push,を押す,＋,0
1107,put,置く,＋,0
1108,rain,雨,＋,0
1109,rat,ネズミ,＋,0
1110,raw,生の,＋,0
1111,ready,用意できている,＋,0
1112,realize,だと気づく,＋,0
1113,reason,理由,＋,0
1114,recognize,だと分かる,＋,0
1115,relationship,関係,＋,0
1116,remember,を思い出す,＋,0
1117,remind,を気づかせる,＋,0
1118,remove,を取り除く,＋,0
1119,reply,と答える,＋,0
1120,research,を研究する,＋,0
1121,research,研究,＋,0
1122,reservation,予約,＋,0
1123,rest,残り,＋,0
1124,result,結果,＋,0
1125,as a result,結果として,＋,0
1126,return,帰る、戻る,＋,0
1127,ride,乗る,＋,0
1128,right,ちょうど、すぐに,＋,0
1129,right away,すぐに,＋,0
1130,ring,指輪,＋,0
1131,rise,のぼる、上がる、上昇する,＋,0
1132,road,道,＋,0
1133,rock,岩,＋,0
1134,rode,乗った,＋,0
1135,row,列,＋,0
1136,rule,規則,＋,0
1137,sacred,神聖な,＋,0
1138,sailor,船員,＋,0
1139,for sale,売り物の,＋,0
1140,salt,塩,＋,0
1141,same,同一の,＋,0
1142,save,を節約する,＋,0
1143,say,と書いてある,＋,0
1144,scary,恐ろしい,＋,0
1145,second,2番目に,＋,0
1146,seem,～のように思われる,＋,0
1147,select,を選ぶ,＋,0
1148,selection,選択,＋,0
1149,send,を送る,＋,0
1150,sense,感覚,＋,0
1151,sent,送った,＋,0
1152,sentence,文,＋,0
1153,serious,重大な,＋,0
1154,severe,厳しい,＋,0
1155,shadow,影,＋,0
1156,shape,形,＋,0
1157,share,を共有する,＋,0
1158,shop,店,＋,0
1159,should,すべきである,＋,0
1160,shout,叫ぶ,＋,0
1161,show,を見せる,＋,0
1162,side,側面,＋,0
1163,sight,視界,＋,0
1164,similar,同じような,＋,0
1165,sink,沈む,＋,0
1166,skill,技術,＋,0
1167,sky,空,＋,0
1168,slowly,遅く,＋,0
1169,smile,笑う,＋,0
1170,with a smile,笑って,＋,0
1171,snow,雪,＋,0
1172,society,社会,＋,0
1173,soft,やわらかい,＋,0
1174,sometime,いつか,＋,0
1175,sorry,残念で,＋,0
1176,specific,特定の,＋,0
1177,spice,香辛料,＋,0
1178,spoke,話した,＋,0
1179,spread,を広げる,＋,0
1180,spread,広がった,＋,0
1181,spring,ばね,＋,0
1182,standard,基準,＋,0
1183,stay,滞在する,＋,0
1184,stick,棒,＋,0
1185,stone,石,＋,0
1186,story,物語,＋,0
1187,strange,奇妙な,＋,0
1188,strike,打つ,＋,0
1189,success,成功,＋,0
1190,such,そのような,＋,0
1191,sugar,砂糖,＋,0
1192,sun,太陽,＋,0
1193,surprised,驚いた,＋,0
1194,tall,背が高い,＋,0
1195,taught,教えた,＋,0
1196,technology,科学技術,＋,0
1197,than,よりも,＋,0
1198,these,これらの,＋,0
1199,thick,厚い,＋,0
1200,tiny,ごく小さな,＋,0
1201,tourist,観光客,＋,0
1202,tradition,伝統,＋,0
1203,translate,翻訳する,＋,0
1204,translation,翻訳,＋,0
1205,turn into,に変わる,＋,0
1206,twice,2倍、2度,＋,0
1207,uncle,おじ,＋,0
1208,understood,を理解した,＋,0
1209,unique,独特な,＋,0
1210,university,大学,＋,0
1211,usual,通常の,＋,0
1212,various,いろいろな,＋,0
1213,wake,目が覚める,＋,0
1214,wake up,目を覚ます,＋,0
1215,war,戦争,＋,0
1216,warm,温かい,＋,0
1217,watch,腕時計,＋,0
1218,wave,波,＋,0
1219,way,方法,＋,0
1220,weak,弱い,＋,0
1221,wear,着る,＋,0
1222,weigh,重さがある,＋,0
1223,weight,重さ,＋,0
1224,do well,元気になる,＋,0
1225,well-off,裕福な,＋,0
1226,west,西,＋,0
1227,when,するとき,＋,0
1228,which,どちらの,＋,0
1229,wide,幅が広い,＋,0
1230,wife,妻,＋,0
1231,wild,野生の,＋,0
1232,will,～するつもり,＋,0
1233,wind,風,＋,0
1234,wisdom,知恵,＋,0
1235,wish,望む,＋,0
1236,with,～と一緒に,＋,0
1237,woke,目が覚めた,＋,0
1238,wonder,～かなと思う,＋,0
1239,wonder,不思議,＋,0
1240,wood,木材,＋,0
1241,work,仕事,＋,0
1242,world,世界,＋,0
1243,writer,作家,＋,0
1244,wrote,書いた,＋,0
1245,young,若い,＋,0
1246,a kind of,一種の,＋,0
1247,above,上に，上記の,＋,0
1248,accept,を受け入れる,＋,0
1249,accident,事故,＋,0
1250,actually,実は，本当は,＋,0
1251,address,住所,＋,0
1252,affect,に影響を与える,＋,0
1253,after a while,しばらくして,＋,0
1254,agree,賛成する,＋,0
1255,agree with,に賛成する,＋,0
1256,ahead,前方に,＋,0
1257,all the time,常に,＋,0
1258,almost,ほとんど,＋,0
1259,already,すでに，もう,＋,0
1260,although,であるけれど,＋,0
1261,amaze,をびっくりさせる,＋,0
1262,amazing,驚くべき,＋,0
1263,amount,量，額,＋,0
1264,angry,怒った，腹を立てた,＋,0
1265,announce,を発表する,＋,0
1266,announcement,発表,＋,0
1267,any,どれもない,＋,0
1268,any,どんなでも,＋,0
1269,apply,当てはまる,＋,0
1270,arm,腕,＋,0
1271,army,陸軍,＋,0
1272,around,のまわりに,＋,0
1273,arrest,を逮捕する,＋,0
1274,arrow,矢,＋,0
1275,artistic,芸術的な,＋,0
1276,ashamed,恥じて,＋,0
1277,at,によって,＋,0
1278,attend,に通う，に出席する,＋,0
1279,audience,聴衆，観客,＋,0
1280,awake,目が覚める,＋,0
1281,awesome,すばらしい,＋,0
1282,back,裏の，後ろの,＋,0
1283,bake,焼く,＋,0
1284,ban,を禁止する,＋,0
1285,barber,散髪屋,＋,0
1286,battery,電池,＋,0
1287,be amazed at,に驚かされる,＋,0
1288,be different from,とはちがっている,＋,0
1289,be in danger of,の危険にさらされている,＋,0
1290,be ready for,の用意ができている,＋,0
1291,be satisfied with,に満足する,＋,0
1292,become,になった,＋,0
1293,beef,牛肉,＋,0
1294,begin,始まる,＋,0
1295,beginner,初心者,＋,0
1296,beginning,最初,＋,0
1297,behavior,ふるまい,＋,0
1298,believe,信じる,＋,0
1299,belong,のものである,＋,0
1300,below,下に，下記の,＋,0
1301,besides,そのうえ，さらに,＋,0
1302,beyond,をこえたところに,＋,0
1303,billion,10億,＋,0
1304,bit,少し,＋,0
1305,blood,血,＋,0
1306,blow,吹く,＋,0
1307,boil,ゆでる，煮る,＋,0
1308,bomb,爆弾,＋,0
1309,border,国境,＋,0
1310,born,生まれる,＋,0
1311,bother,面倒,＋,0
1312,bowl,鉢,＋,0
1313,brain,頭脳,＋,0
1314,branch,枝,＋,0
1315,break,壊れる，破る,＋,0
1316,breed,を飼育する，繁殖する,＋,0
1317,bright,明るい,＋,0
1318,brush,筆,＋,0
1319,building,建物,＋,0
1320,burden,負担，重荷,＋,0
1321,burn,を燃やす,＋,0
1322,calligraphy,書道,＋,0
1323,calm,落ちついた,＋,0
1324,cancer,がん,＋,0
1325,capture,を捕まえる,＋,0
1326,carbon dioxide,二酸化炭素,＋,0
1327,case,事例,＋,0
1328,case,容器,＋,0
1329,central,中心の,＋,0
1330,certain,確かな,＋,0
1331,change,変化,＋,0
1332,charge,を充電する,＋,0
1333,cheap,安い,＋,0
1334,check out,を調査する,＋,0
1335,chemical,化学物質,＋,0
1336,China,中国,＋,0
1337,Chinese,中国語,＋,0
1338,choose,選ぶ,＋,0
1339,circle,を丸で囲む,＋,0
1340,class,授業,＋,0
1341,clean,をそうじする,＋,0
1342,climate,気候,＋,0
1343,close,を閉じる，終える,＋,0
1344,cloth,布，服地,＋,0
1345,clothes,衣服,＋,0
1346,coal,石炭,＋,0
1347,college,大学,＋,0
1348,colony,植民地,＋,0
1349,colorful,色彩に富んだ,＋,0
1350,condition,状況,＋,0
1351,connect,つながる,＋,0
1352,consumer,消費者,＋,0
1353,contact,と連絡をとる,＋,0
1354,continue,続く,＋,0
1355,control,を管理する,＋,0
1356,convenient,便利な,＋,0
1357,corner,角，隅,＋,0
1358,could,できた,＋,0
1359,countryside,田舎,＋,0
1360,courage,勇気,＋,0
1361,course,進路,＋,0
1362,cover,覆う,＋,0
1363,crazy,気の狂った,＋,0
1364,creative,創造力のある,＋,0
1365,cross,を横切る，渡る,＋,0
1366,cry,泣く,＋,0
1367,curious,好奇心の強い,＋,0
1368,custom,習慣,＋,0
1369,custom-made,注文で作った,＋,0
1370,cut,を切る,＋,0
1371,daily,日常の,＋,0
1372,dam,ダム,＋,0
1373,damage,被害,＋,0
1374,dangerous,危険な,＋,0
1375,daughter,娘,＋,0
1376,dead,死んだ,＋,0
1377,death,死,＋,0
1378,debate,討論,＋,0
1379,decide to,しようと決心する,＋,0
1380,decision,決定,＋,0
1381,definitely,もちろん，確かに,＋,0
1382,depend,頼る,＋,0
1383,depend on,に頼る,＋,0
1384,desert,砂漠,＋,0
1385,design,を設計する,＋,0
1386,destroy,を破壊する,＋,0
1387,development,開発,＋,0
1388,device,装置,＋,0
1389,die,死ぬ,＋,0
1390,die out,絶滅する,＋,0
1391,difference,ちがい,＋,0
1392,disagree,意見が合わない,＋,0
1393,disaster,災害,＋,0
1394,discover,を発見する,＋,0
1395,discrimination,差別,＋,0
1396,discuss,話し合う,＋,0
1397,discussion,討論,＋,0
1398,disease,病気,＋,0
1399,domestic,国内の,＋,0
1400,donate,を寄付する,＋,0
1401,dot,点,＋,0
1402,drive,運転する,＋,0
1403,driver,運転手,＋,0
1404,drop,落ちる,＋,0
1405,drop out,中退する,＋,0
1406,drove,運転した,＋,0
1407,earthquake,地震,＋,0
1408,eat out,外食する,＋,0
1409,ecosystem,生態系,＋,0
1410,effective,効果的な,＋,0
1411,electricity,電力,＋,0
1412,electronic,電子の,＋,0
1413,electronic device,電子機器,＋,0
1414,else,その他に,＋,0
1415,emergency,緊急事態,＋,0
1416,employee,従業員,＋,0
1417,encourage,を勇気づける,＋,0
1418,encourage to ～,に～するように促す,＋,0
1419,endangered,絶滅の危機にさらされている,＋,0
1420,ending,終わり，結末,＋,0
1421,enemy,敵,＋,0
1422,engineer,開発者,＋,0
1423,environment,環境，状況,＋,0
1424,era,時代,＋,0
1425,establish,を設立する,＋,0
1426,evacuation,避難,＋,0
1427,evacuation drill,避難訓練,＋,0
1428,even if,たとえ～だとしても,＋,0
1429,event,行事,＋,0
1430,ever,今まで，かつて,＋,0
1431,every,どれもみな,＋,0
1432,every year,毎年,＋,0
1433,exam,試験,＋,0
1434,exception,例外,＋,0
1435,exchange,交換,＋,0
1436,exercise,練習する,＋,0
1437,expensive,高価な，費用のかかる,＋,0
1438,extend,を広げる,＋,0
1439,extinction,絶滅,＋,0
1440,extinguisher,消火器,＋,0
1441,fact,事実，現実,＋,0
1442,fall,落ちる，降る,＋,0
1443,fantastic,すばらしい,＋,0
1444,farmer,農場主,＋,0
1445,fast,速い,＋,0
1446,fat,太った,＋,0
1447,feather,羽,＋,0
1448,feel free to,遠慮なくする,＋,0
1449,fence,塀,＋,0
1450,fight,たたかう,＋,0
1451,fill,いっぱいにする,＋,0
1452,film,映画,＋,0
1453,final,最後の,＋,0
1454,finally,ついに，やっと,＋,0
1455,fire,火事,＋,0
1456,fire,を首にする，解雇する,＋,0
1457,first,はじめて,＋,0
1458,flat,平らな,＋,0
1459,flight,飛行,＋,0
1460,fly,飛ぶ,＋,0
1461,focus,集中する,＋,0
1462,fold,を折る，折りたたむ,＋,0
1463,follower,支持者,＋,0
1464,fond,好きで,＋,0
1465,foolish,愚かな,＋,0
1466,forth,前へ,＋,0
1467,fortunately,幸運にも,＋,0
1468,fossil fuel,化石燃料,＋,0
1469,found,を見つけた,＋,0
1470,fox,キツネ,＋,0
1471,freely,自由に,＋,0
1472,fresh,新鮮な,＋,0
1473,friendly,好意的な,＋,0
1474,fun,面白い,＋,0
1475,functional,実用的な,＋,0
1476,garage,車庫,＋,0
1477,gas,ガソリン,＋,0
1478,gentle,やさしい,＋,0
1479,gently,やさしく,＋,0
1480,get fired,解雇される,＋,0
1481,get out,外へ出る,＋,0
1482,get over,を乗りこえる,＋,0
1483,given,与えた,＋,0
1484,the globe,地球,＋,0
1485,go back,帰る，戻る,＋,0
1486,go on,する，始める,＋,0
1487,go on,時間が過ぎ去る,＋,0
1488,go through,人生を送る,＋,0
1489,god,神,＋,0
1490,government,政府,＋,0
1491,grade,等級,＋,0
1492,graduate,卒業する,＋,0
1493,graduation,卒業,＋,0
1494,grew,育った,＋,0
1495,grow,成長する,＋,0
1496,growth,増加,＋,0
1497,guide,を案内する,＋,0
1498,habit,習慣,＋,0
1499,hand,を手渡す,＋,0
1500,hand out,を配る,＋,0
1501,handle,を処理する,＋,0
1502,happily,幸せに，楽しく,＋,0
1503,health,健康,＋,0
1504,healthy,健康な,＋,0
1505,hear,を聞く,＋,0
1506,heard,聞いた,＋,0
1507,heat,熱,＋,0
1508,heaven,天国,＋,0
1509,held,握った,＋,0
1510,help,手伝う,＋,0
1511,high school,高校,＋,0
1512,himself,彼自身を,＋,0
1513,hit,打つ,＋,0
1514,holy,神聖な,＋,0
1515,honey,蜂蜜,＋,0
1516,hope to,したいと願う,＋,0
1517,hopeful,希望を持っている,＋,0
1518,horizon,地平線，水平線,＋,0
1519,How long ?,どれくらいの長さ？,＋,0
1520,How much ?,どれくらいの量？,＋,0
1521,human,人間の,＋,0
1522,human being,人間,＋,0
1523,human rights,人権,＋,0
1524,if,もし～ならば,＋,0
1525,illegal,違法な,＋,0
1526,illiterate,読み書きのできない,＋,0
1527,image,画像，印象,＋,0
1528,imagine,を想像する,＋,0
1529,import,を輸入する,＋,0
1530,in case of,の場合には,＋,0
1531,in season,旬で,＋,0
1532,in the open air,屋外で,＋,0
1533,in those days,当時は,＋,0
1534,include,を含む,＋,0
1535,increase,を増やす，増大させる,＋,0
1536,indeed,実に,＋,0
1537,independence,独立,＋,0
1538,injure,を傷つける,＋,0
1539,inner,内部の，内側の,＋,0
1540,instead,そのかわりに,＋,0
1541,instead of,のかわりに,＋,0
1542,instruction,指示,＋,0
1543,interdependent,相互に依存している,＋,0
1544,interest,興味,＋,0
1545,into,～の中へ,＋,0
1546,invent,を発明する,＋,0
1547,inventor,発明家,＋,0
1548,iron,鉄,＋,0
1549,jewel,宝石,＋,0
1550,joy,喜び,＋,0
1551,judge,審判員,＋,0
1552,just,たった今,＋,0
1553,keep,を保つ,＋,0
1554,kit,道具一式,＋,0
1555,lamp,明かり,＋,0
1556,large,大きい，広い,＋,0
1557,last,最後の,＋,0
1558,latest,最新の,＋,0
1559,law,法律,＋,0
1560,lawyer,弁護士,＋,0
1561,lazy,怠け者の,＋,0
1562,lead,を導く,＋,0
1563,leave,を置いていく,＋,0
1564,legacy,遺産,＋,0
1565,less,もっと少なく,＋,0
1566,let,～に～をさせる,＋,0
1567,limited,限られた,＋,0
1568,line,行，線,＋,0
1569,link,接続,＋,0
1570,lip,唇,＋,0
1571,list,表,＋,0
1572,little,小さい，かわいい,＋,0
1573,little,ほとんど～ない,＋,0
1574,long,長い,＋,0
1575,loss,失うこと，喪失,＋,0
1576,lost,失った,＋,0
1577,lost,道に迷った,＋,0
1578,lovely,美しい,＋,0
1579,lucky,幸運な,＋,0
1580,lullaby,子守歌,＋,0
1581,made,作った,＋,0
1582,magazine,雑誌,＋,0
1583,make,を～の状態にする,＋,0
1584,make all the difference,大きなちがいを生む,＋,0
1585,many,多くの,＋,0
1586,mark,印,＋,0
1587,marry,結婚する,＋,0
1588,match,試合,＋,0
1589,matter,問題，困ったこと,＋,0
1590,meant,意味した,＋,0
1591,merchant,商人,＋,0
1592,metal,金属,＋,0
1593,mind,精神,＋,0
1594,mini,小型の,＋,0
1595,mining,採鉱，採掘,＋,0
1596,mirror,鏡,＋,0
1597,mix,混ぜる,＋,0
1598,modern,現代的な,＋,0
1599,monthly,月に1回の,＋,0
1600,more,もっと,＋,0
1601,more and more,ますます多くの,＋,0
1602,more than,より多い,＋,0
1603,most,たいていの，大部分の,＋,0
1604,move,動く，引っ越す,＋,0
1605,movement,運動,＋,0
1606,musical,音楽の,＋,0
1607,negative,否定的な，良くない,＋,0
1608,neither,～も～もない,＋,0
1609,net,網,＋,0
1610,never,決してない,＋,0
1611,newspaper,新聞,＋,0
1612,violence,暴力,＋,0
1613,noisy,騒がしい,＋,0
1614,not at all,少しもない,＋,0
1615,not always,いつもとは限らない,＋,0
1616,not only but also ～,だけでなく～もまた,＋,0
1617,note,紙幣,＋,0
1618,nuclear,核の，原子力の,＋,0
1619,nuclear power,原子力,＋,0
1620,number,番号,＋,0
1621,ocean,大洋，海,＋,0
1622,oil,油，石油,＋,0
1623,on the way,帰る途中で,＋,0
1624,one by one,1つずつ,＋,0
1625,opinion,意見，考え,＋,0
1626,or,そうしなければ,＋,0
1627,or,すなわち，言いかえれば,＋,0
1628,order,注文する,＋,0
1629,ordinary,ふつうの,＋,0
1630,out,外に,＋,0
1631,outside,の外側に,＋,0
1632,over,の向こう側に,＋,0
1633,overseas,外国へ,＋,0
1634,pain,痛み,＋,0
1635,painter,画家,＋,0
1636,pair,一組,＋,0
1637,pal,友だち,＋,0
1638,palace,宮殿,＋,0
1639,pale,青ざめた,＋,0
1640,paper crane,折り鶴,＋,0
1641,parking lot,駐車場,＋,0
1642,pass by,通り過ぎる,＋,0
1643,peace,平和,＋,0
1644,peaceful,平和な,＋,0
1645,pencil,えんぴつ,＋,0
1646,perhaps,多分,＋,0
1647,period,時代,＋,0
1648,person,人，個人,＋,0
1649,personal,個人の,＋,0
1650,plastic bag,ビニールぶくろ,＋,0
1651,please,気に入る，喜ばせる,＋,0
1652,pleased,喜んで,＋,0
1653,poem,詩,＋,0
1654,poet,詩人,＋,0
1655,point,特徴，論点,＋,0
1656,point,点,＋,0
1657,police officer,警察官,＋,0
1658,policeman,警官,＋,0
1659,populous,人口の多い,＋,0
1660,pork,豚肉,＋,0
1661,positive,前向きな,＋,0
1662,possible,可能な,＋,0
1663,prepared,用意ができている,＋,0
1664,president,大統領,＋,0
1665,pretty,かわいい，きれいな,＋,0
1666,prince,王子,＋,0
1667,print,を印刷する,＋,0
1668,prize,賞,＋,0
1669,progress,進歩,＋,0
1670,promise,約束,＋,0
1671,protect,を守る，保護する,＋,0
1672,protest,抗議する,＋,0
1673,protest,抗議(運動),＋,0
1674,pursue,を追い求める,＋,0
1675,quarter,4分の1,＋,0
1676,quick,速い,＋,0
1677,quietly,静かに，落ち着いて,＋,0
1678,quite,かなり，相当,＋,0
1679,race,競走,＋,0
1680,radiation,放射線,＋,0
1681,railway,鉄道,＋,0
1682,rain,雨,＋,0
1683,rainwater,雨水,＋,0
1684,rainy,雨の,＋,0
1685,raise,手などを挙げる,＋,0
1686,rapidly,速く，急速に,＋,0
1687,reach,に着く，到着する,＋,0
1688,real,本当の,＋,0
1689,receive,を受け取る,＋,0
1690,recently,最近,＋,0
1691,relate,を～に関係させる,＋,0
1692,relate to ～,を～に関係させる,＋,0
1693,relation,関係,＋,0
1694,relatively,比較的,＋,0
1695,release,を放出する,＋,0
1696,renewable,再生可能な,＋,0
1697,report,報告,＋,0
1698,researcher,研究者,＋,0
1699,resident,住民，居住者,＋,0
1700,resource,資源,＋,0
1701,respect,を尊敬する,＋,0
1702,rest,休む，眠る,＋,0
1703,rhyme,韻をふむ,＋,0
1704,rhythm,リズム，調子,＋,0
1705,right,権利,＋,0
1706,road,道路,＋,0
1707,root,根,＋,0
1708,rose,昇った,＋,0
1709,round,まわりに,＋,0
1710,row,こぐ,＋,0
1711,rule,支配，統治,＋,0
1712,run,を主催する,＋,0
1713,run away,逃げる,＋,0
1714,run out of,を使い果たす,＋,0
1715,rush,殺到,＋,0
1716,safely,安全に,＋,0
1717,said,言った,＋,0
1718,salt,塩，食塩,＋,0
1719,same,同じもの,＋,0
1720,satisfy,を満足させる,＋,0
1721,save,を救う,＋,0
1722,scared,こわがって,＋,0
1723,seasonal,季節の,＋,0
1724,second,秒,＋,0
1725,secret,秘密,＋,0
1726,seem,～の様に見える,＋,0
1727,senior,年上の，上級の,＋,0
1728,sent,送った,＋,0
1729,shade,陰，日陰,＋,0
1730,shake,震える,＋,0
1731,shaking,揺れ,＋,0
1732,shelter,避難所,＋,0
1733,shirt,シャツ,＋,0
1734,shoot,撃つ,＋,0
1735,side,側，面,＋,0
1736,sidewalk,歩道,＋,0
1737,sign,合図，標識,＋,0
1738,signal,信号,＋,0
1739,silent,静かな,＋,0
1740,silk,絹,＋,0
1741,silver,銀,＋,0
1742,simple,単純な，簡単な,＋,0
1743,since,～以来,＋,0
1744,site,場所,＋,0
1745,sky,空，大空,＋,0
1746,sleep,眠る，寝ている,＋,0
1747,sleepy,眠い,＋,0
1748,smell,においがする,＋,0
1749,smoke,煙,＋,0
1750,so that ～,とてもなので～だ,＋,0
1751,so far,これまでは,＋,0
1752,soil,土,＋,0
1753,sold,売った,＋,0
1754,solve,を解決する,＋,0
1755,somehow,何らかの形で,＋,0
1756,someone,だれか，ある人,＋,0
1757,somewhere,どこかに,＋,0
1758,son,息子,＋,0
1759,sort,種類,＋,0
1760,species,種,＋,0
1761,spelling,綴り,＋,0
1762,spread,広がる，広まる,＋,0
1763,square,正方形の,＋,0
1764,stand,をがまんする,＋,0
1765,stand up,立ち上がる,＋,0
1766,stationery,文房具,＋,0
1767,statue,像,＋,0
1768,steam,蒸気,＋,0
1769,step,足元，階段,＋,0
1770,stop,とまる，停止する,＋,0
1771,store,を蓄える,＋,0
1772,stranger,見知らぬ人,＋,0
1773,strict,厳しい,＋,0
1774,study,研究，調査,＋,0
1775,stylish,おしゃれな,＋,0
1776,succeed,成功する,＋,0
1777,successful,成功した,＋,0
1778,sunset,日没,＋,0
1779,sunshine,日光,＋,0
1780,super,とても，すごく,＋,0
1781,supply,供給,＋,0
1782,support,を支援する，応援する,＋,0
1783,surely,確かに,＋,0
1784,surprisingly,驚いたことには,＋,0
1785,surround,を囲む,＋,0
1786,survey,調査,＋,0
1787,survival,存続，生き残ること,＋,0
1788,survive,生き残る,＋,0
1789,sustainable,存続可能な,＋,0
1790,sweet,易しい,＋,0
1791,swimming,水泳,＋,0
1792,syllable,音節,＋,0
1793,tax,税，税金,＋,0
1794,tear,涙,＋,0
1795,tell to ～,に～するように言う,＋,0
1796,terrible,ひどい,＋,0
1797,That's very kind of you,親切にありがとうございます,＋,0
1798,themselves,彼ら自身,＋,0
1799,then,そのとき,＋,0
1800,then,そうすると,＋,0
1801,third,3番目,＋,0
1802,third,3分の1,＋,0
1803,this way,このように,＋,0
1804,those,あれらの,＋,0
1805,though,だけれども,＋,0
1806,thought,考え,＋,0
1807,thousands of,何千もの,＋,0
1808,through,を通り抜けて,＋,0
1809,tie,ネクタイ,＋,0
1810,tightly,しっかりと,＋,0
1811,title,題名，表題,＋,0
1812,tonight,今夜は,＋,0
1813,too to ～,～するにはすぎる,＋,0
1814,tough,困難な，難しい,＋,0
1815,toy,おもちゃ,＋,0
1816,trade,貿易,＋,0
1817,transport,を輸送する,＋,0
1818,traveler,旅行者,＋,0
1819,treasure,宝物,＋,0
1820,trust,を信用する,＋,0
1821,uncomfortable,心地の悪い,＋,0
1822,unfair,不公平な，不当な,＋,0
1823,unhappy,不幸な,＋,0
1824,uniform,制服,＋,0
1825,universe,宇宙,＋,0
1826,until,まで，までは,＋,0
1827,unused,未使用の,＋,0
1828,up until,まで,＋,0
1829,use,使う,＋,0
1830,valley,谷,＋,0
1831,violence,暴力,＋,0
1832,visitor,観光客,＋,0
1833,war,戦争,＋,0
1834,waste,ごみ，廃棄物,＋,0
1835,weak,弱い，かすかな,＋,0
1836,weapon,武器,＋,0
1837,wear,を着ている,＋,0
1838,weekly,週刊の,＋,0
1839,well-known,有名な,＋,0
1840,wet,濡れている,＋,0
1841,what to,何をすべきか,＋,0
1842,while,しばらくの間,＋,0
1843,whole,すべての,＋,0
1844,wide,幅の広い,＋,0
1845,wind,風,＋,0
1846,wind power,風力,＋,0
1847,winner,勝者，受賞者,＋,0
1848,wish,を望む,＋,0
1849,won,勝った,＋,0
1850,worth,の価値がある,＋,0
1851,would,だろうに,＋,0
1852,would like to ～,に～してほしい,＋,0
1853,wrap,を包む,＋,0
1854,wrong,間違った,＋,0
1855,year,年,＋,0
1856,yen,円,＋,0
1857,yet,もう，すでに,＋,0
1858,yet,まだ，今のところは,＋,0
1859,youth,若さ,＋,0
1860,zone,地帯,＋,0
1861,can,～できる,＋,0
1862,when,～するとき,＋,0
1863,but,しかし,＋,0
1864,after,～の後で,＋,0
1865,because,なぜなら,＋,0
1866,play,劇,＋,0
1867,answer,答え,＋,0
1868,stay,滞在,＋,0
1869,even,～さえ,＋,0
1870,hard,一生懸命に,＋,0
1871,hall,廊下,＋,0
1872,still,まだ,＋,0
1873,introduce,紹介する,＋,0
1874,zoo,動物園,＋,0
1875,problem,問題,＋,0
1876,realize,実現する,＋,0
1877,carefully,注意深く,＋,0
1878,explain,説明する,＋,0
1879,during,～の間,＋,0
1880,away,離れて,＋,0
1881,weather,天気,＋,0
1882,meaning,意味,＋,0
1883,lie,横たわる,＋,0
1884,between,～と～の間,＋,0
1885,once,かつて,＋,0
1886,another,もう一つの,＋,0
1887,host,主人,＋,0
1888,wave,波,＋,0
1889,reason,理由,＋,0
1890,raw,生の,＋,0
1891,international,国際的な,＋,0
1892,natural,自然の,＋,0
1893,national,国家の,＋,0
1894,however,しかし,＋,0
1895,gym,体育館,＋,0
1896,cousin,いとこ,＋,0
1897,wonder,不思議に思う,＋,0
1898,necessary,必要な,＋,0
1899,fourteenth,14番目,＋,0
1900,excited,興奮した,＋,0
1901,delicious,おいしい,＋,0
1902,quickly,素早く,＋,0
1903,abroad,外国へ,＋,0
1904,entrance,入口,＋,0
1905,elephant,ゾウ,＋,0
1906,umbrella,かさ,＋,0
1907,frog,カエル,＋,0
1908,theater,劇場,＋,0
1909,husband,夫,＋,0
1910,scientist,科学者,＋,0
1911,century,世紀,＋,0
1912,crowd,群衆,＋,0
1913,queen,女王,＋,0
1914,neighbor,隣人,＋,0
1915,midnight,真夜中,＋,0
1916,reply,返信する,＋,0
1917,plant,植物,＋,0
1918,sentence,文,＋,0
1919,plate,お皿,＋,0
1920,hurt,傷つける,＋,0
1921,blind,目の見えない,＋,0
1922,brave,勇敢な,＋,0
1923,funny,可笑しい,＋,0
1924,tiny,小さな,＋,0
1925,common,共通の,＋,0
1926,everywhere,どこでも,＋,0
1927,certainly,確かに,＋,0
1928,suddenly,突然に,＋,0
1929,anyway,ともかく,＋,0
1930,probably,多分,＋,0
1931,twice,2回,＋,0
1932,probably,多分,＋,0
1933,twice,2回,＋,0
