No,音,英語,日本語,☑
1,,sequence,連続,
2,,fee,料金,
3,,stream,流れ,
4,,legislation,立法,
5,,distribution,分布,
6,,cover,覆う,
7,,rating,評価,
8,,represent,表す,
9,,concentration,集中,
10,,twist,捻る,
11,,particularly,特に,
12,,gain,得る,
13,,peer,同僚,
14,,freeze,凍る,
15,,suggestion,提案,
16,,peak,頂上,
17,,abortion,中絶,
18,,phase,段階,
19,,whom,誰を,
20,,strike,叩く,
21,,existence,存在,
22,,regime,政権,
23,,component,成分,
24,,wipe,拭く,
25,,prisoner,囚人,
26,,surgery,手術,
27,,protect,守る,
28,,mainly,主に,
29,,mostly,主に,
30,,major,主な,
31,,index,索引,
32,,consideration,考慮,
33,,ad,広告,
34,,broad,広い,
35,,thick,厚い,
36,,wise,賢い,
37,,bloody,血の,
38,,dig,掘る,
39,,muscle,筋肉,
40,,breast,胸部,
41,,emphasis,強調,
42,,expectation,期待,
43,,implication,含み,
44,,bite,噛む,
45,,slide,滑る,
46,,slip,滑る,
47,,percentage,割合,
48,,split,割る,
49,,angle,角度,
50,,spin,回す,
51,,interpretation,解釈,
52,,resolution,解決,
53,,intervention,介在,
54,,rent,家賃,
55,,beside,横に,
56,,press,押す,
57,,sharp,鋭い,
58,,hide,隠す,
59,,intention,意図,
60,,treat,扱う,
61,,regulation,規制,
62,,argue,論じる,
63,,federal,連邦の,
64,,crack,裂け目,
65,,flow,流れる,
66,,priority,優先度,
67,,ethnic,民族の,
68,,analyst,分析者,
69,,ordinary,普通の,
70,,defendant,被告人,
71,,criminal,犯罪の,
72,,jury,陪審員,
73,,behind,背後に,
74,,bother,悩ます,
75,,interior,内部の,
76,,moral,道徳の,
77,,escape,逃れる,
78,,voter,投票者,
79,,cast,投げる,
80,,pitch,投げる,
81,,bet,賭ける,
82,,electric,電気の,
83,,forward,前方へ,
84,,disappear,消える,
85,,commercial,商業の,
86,,social,社会の,
87,,actually,実際に,
88,,supreme,最高の,
89,,intense,激しい,
90,,economic,経済の,
91,,suffer,苦しむ,
92,,emergency,緊急の,
93,,fear,恐れる,
94,,huge,巨大な,
95,,seek,求める,
96,,existing,既存の,
97,,environmental,環境の,
98,,academic,学術の,
99,,foreign,外国の,
100,,scientific,科学の,
101,,within,以内で,
102,,previously,以前は,
103,,nor,もない,
104,,towards,の方へ,
105,,according,による,
106,,rather,むしろ,
107,,significantly,かなり,
108,,lean,傾く,
109,,subject,教科,
110,,waste,浪費する,
111,,labor,労働,
112,,progression,進行,
113,,history,歴史,
114,,encourage,励ます,
115,,force,力,
116,,amount,量,
117,,theory,理論,
118,,available,利用できる,
119,,benefit,利益,
120,,demand,要求,
121,,factor,要因,
122,,ease,容易さ,
123,,advantage,有利,
124,,famous,有名な,
125,,mate,友達,
126,,prior,優先の,
127,,role,役割,
128,,useful,役に立つ,
129,,issue,問題,
130,,objective,目標,
131,,purpose,目的,
132,,obvious,明白な,
133,,apparently,一見すると,
134,,order,命令,
135,,democrat,民主主義者,
136,,taste,味,
137,,prevent,妨げる,
138,,law,法律,
139,,method,方法,
140,,direction,方向,
141,,attorney,弁護士,
142,,reply,返答する,
143,,civilization,文明,
144,,context,文脈,
145,,literature,文学,
146,,culture,文化,
147,,atmosphere,雰囲気,
148,,analysis,分析,
149,,share,分かち合う,
150,,object,物体,
151,,complex,複雑な,
152,,department,部門,
153,,arms,武器,
154,,add,足し算する,
155,,lack,不足,
156,,frequently,頻繁に,
157,,disease,病気,
158,,assess,評価する,
159,,assessment,評価,
160,,surface,表面,
161,,express,表現する,
162,,expression,表現,
163,,million,100万,
164,,necessary,必要な,
165,,knee,ひざ,
166,,tail,尾,
167,,avoid,避ける,
168,,spend,費やす,
169,,secretary,秘書,
170,,range,範囲,
171,,opposition,反対,
172,,invent,発明する,
173,,development,発展,
174,,develop,発達させる,
175,,occur,発生する,
176,,discover,発見する,
177,,discovery,発見,
178,,destroy,破壊する,
179,,ability,能力,
180,,enter,入る,
181,,journal,日誌,
182,,refugee,難民,
183,,particular,特定の,
184,,feature,特徴,
185,,especially,特に,
186,,identity,同一性,
187,,agree,同意する,
188,,brain,頭脳,
189,,reach,到着する,
190,,arrival,到着,
191,,natural,自然の,
192,,guess,推測する,
193,,poll,投票,
194,,investor,投資家,
195,,invest,投資する,
196,,basis,土台,
197,,electronic,電子,
198,,traditional,伝統的な,
199,,exhibition,展示,
200,,apply,適用する,
201,,degree,程度,
202,,suggest,提案する,
203,,proposal,提案,
204,,resistance,抵抗,
205,,face,直面する,
206,,length,長さ,
207,,investigation,調査,
208,,audience,聴衆,
209,,sign,兆候,
210,,fellow,仲間,
211,,content,中身,
212,,seat,着席させる,
213,,regional,地方の,
214,,hell,地獄,
215,,knowledge,知識,
216,,governor,知事,
217,,expensive,値段が高い,
218,,price,値段,
219,,male,男性,
220,,decline,断る,
221,,edge,端,
222,,carbon,炭素,
223,,unit,単位,
224,,merely,単に,
225,,achieve,達成する,
226,,achievement,達成,
227,,majority,大多数,
228,,minister,大臣,
229,,university,大学,
230,,representative,代表者,
231,,attitude,態度,
232,,respect,尊敬,
233,,exist,存在する,
234,,continue,続ける,
235,,belong,に属する,
236,,breath,息,
237,,immediately,即座に,
238,,increase,増やす,
239,,equipment,装置,
240,,operate,操作する,
241,,overall,全体的な,
242,,whole,全ての,
243,,election,選挙,
244,,strategy,戦略,
245,,war,戦争,
246,,explain,説明する,
247,,establish,設立する,
248,,responsibility,責任,
249,,tax,税金,
250,,bill,請求書,
251,,production,生産,
252,,correct,正解,
253,,exactly,正確に,
254,,right,正しい,
255,,government,政府,
256,,party,政党,
257,,political,政治の,
258,,policy,政策,
259,,success,成功,
260,,folk,人々,
261,,population,人口,
262,,popular,人気のある,
263,,progress,進歩,
264,,physical,身体の,
265,,wear,身につけている,
266,,truth,真実,
267,,truly,真に,
268,,behavior,振る舞い,
269,,psychological,心理的な,
270,,afraid,心配して,
271,,worry,心配させる,
272,,credit,信用,
273,,belief,信念,
274,,meal,食事,
275,,duty,職務,
276,,plant,植物,
277,,state,状態,
278,,senate,上院,
279,,raise,上げる,
280,,rise,上がる,
281,,award,賞,
282,,detail,詳細,
283,,evidence,証拠,
284,,introduce,紹介する,
285,,chapter,章,
286,,consumer,消費者,
287,,path,小道,
288,,win,勝つ,
289,,hurt,傷つける,
290,,except,除いて,
291,,moment,瞬間,
292,,present,現在の,
293,,weight,重さ,
294,,gather,集める,
295,,habit,習慣,
296,,province,州,
297,,county,州,
298,,revenue,収益,
299,,accept,受け入れる,
300,,receive,受け取る,
301,,fire,首にする,
302,,sort,種類,
303,,species,種,
304,,procedure,手続き,
305,,commission,手数料,
306,,palm,手のひら,
307,,deal,取引する,
308,,rid,取り除く,
309,,initiative,主導権,
310,,president,社長,
311,,society,社会,
312,,practical,実用的な,
313,,demonstrate,実証する,
314,,experiment,実験,
315,,quality,質,
316,,fail,失敗する,
317,,failure,失敗,
318,,lose,失う,
319,,nature,自然,
320,,own,自身の,
321,,clerk,事務員,
322,,fact,事実,
323,,resource,資源,
324,,funding,資金調達,
325,,examination,試験,
326,,attempt,試み,
327,,throughout,至るところに,
328,,die,死ぬ,
329,,indicate,指し示す,
330,,mayor,市長,
331,,market,市場,
332,,quarter,四半期,
333,,task,仕事,
334,,remaining,残り,
335,,industrial,産業の,
336,,industry,産業,
337,,reduction,削減,
338,,finance,財政,
339,,estate,財産,
340,,material,材料,
341,,ingredient,材料,
342,,court,裁判所,
343,,eventually,結局は,
344,,recent,最近の,
345,,recently,最近,
346,,international,国際的な,
347,,nation,国家,
348,,national,国の,
349,,steel,鋼鉄,
350,,activist,行動主義者,
351,,due,期限の,
352,,flood,洪水,
353,,structure,構造,
354,,bond,拘束,
355,,spread,広がる,
356,,toward,向かって,
357,,effect,効果,
358,,public,公共の,
359,,traffic,交通,
360,,regret,後悔する,
361,,later,後に,
362,,customer,顧客,
363,,client,顧客,
364,,employer,雇用者,
365,,recall,呼び戻す,
366,,ancient,古代の,
367,,individual,個人の,
368,,refer,言及する,
369,,modern,現代の,
370,,appear,現れる,
371,,source,源,
372,,reduce,減らす,
373,,principle,原理,
374,,cause,原因,
375,,stranger,他人,
376,,headline,見出し,
377,,research,研究,
378,,concern,懸案する,
379,,blood,血,
380,,result,結果,
381,,outcome,結果,
382,,determine,決める,
383,,scheme,計画,
384,,joint,継目,
385,,economy,経済,
386,,formal,形式の,
387,,prison,刑務所,
388,,crowd,群衆,
389,,troop,群れ,
390,,approach,近づく,
391,,ban,禁止する,
392,,extremely,極端に,
393,,aspect,局面,
394,,education,教育,
395,,community,共同社会,
396,,competition,競争,
397,,supply,供給,
398,,provision,供給,
399,,distance,距離,
400,,allow,許可する,
401,,council,議会,
402,,doubt,疑い,
403,,likely,起こりそうな,
404,,article,記事,
405,,weather,気候,
406,,aware,気づいている,
407,,administration,機関,
408,,opportunity,機会,
409,,period,期間,
410,,term,期間,
411,,terms,期間,
412,,strange,奇妙な,
413,,desire,願望,
414,,contain,含有する,
415,,include,含む,
416,,involve,巻き込む,
417,,relevant,関連のある,
418,,relation,関係性,
419,,wrong,間違い,
420,,definitely,絶対に,
421,,observe,観察する,
422,,environment,環境，状況,
423,,appreciate,感謝する,
424,,completely,完全に,
425,,complete,完全な,
426,,activity,活動,
427,,multiple,掛け算する,
428,,pleasure,楽しみ,
429,,remember,覚えている,
430,,sure,確信して,
431,,indeed,確かに,
432,,concept,概念,
433,,abroad,外国で,
434,,coast,海岸,
435,,improve,改善する,
436,,improvement,改善,
437,,mass,塊,
438,,solve,解く,
439,,chairman,会長,
440,,congress,会議,
441,,bear,我慢する,
442,,past,過去の,
443,,earn,稼ぐ,
444,,science,科学,
445,,possibility,可能性,
446,,possible,可能な,
447,,worth,価値ある,
448,,whatever,なんでも,
449,,temperature,温度,
450,,lie,横たわる,
451,,aid,援助,
452,,influence,影響を及ぼす,
453,,universe,宇宙,
454,,draw,引く,
455,,impressive,印象的な,
456,,glance,一目見る,
457,,meanwhile,一方で,
458,,common,一般的な,
459,,difference,違い,
460,,maintain,維持する,
461,,settlement,移住,
462,,mean,意味する,
463,,opinion,意見,
464,,depend,依存する,
465,,beyond,を超えて,
466,,prefer,より好む,
467,,Jewish,ユダヤ人,
468,,commitment,約束,
469,,remain,残る,
470,,till,まで,
471,,hardly,ほとんどない,
472,,pan,フライパン,
473,,string,紐,
474,,seem,に見える,
475,,whether,どちらか,
476,,unless,でない限り,
477,,unable,できない,
478,,while,一方で,
479,,describe,述べる,
480,,consider,考慮する,
481,,mention,言及する,
482,,chest,たんす,
483,,maybe,たぶん,
484,,suppose,だと思う,
485,,consider,と見なす,
486,,realize,だとわかる,
487,,although,だけれども,
488,,therefore,それゆえ,
489,,manufacturer,製造元,
490,,guess,推測する,
491,,however,しかしながら,
492,,otherwise,さもなければ,
493,,various,様々な,
494,,vary,多様化する,
495,,language,言語,
496,,argument,議論,
497,,pretty,かなり,
498,,quite,かなり,
499,,wonder,かなと思う,
500,,probably,おそらく,
501,,several,幾つかの,
502,,certain,確かな,
503,,dozen,12の,
504,,account,口座,
505,,addition,追加,
506,,address,住所,
507,,advice,助言,
508,,affair,事柄,
509,,agreement,同意,
510,,agriculture,農業,
511,,ancestor,祖先,
512,,anger,怒り,
513,,anxiety,心配,
514,,appearance,出現,
515,,assumption,想定,
516,,association,協会,
517,,author,著者,
518,,authority,権威,
519,,background,背景,
520,,capital,資本,
521,,characteristic,特徴,
522,,charge,非難,
523,,circumstance,状況,
524,,citizen,市民,
525,,climate,気候,
526,,conclusion,結論,
527,,condition,状態,
528,,conduct,行為,
529,,conference,会議,
530,,confidence,自信,
531,,conflict,対立,
532,,consequence,結果,
533,,consumption,消費,
534,,continent,大陸,
535,,contrast,対照,
536,,contribution,寄付,
537,,conversation,会話,
538,,cooperation,協力,
539,,creation,創造,
540,,crime,犯罪,
541,,crisis,危機,
542,,criticism,批判,
543,,custom,習慣,
544,,debate,討論,
545,,debt,借金,
546,,definition,定義,
547,,delight,喜び,
548,,desert,砂漠,
549,,destruction,破壊,
550,,device,装置,
551,,diet,食事,
552,,disaster,災害,
553,,discussion,議論,
554,,distinction,区別,
555,,district,地域,
556,,drug,麻薬,
557,,element,要素,
558,,entertainment,娯楽,
559,,evolution,進化,
560,,explanation,説明,
561,,extent,程度,
562,,faith,信頼,
563,,fate,運命,
564,,fault,欠点,
565,,focus,焦点,
566,,fuel,燃料,
567,,genius,天才,
568,,goal,目標,
569,,grammar,文法,
570,,height,高さ,
571,,household,家族,
572,,humanity,人間,
573,,ideal,理想,
574,,imagination,想像,
575,,immigrant,移民,
576,,impact,影響,
577,,impression,印象,
578,,income,所得,
579,,independence,独立,
580,,instruction,指示,
581,,intelligence,知能,
582,,item,項目,
583,,joy,喜び,
584,,judgement,判断,
585,,landscape,風景,
586,,laughter,笑い,
587,,leisure,余暇,
588,,manager,部長,
589,,master,主人,
590,,match,試合,
591,,matter,事柄,
592,,merchant,商人,
593,,murder,殺人,
594,,necessity,必要,
595,,neighborhood,近所,
596,,notion,考え,
597,,observation,観察,
598,,occupation,職業,
599,,operation,操作,
600,,organization,組織,
601,,origin,起源,
602,,pain,痛み,
603,,passage,一節,
604,,passenger,乗客,
605,,personality,人格,
606,,phenomenon,現象,
607,,philosophy,哲学,
608,,politics,政治,
609,,popularity,人気,
610,,presence,存在,
611,,profit,利益,
612,,proof,証拠,
613,,property,財産,
614,,proportion,比率,
615,,reaction,反応,
616,,region,地域,
617,,religion,宗教,
618,,reputation,評判,
619,,revolution,革命,
620,,reward,褒美,
621,,shortage,不足,
622,,status,状態,
623,,substance,物質,
624,,sum,合計,
625,,survey,調査,
626,,survival,生存,
627,,talent,才能,
628,,threat,脅威,
629,,tongue,言葉,
630,,tradition,伝統,
631,,treatment,扱い,
632,,tribe,部族,
633,,trust,信頼,
634,,union,統合,
635,,violence,暴力,
636,,wisdom,知恵,
637,,accuse,非難,
638,,adapt,適合,
639,,advertise,宣伝,
640,,blow,吹く,
641,,decision,決定,
642,,employ,雇う,
643,,explore,探索,
644,,hire,雇う,
645,,preserve,保存,
646,,rely,頼る,
647,,sink,沈む,
648,,smell,臭う,
649,,suspect,疑う,
650,,transfer,移す,
651,,brief,短い,
652,,efficient,効率,
653,,female,雌の，女性の,
654,,former,前の,
655,,nuclear,核の,
656,,previous,前の,
657,,solid,固い,
658,,constantly,常に,
659,,occasionally,時折,
660,,mixture,混合,
661,,asset,資産,
662,,strain,張る,
663,,stroke,打撃,
664,,pose,姿勢,
665,,throat,のど,
666,,variation,変化,
667,,stake,くい,
668,,representation,表現,
669,,symptom,症状,
670,,assault,暴行,
671,,recovery,回復,
672,,pension,年金,
673,,involvement,関与,
674,,opponent,相手,
675,,recession,不況,
676,,deputy,代理,
677,,treaty,条約,
678,,mortgage,抵当,
679,,amendment,修正,
680,,exposure,暴露,
681,,deficit,赤字,
682,,infection,感染,
683,,partnership,共同,
684,,coal,石炭,
685,,alliance,同盟,
686,,lover,恋人,
687,,tissue,組織,
688,,fabric,織物,
689,,suicide,自殺,
690,,prayer,祈り,
691,,inflation,膨張,
692,,shooting,撮影,
693,,drift,漂流,
694,,shit,大便,
695,,compromise,妥協,
696,,cop,警官,
697,,curve,曲線,
698,,bare,裸の,
699,,etc,等々,
700,,coalition,連立,
701,,bishop,司教,
702,,admission,入場,
703,,fiber,繊維,
704,,squeeze,絞る,
705,,poet,詩人,
706,,teenager,十代,
707,,conviction,信念,
708,,corridor,廊下,
709,,prosecution,起訴,
710,,physician,医師,
711,,headquarters,本部,
712,,enforcement,執行,
713,,vessel,容器,
714,,lap,ひざ,
715,,earnings,収益,
716,,terror,恐怖,
717,,bitter,苦い,
718,,heritage,遺産,
719,,combat,戦闘,
720,,naked,裸の,
721,,swear,誓う,
722,,comedy,喜劇,
723,,summit,頂上,
724,,log,丸太,
725,,lawn,芝生,
726,,bullet,弾丸,
727,,boundary,境界,
728,,strongly,強く,
729,,depth,深さ,
730,,assistance,支援,
731,,maximum,最大,
732,,illness,病気,
733,,negotiation,交渉,
734,,advertising,広告,
735,,mess,混乱,
736,,preparation,準備,
737,,trading,取引,
738,,agenda,議題,
739,,exclude,除く,
740,,therapy,治療,
741,,transition,遷移,
742,,retirement,退職,
743,,poverty,貧困,
744,,recommendation,推薦,
745,,craft,工芸,
746,,delivery,郵送,
747,,establishment,設立,
748,,extension,拡張,
749,,maintenance,持続,
750,,salary,給与,
751,,approval,承認,
752,,expansion,拡張,
753,,essay,論文,
754,,ceiling,天井,
755,,lecture,講義,
756,,restriction,制限,
757,,satisfaction,満足,
758,,sculpture,彫刻,
759,,promotion,昇進,
760,,permission,許可,
761,,flavor,風味,
762,,personnel,人事,
763,,battery,電池,
764,,horror,恐怖,
765,,storage,保存,
766,,satellite,衛星,
767,,agent,代理人,
768,,alternative,代替物,
769,,automobile,自動車,
770,,crop,収穫物,
771,,curiosity,好奇心,
772,,discipline,しつけ,
773,,employee,従業員,
774,,excuse,言い訳,
775,,expert,専門家,
776,,grant,給付金,
777,,guide,案内人,
778,,laboratory,実験室,
779,,manner,やり方,
780,,philosopher,哲学者,
781,,physics,物理学,
782,,politician,政治家,
783,,remark,ことば,
784,,significance,重要性,
785,,solution,解決策,
786,,vehicle,乗り物,
787,,victim,犠牲者,
788,,vision,未来像,
789,,witness,目撃者,
790,,admit,認める,
791,,alter,変える,
792,,appeal,訴える,
793,,arise,起こる,
794,,block,妨げる,
795,,borrow,借りる,
796,,collect,集める,
797,,convey,伝える,
798,,defeat,負かす,
799,,dislike,嫌がる,
800,,emerge,現れる,
801,,extend,延びる,
802,,hang,つるす,
803,,notice,気づく,
804,,occupy,占める,
805,,praise,ほめる,
806,,punish,罰する,
807,,quit,やめる,
808,,recommend,薦める,
809,,roll,転がる,
810,,stretch,広がる,
811,,threaten,脅かす,
812,,transform,変える,
813,,accurate,正確な,
814,,actual,現実の,
815,,appropriate,適当な,
816,,chemical,化学の,
817,,complicated,複雑な,
818,,contemporary,現在の,
819,,contrary,反対の,
820,,current,現在の,
821,,domestic,国内の,
822,,dramatic,劇的な,
823,,educational,教育の,
824,,elderly,年配の,
825,,emotional,感情の,
826,,entire,全体の,
827,,evil,邪悪な,
828,,extra,余分の,
829,,extreme,極端な,
830,,fair,公平な,
831,,false,誤った,
832,,fat,太った,
833,,financial,財政の,
834,,global,地球の,
835,,harmful,有害な,
836,,honest,正直な,
837,,immediate,即座の,
838,,intellectual,知的な,
839,,internal,内部の,
840,,latter,後者の,
841,,literary,文学の,
842,,medium,中間の,
843,,military,軍隊の,
844,,nearby,近くの,
845,,negative,否定の,
846,,opposite,反対の,
847,,pleasant,楽しい,
848,,primary,最初の,
849,,proper,適切な,
850,,rare,まれな,
851,,rural,田舎の,
852,,sensitive,敏感な,
853,,severe,厳しい,
854,,significant,重要な,
855,,silly,馬鹿な,
856,,stupid,馬鹿な,
857,,sudden,突然の,
858,,suitable,適した,
859,,terrible,ひどい,
860,,tough,頑強な,
861,,unknown,未知の,
862,,urban,都会の,
863,,valuable,貴重な,
864,,wealthy,裕福な,
865,,absolutely,絶対に,
866,,apart,離れて,
867,,closely,綿密に,
868,,entirely,完全に,
869,,fairly,かなり,
870,,forever,永遠に,
871,,fully,十分に,
872,,gradually,次第に,
873,,normally,通常は,
874,,properly,適切に,
875,,rapidly,素早く,
876,,surely,確かに,
877,,totally,完全に,
878,,supporter,支援者,
879,,jail,刑務所,
880,,correspondent,特派員,
881,,dust,ほこり,
882,,deserve,値する,
883,,twin,ふたご,
884,,pure,純粋な,
885,,mad,狂った,
886,,creature,生き物,
887,,buyer,買い手,
888,,plot,話の筋,
889,,entitle,題する,
890,,similarly,同様に,
891,,conventional,従来の,
892,,disorder,無秩序,
893,,maker,製造元,
894,,chamber,小部屋,
895,,rub,こする,
896,,portrait,肖像画,
897,,civilian,民間人,
898,,patch,あて布,
899,,inspector,検査官,
900,,historian,歴史家,
901,,pit,くぼみ,
902,,killer,殺人者,
903,,awareness,気づき,
904,,observer,観察者,
905,,suffering,苦しみ,
906,,commander,司令官,
907,,heel,かかと,
908,,flee,逃げる,
909,,lab,研究室,
910,,newly,新たに,
911,,prosecutor,検察官,
912,,investigator,捜査官,
913,,brick,れんが,
914,,viewer,観察者,
915,,seize,つかむ,
916,,rebel,反逆者,
917,,musician,音楽家,
918,,founder,創設者,
919,,girlfriend,女友達,
920,,spill,こぼす,
921,,toe,つま先,
922,,comfort,快適さ,
923,,crucial,重要な,
924,,echo,こだま,
925,,minimum,最小の,
926,,aircraft,航空機,
927,,moreover,さらに,
928,,publication,出版物,
929,,reverse,反対の,
930,,detailed,詳細の,
931,,illegal,違法の,
932,,assist,手伝う,
933,,initially,最初に,
934,,mere,単なる,
935,,briefly,簡単に,
936,,parking,駐車場,
937,,prompt,即座の,
938,,rapid,急速な,
939,,extensive,広範な,
940,,clothing,衣料品,
941,,trigger,引き金,
942,,operator,操作者,
943,,anniversary,～周年,
944,,decade,10年間,
945,,democracy,民主主義,
946,,occasion,特定の時,
947,,plenty,たくさん,
948,,proverb,ことわざ,
949,,psychologist,心理学者,
950,,sight,見ること,
951,,virus,ウイルス,
952,,abandon,捨て去る,
953,,absorb,吸収する,
954,,accompany,付き添う,
955,,admire,賞賛する,
956,,attend,出席する,
957,,behave,振る舞う,
958,,compete,競争する,
959,,compose,構成する,
960,,concentrate,集中する,
961,,connect,つなげる,
962,,considerable,かなりの,
963,,consist,成り立つ,
964,,contribute,寄付する,
965,,cope,対処する,
966,,criticize,批判する,
967,,declare,宣言する,
968,,decrease,減少する,
969,,deny,否定する,
970,,derive,引き出す,
971,,display,展示する,
972,,distinguish,区別する,
973,,divide,分割する,
974,,educate,教育する,
975,,emphasize,強調する,
976,,encounter,遭遇する,
977,,estimate,推定する,
978,,estimate,見積もる,
979,,examine,検査する,
980,,expand,拡大する,
981,,export,輸出する,
982,,fix,固定する,
983,,govern,統治する,
984,,graduate,卒業する,
985,,handle,手で扱う,
986,,hesitate,ためらう,
987,,identify,見分ける,
988,,ignore,無視する,
989,,import,輸入する,
990,,inform,知らせる,
991,,intend,意図する,
992,,interpret,解釈する,
993,,judge,判断する,
994,,oppose,反対する,
995,,organize,組織する,
996,,overcome,克服する,
997,,participate,参加する,
998,,perceive,知覚する,
999,,permit,許可する,
1000,,persuade,説得する,
1001,,possess,所有する,
1002,,predict,予想する,
1003,,promote,促進する,
1004,,propose,提案する,
1005,,purchase,購入する,
1006,,react,反応する,
1007,,recover,回復する,
1008,,reject,拒絶する,
1009,,release,解き放つ,
1010,,remove,取り除く,
1011,,repair,修理する,
1012,,respond,反応する,
1013,,retire,退職する,
1014,,rush,突進する,
1015,,select,選び出す,
1016,,stimulate,刺激する,
1017,,suit,適合する,
1018,,surround,取り囲む,
1019,,tear,引き裂く,
1020,,translate,翻訳する,
1021,,transport,輸送する,
1022,,vote,投票する,
1023,,warn,警告する,
1024,,alike,よく似た,
1025,,anxious,心配して,
1026,,attractive,魅力的な,
1027,,bored,退屈した,
1028,,conscious,意識して,
1029,,creative,創造的な,
1030,,effective,効果的な,
1031,,friendly,友好的な,
1032,,fundamental,基本的な,
1033,,gentle,穏やかな,
1034,,independent,独立した,
1035,,mysterious,不可解な,
1036,,narrow,幅が狭い,
1037,,patient,我慢強い,
1038,,potential,潜在的な,
1039,,primitive,原始的な,
1040,,remarkable,目立った,
1041,,slight,かすかな,
1042,,smart,頭の良い,
1043,,specific,具体的な,
1044,,technical,技術上の,
1045,,typical,典型的な,
1046,,universal,普遍的な,
1047,,largely,主として,
1048,,necessarily,必然的に,
1049,,obviously,明らかに,
1050,,slightly,わずかに,
1051,,somehow,どうにか,
1052,,somewhat,いくぶん,
1053,,virtually,実質的に,
1054,,widely,広範囲に,
1055,,wherever,どこでも,
1056,,gear,伝動装置,
1057,,partly,部分的に,
1058,,dealer,販売業者,
1059,,leap,飛び跳ねる，飛び回る,
1060,,appoint,任命する,
1061,,childhood,子供時代,
1062,,gay,同性愛の,
1063,,elect,選出する,
1064,,ally,同盟する,
1065,,install,導入する,
1066,,armed,武装した,
1067,,negotiate,交渉する,
1068,,nowhere,どこにも,
1069,,pregnant,妊娠した,
1070,,clue,手がかり,
1071,,counter,相対する,
1072,,yield,産出する,
1073,,radical,急進的な,
1074,,implement,実施する,
1075,,stable,安定した,
1076,,advocate,提唱する,
1077,,consistent,一貫した,
1078,,via,～経由で,
1079,,withdraw,撤回する,
1080,,depression,落ち込み,
1081,,attribute,に帰する,
1082,,typically,典型的に,
1083,,enhance,強調する,
1084,,mystery,神秘的な,
1085,,restore,修復する,
1086,,airline,航空会社,
1087,,shortly,まもなく,
1088,,calculate,計算する,
1089,,detect,検出する,
1090,,regarding,に関して,
1091,,comprehensive,包括的な,
1092,,personally,個人的に,
1093,,so-called,いわゆる,
1094,,concrete,具体的な,
1095,,innocent,罪のない,
1096,,proposed,提案した,
1097,,potentially,潜在的な,
1098,,worried,心配した,
1099,,temporary,一時的な,
1100,,compound,調合する,
1101,,submit,提出する,
1102,,wildlife,野生動物,
1103,,sustain,保持する,
1104,,depending,依存する,
1105,,favor,親切な行為,
1106,,thought,考えること,
1107,,accomplish,成し遂げる,
1108,,afford,余裕がある,
1109,,attach,貼り付ける,
1110,,attract,引きつける,
1111,,bind,縛りつける,
1112,,breathe,呼吸をする,
1113,,combine,結合させる,
1114,,complain,不満を言う,
1115,,conclude,締めくくる,
1116,,confuse,混乱させる,
1117,,construct,組み立てる,
1118,,convince,納得させる,
1119,,entertain,楽しませる,
1120,,frighten,怖がらせる,
1121,,hate,ひどく嫌う,
1122,,imply,ほのめかす,
1123,,isolate,孤立させる,
1124,,obtain,手に入れる,
1125,,pretend,ふりをする,
1126,,pursue,追い求める,
1127,,reserve,取っておく,
1128,,settle,決着させる,
1129,,asleep,眠っている,
1130,,biological,生物学上の,
1131,,comfortable,心地の良い,
1132,,constant,絶え間ない,
1133,,convenient,都合がよい,
1134,,distant,遠く離れた,
1135,,extraordinary,普通でない,
1136,,favorite,一番好きな,
1137,,intelligent,知能の高い,
1138,,polite,礼儀正しい,
1139,,positive,自信のある,
1140,,reasonable,理性のある,
1141,,responsible,責任がある,
1142,,superior,より優れた,
1143,,tiny,ごく小さい,
1144,,unusual,めずらしい,
1145,,visible,目に見える,
1146,,welcome,歓迎される,
1147,,willing,いとわない,
1148,,alive,生きている,
1149,,unlike,とは違って,
1150,,tap,軽くたたく,
1151,,protein,タンパク質,
1152,,venture,冒険的事業,
1153,,embrace,抱きしめる,
1154,,drain,排出させる,
1155,,historic,由緒のある,
1156,,desperate,やけくその,
1157,,Mexican,メキシコの,
1158,,dump,投げ捨てる,
1159,,highlight,目立たせる,
1160,,given,与えられた,
1161,,inquiry,問い合わせ,
1162,,testing,試している,
1163,,dismiss,退出させる,
1164,,incorporate,合体させる,
1165,,confident,自信のある,
1166,,controversial,議論のある,
1167,,sophisticated,洗練された,
1168,,annoy,いらだたせる,
1169,,disturb,平穏を妨げる,
1170,,enable,可能にさせる,
1171,,expose,明らかにする,
1172,,frighten,おびえさせる,
1173,,impress,感銘を与える,
1174,,remind,思い出させる,
1175,,replace,取って代わる,
1176,,capable,可能性がある,
1177,,critical,極めて重要な,
1178,,curious,好奇心が強い,
1179,,dependent,依存している,
1180,,dull,面白みのない,
1181,,engaged,従事している,
1182,,enormous,非常に大きい,
1183,,firm,しっかりした,
1184,,historical,歴史（上）の,
1185,,nervous,あがっている,
1186,,proud,自慢に思って,
1187,,rough,ごつごつした,
1188,,unique,他に類のない,
1189,,useless,役に立たない,
1190,,vital,極めて重要な,
1191,,well-known,よく知られた,
1192,,directly,直接（的）に,
1193,,unfortunately,残念なことに,
1194,,despite,もかかわらず,
1195,,sigh,ため息をつく,
1196,,muslim,イスラム教徒,
1197,,shrug,肩をすくめる,
1198,,surprisingly,驚いたことに,
1199,,competitive,競争力のある,
1200,,operating,作動している,
1201,,qualify,資格を与える,
1202,,manufacturing,製造している,
1203,,vulnerable,傷つきやすい,
1204,,aim,ねらいをつける,
1205,,disappoint,がっかりさせる,
1206,,discuss,ついて議論する,
1207,,greet,あいさつをする,
1208,,stare,じっと見つめる,
1209,,eager,強く望んでいる,
1210,,nevertheless,にもかかわらず,
1211,,possibly,ひょっとすると,
1212,,snap,パチンと鳴らす,
1213,,rarely,めったに～ない,
1214,,adopt,自分のものにする,
1215,,associate,結びつけて考える,
1216,,suspect,ではないかと思う,
1217,,awake,目を覚ましている,
1218,,empty,何も入っていない,
1219,,upset,気持ちが動揺した,
1220,,seldom,めったに…しない,
1221,,whenever,する時はいつでも,
1222,,civilized,発達した文明をもつ,
1223,,naked,裸の,
1224,,swear,誓う,
1225,,comedy,喜劇,
1226,,summit,頂上,
1227,,log,丸太,
1228,,lawn,芝生,
1229,,bullet,弾丸,
1230,,boundary,境界,
1231,,strongly,強く,
1232,,depth,深さ,
1233,,assistance,支援,
1234,,maximum,最大,
1235,,illness,病気,
1236,,negotiation,交渉,
1237,,advertising,広告,
1238,,mess,混乱,
1239,,preparation,準備,
1240,,trading,取引,
1241,,agenda,議題,
1242,,exclude,除く,
1243,,therapy,治療,
1244,,transition,遷移,
1245,,retirement,退職,
1246,,poverty,貧困,
1247,,recommendation,推薦,
1248,,craft,工芸,
1249,,delivery,郵送,
1250,,establishment,設立,
1251,,extension,拡張,
1252,,maintenance,持続,
1253,,salary,給与,
1254,,approval,承認,
1255,,expansion,拡張,
1256,,essay,論文,
1257,,ceiling,天井,
1258,,lecture,講義,
1259,,restriction,制限,
1260,,satisfaction,満足,
1261,,sculpture,彫刻,
1262,,promotion,昇進,
1263,,permission,許可,
1264,,flavor,風味,
1265,,personnel,人事,
1266,,battery,電池,
1267,,horror,恐怖,
1268,,storage,保存,
1269,,satellite,衛星,
1270,,agent,代理人,
1271,,alternative,代替物,
1272,,automobile,自動車,
1273,,crop,収穫物,
1274,,curiosity,好奇心,
1275,,discipline,しつけ,
1276,,employee,従業員,
1277,,excuse,言い訳,
1278,,expert,専門家,
1279,,grant,給付金,
1280,,guide,案内人,
1281,,laboratory,実験室,
1282,,manner,やり方,
1283,,philosopher,哲学者,
1284,,physics,物理学,
1285,,politician,政治家,
1286,,remark,ことば,
1287,,significance,重要性,
1288,,solution,解決策,
1289,,vehicle,乗り物,
1290,,victim,犠牲者,
1291,,vision,未来像,
1292,,witness,目撃者,
1293,,admit,認める,
1294,,alter,変える,
1295,,appeal,訴える,
1296,,arise,起こる,
1297,,block,妨げる,
1298,,borrow,借りる,
1299,,collect,集める,
1300,,convey,伝える,
1301,,defeat,負かす,
1302,,dislike,嫌がる,
1303,,emerge,現れる,
1304,,extend,延びる,
1305,,hang,つるす,
1306,,notice,気づく,
1307,,occupy,占める,
1308,,praise,ほめる,
1309,,punish,罰する,
1310,,quit,やめる,
1311,,recommend,薦める,
1312,,roll,転がる,
1313,,stretch,広がる,
1314,,threaten,脅かす,
1315,,transform,変える,
1316,,accurate,正確な,
1317,,actual,現実の,
1318,,appropriate,適当な,
1319,,chemical,化学の,
1320,,complicated,複雑な,
1321,,contemporary,現在の,
1322,,contrary,反対の,
1323,,current,現在の,
1324,,domestic,国内の,
1325,,dramatic,劇的な,
1326,,educational,教育の,
1327,,elderly,年配の,
1328,,emotional,感情の,
1329,,entire,全体の,
1330,,evil,邪悪な,
1331,,extra,余分の,
1332,,extreme,極端な,
1333,,fair,公平な,
1334,,false,誤った,
1335,,fat,太った,
1336,,financial,財政の,
1337,,global,地球の,
1338,,harmful,有害な,
1339,,honest,正直な,
1340,,immediate,即座の,
1341,,intellectual,知的な,
1342,,internal,内部の,
1343,,latter,後者の,
1344,,literary,文学の,
1345,,medium,中間の,
1346,,military,軍隊の,
1347,,nearby,近くの,
1348,,negative,否定の,
1349,,opposite,反対の,
1350,,pleasant,楽しい,
1351,,primary,最初の,
1352,,proper,適切な,
1353,,rare,まれな,
1354,,rural,田舎の,
1355,,sensitive,敏感な,
1356,,severe,厳しい,
1357,,significant,重要な,
1358,,silly,馬鹿な,
1359,,stupid,馬鹿な,
1360,,sudden,突然の,
1361,,suitable,適した,
1362,,terrible,ひどい,
1363,,tough,頑強な,
1364,,unknown,未知の,
1365,,urban,都会の,
1366,,valuable,貴重な,
1367,,wealthy,裕福な,
1368,,absolutely,絶対に,
1369,,apart,離れて,
1370,,closely,綿密に,
1371,,entirely,完全に,
1372,,fairly,かなり,
1373,,forever,永遠に,
1374,,fully,十分に,
1375,,gradually,次第に,
1376,,normally,通常は,
1377,,properly,適切に,
1378,,rapidly,素早く,
1379,,surely,確かに,
1380,,totally,完全に,
1381,,supporter,支援者,
1382,,jail,刑務所,
1383,,correspondent,特派員,
1384,,dust,ほこり,
1385,,deserve,値する,
1386,,twin,ふたご,
1387,,pure,純粋な,
1388,,mad,狂った,
1389,,creature,生き物,
1390,,buyer,買い手,
1391,,plot,話の筋,
1392,,entitle,題する,
1393,,similarly,同様に,
1394,,conventional,従来の,
1395,,disorder,無秩序,
1396,,maker,製造元,
1397,,chamber,小部屋,
1398,,rub,こする,
1399,,portrait,肖像画,
1400,,civilian,民間人,
1401,,patch,あて布,
1402,,inspector,検査官,
1403,,historian,歴史家,
1404,,pit,くぼみ,
1405,,killer,殺人者,
1406,,awareness,気づき,
1407,,observer,観察者,
1408,,suffering,苦しみ,
1409,,commander,司令官,
1410,,heel,かかと,
1411,,flee,逃げる,
1412,,lab,研究室,
1413,,newly,新たに,
1414,,prosecutor,検察官,
1415,,investigator,捜査官,
1416,,brick,れんが,
1417,,viewer,観察者,
1418,,seize,つかむ,
1419,,rebel,反逆者,
1420,,musician,音楽家,
1421,,founder,創設者,
1422,,girlfriend,女友達,
1423,,spill,こぼす,
1424,,toe,つま先,
1425,,comfort,快適さ,
1426,,crucial,重要な,
1427,,echo,こだま,
1428,,minimum,最小の,
1429,,aircraft,航空機,
1430,,moreover,さらに,
1431,,publication,出版物,
1432,,reverse,反対の,
1433,,detailed,詳細の,
1434,,illegal,違法の,
1435,,assist,手伝う,
1436,,initially,最初に,
1437,,mere,単なる,
1438,,briefly,簡単に,
1439,,parking,駐車場,
1440,,prompt,即座の,
1441,,rapid,急速な,
1442,,extensive,広範な,
1443,,clothing,衣料品,
1444,,trigger,引き金,
1445,,operator,操作者,
1446,,anniversary,～周年,
1447,,decade,10年間,
1448,,democracy,民主主義,
1449,,occasion,特定の時,
1450,,plenty,たくさん,
1451,,proverb,ことわざ,
1452,,psychologist,心理学者,
1453,,sight,見ること,
1454,,virus,ウイルス,
1455,,abandon,捨て去る,
1456,,absorb,吸収する,
1457,,accompany,付き添う,
1458,,admire,賞賛する,
1459,,attend,出席する,
1460,,behave,振る舞う,
1461,,compete,競争する,
1462,,compose,構成する,
1463,,concentrate,集中する,
1464,,connect,つなげる,
1465,,considerable,かなりの,
1466,,consist,成り立つ,
1467,,contribute,寄付する,
1468,,cope,対処する,
1469,,criticize,批判する,
1470,,declare,宣言する,
1471,,decrease,減少する,
1472,,deny,否定する,
1473,,derive,引き出す,
1474,,display,展示する,
1475,,distinguish,区別する,
1476,,divide,分割する,
1477,,educate,教育する,
1478,,emphasize,強調する,
1479,,encounter,遭遇する,
1480,,estimate,推定する,
1481,,estimate,見積もる,
1482,,examine,検査する,
1483,,expand,拡大する,
1484,,export,輸出する,
1485,,fix,固定する,
1486,,govern,統治する,
1487,,graduate,卒業する,
1488,,handle,手で扱う,
1489,,hesitate,ためらう,
1490,,identify,見分ける,
1491,,ignore,無視する,
1492,,import,輸入する,
1493,,inform,知らせる,
1494,,intend,意図する,
1495,,interpret,解釈する,
1496,,judge,判断する,
1497,,oppose,反対する,
1498,,organize,組織する,
1499,,overcome,克服する,
1500,,participate,参加する,
1501,,perceive,知覚する,
1502,,permit,許可する,
1503,,persuade,説得する,
1504,,possess,所有する,
1505,,predict,予想する,
1506,,promote,促進する,
1507,,propose,提案する,
1508,,purchase,購入する,
1509,,react,反応する,
1510,,recover,回復する,
1511,,reject,拒絶する,
1512,,release,解き放つ,
1513,,remove,取り除く,
1514,,repair,修理する,
1515,,respond,反応する,
1516,,retire,退職する,
1517,,rush,突進する,
1518,,select,選び出す,
1519,,stimulate,刺激する,
1520,,suit,適合する,
1521,,surround,取り囲む,
1522,,tear,引き裂く,
1523,,translate,翻訳する,
1524,,transport,輸送する,
1525,,vote,投票する,
1526,,warn,警告する,
1527,,alike,よく似た,
1528,,anxious,心配して,
1529,,attractive,魅力的な,
1530,,bored,退屈した,
1531,,conscious,意識して,
1532,,creative,創造的な,
1533,,effective,効果的な,
1534,,friendly,友好的な,
1535,,fundamental,基本的な,
1536,,gentle,穏やかな,
1537,,independent,独立した,
1538,,mysterious,不可解な,
1539,,narrow,幅が狭い,
1540,,patient,我慢強い,
1541,,potential,潜在的な,
1542,,primitive,原始的な,
1543,,remarkable,目立った,
1544,,slight,かすかな,
1545,,smart,頭の良い,
1546,,specific,具体的な,
1547,,technical,技術上の,
1548,,typical,典型的な,
1549,,universal,普遍的な,
1550,,largely,主として,
1551,,necessarily,必然的に,
1552,,obviously,明らかに,
1553,,slightly,わずかに,
1554,,somehow,どうにか,
1555,,somewhat,いくぶん,
1556,,virtually,実質的に,
1557,,widely,広範囲に,
1558,,wherever,どこでも,
1559,,gear,伝動装置,
1560,,partly,部分的に,
1561,,dealer,販売業者,
1562,,leap,飛び跳ねる，飛び回る,
1563,,appoint,任命する,
1564,,childhood,子供時代,
1565,,gay,同性愛の,
1566,,elect,選出する,
1567,,ally,同盟する,
1568,,install,導入する,
1569,,armed,武装した,
1570,,negotiate,交渉する,
1571,,nowhere,どこにも,
1572,,pregnant,妊娠した,
1573,,clue,手がかり,
1574,,counter,相対する,
1575,,yield,産出する,
1576,,radical,急進的な,
1577,,implement,実施する,
1578,,stable,安定した,
1579,,advocate,提唱する,
1580,,consistent,一貫した,
1581,,via,～経由で,
1582,,withdraw,撤回する,
1583,,depression,落ち込み,
1584,,attribute,に帰する,
1585,,typically,典型的に,
1586,,enhance,強調する,
1587,,mystery,神秘的な,
1588,,restore,修復する,
1589,,airline,航空会社,
1590,,shortly,まもなく,
1591,,calculate,計算する,
1592,,detect,検出する,
1593,,regarding,に関して,
1594,,comprehensive,包括的な,
1595,,personally,個人的に,
1596,,so-called,いわゆる,
1597,,concrete,具体的な,
1598,,innocent,罪のない,
1599,,proposed,提案した,
1600,,potentially,潜在的な,
1601,,worried,心配した,
1602,,temporary,一時的な,
1603,,compound,調合する,
1604,,submit,提出する,
1605,,wildlife,野生動物,
1606,,sustain,保持する,
1607,,depending,依存する,
1608,,favor,親切な行為,
1609,,thought,考えること,
1610,,accomplish,成し遂げる,
1611,,afford,余裕がある,
1612,,attach,貼り付ける,
1613,,attract,引きつける,
1614,,bind,縛りつける,
1615,,breathe,呼吸をする,
1616,,combine,結合させる,
1617,,complain,不満を言う,
1618,,conclude,締めくくる,
1619,,confuse,混乱させる,
1620,,construct,組み立てる,
1621,,convince,納得させる,
1622,,entertain,楽しませる,
1623,,frighten,怖がらせる,
1624,,hate,ひどく嫌う,
1625,,imply,ほのめかす,
1626,,isolate,孤立させる,
1627,,obtain,手に入れる,
1628,,pretend,ふりをする,
1629,,pursue,追い求める,
1630,,reserve,取っておく,
1631,,settle,決着させる,
1632,,asleep,眠っている,
1633,,biological,生物学上の,
1634,,comfortable,心地の良い,
1635,,constant,絶え間ない,
1636,,convenient,都合がよい,
1637,,distant,遠く離れた,
1638,,extraordinary,普通でない,
1639,,favorite,一番好きな,
1640,,intelligent,知能の高い,
1641,,polite,礼儀正しい,
1642,,positive,自信のある,
1643,,reasonable,理性のある,
1644,,responsible,責任がある,
1645,,superior,より優れた,
1646,,tiny,ごく小さい,
1647,,unusual,めずらしい,
1648,,visible,目に見える,
1649,,welcome,歓迎される,
1650,,willing,いとわない,
1651,,alive,生きている,
1652,,unlike,とは違って,
1653,,tap,軽くたたく,
1654,,protein,タンパク質,
1655,,venture,冒険的事業,
1656,,embrace,抱きしめる,
1657,,drain,排出させる,
1658,,historic,由緒のある,
1659,,desperate,やけくその,
1660,,Mexican,メキシコの,
1661,,dump,投げ捨てる,
1662,,highlight,目立たせる,
1663,,given,与えられた,
1664,,inquiry,問い合わせ,
1665,,testing,試している,
1666,,dismiss,退出させる,
1667,,incorporate,合体させる,
1668,,confident,自信のある,
1669,,controversial,議論のある,
1670,,sophisticated,洗練された,
1671,,annoy,いらだたせる,
1672,,disturb,平穏を妨げる,
1673,,enable,可能にさせる,
1674,,expose,明らかにする,
1675,,frighten,おびえさせる,
1676,,impress,感銘を与える,
1677,,remind,思い出させる,
1678,,replace,取って代わる,
1679,,capable,可能性がある,
1680,,critical,極めて重要な,
1681,,curious,好奇心が強い,
1682,,dependent,依存している,
1683,,dull,面白みのない,
1684,,engaged,従事している,
1685,,enormous,非常に大きい,
1686,,firm,しっかりした,
1687,,historical,歴史（上）の,
1688,,nervous,あがっている,
1689,,proud,自慢に思って,
1690,,rough,ごつごつした,
1691,,unique,他に類のない,
1692,,useless,役に立たない,
1693,,vital,極めて重要な,
1694,,well-known,よく知られた,
1695,,directly,直接（的）に,
1696,,unfortunately,残念なことに,
1697,,despite,もかかわらず,
1698,,sigh,ため息をつく,
1699,,muslim,イスラム教徒,
1700,,shrug,肩をすくめる,
1701,,surprisingly,驚いたことに,
1702,,competitive,競争力のある,
1703,,operating,作動している,
1704,,qualify,資格を与える,
1705,,manufacturing,製造している,
1706,,vulnerable,傷つきやすい,
1707,,aim,ねらいをつける,
1708,,disappoint,がっかりさせる,
1709,,discuss,ついて議論する,
1710,,greet,あいさつをする,
1711,,stare,じっと見つめる,
1712,,eager,強く望んでいる,
1713,,nevertheless,にもかかわらず,
1714,,possibly,ひょっとすると,
1715,,snap,パチンと鳴らす,
1716,,rarely,めったに～ない,
1717,,adopt,自分のものにする,
1718,,associate,結びつけて考える,
1719,,suspect,ではないかと思う,
1720,,awake,目を覚ましている,
1721,,empty,何も入っていない,
1722,,upset,気持ちが動揺した,
1723,,seldom,めったに…しない,
1724,,whenever,する時はいつでも,
1725,,civilized,発達した文明をもつ,
1726,,logic,論理,
1727,,companion,仲間,
1728,,exception,例外,
1729,,divorce,離婚,
1730,,infant,幼児,
1731,,courage,勇気,
1732,,appointment,約束,
1733,,fur,毛皮,
1734,,honor,名誉,
1735,,charm,魅力,
1736,,instinct,本能,
1737,,dialect,方言,
1738,,conservation,保全,
1739,,insurance,保険,
1740,,odd,変な,
1741,,division,分割,
1742,,portion,部分,
1743,,disadvantage,不利,
1744,,absence,不在,
1745,,expense,費用,
1746,,comparison,比較,
1747,,tragedy,悲劇,
1748,,reflection,反映,
1749,,pronunciation,発音,
1750,,blast,爆風,
1751,,explosion,爆発,
1752,,passion,熱望,
1753,,trait,特性,
1754,,privilege,特権,
1755,,instrument,道具,
1756,,insight,洞察,
1757,,colleague,同僚,
1758,,motive,動機,
1759,,statistics,統計,
1760,,investment,投資,
1761,,foundation,基礎,
1762,,pursuit,追跡,
1763,,wage,賃金,
1764,,leap,跳ぶ,
1765,,harmony,調和,
1766,,pour,注ぐ,
1767,,globe,地球,
1768,,funeral,葬式,
1769,,dispute,争議,
1770,,sweep,掃く,
1771,,extinction,絶滅,
1772,,description,説明,
1773,,clip,切る,
1774,,pupil,生徒,
1775,,raw,生の,
1776,,institution,制度,
1777,,proceed,進む,
1778,,myth,神話,
1779,,nerve,神経,
1780,,profound,深い,
1781,,appetite,食欲,
1782,,profession,職業,
1783,,steam,蒸気,
1784,,enthusiasm,情熱,
1785,,site,場所,
1786,,impulse,衝動,
1787,,ministry,省庁,
1788,,shed,流す,
1789,,possession,所有,
1790,,instant,瞬時,
1791,,burden,重荷,
1792,,dwell,住む,
1793,,assembly,集合,
1794,,harvest,収穫,
1795,,seed,種子,
1796,,means,手段,
1797,,unemployment,失業,
1798,,liberty,自由,
1799,,era,時代,
1800,,incident,事件,
1801,,fund,資金,
1802,,facility,施設,
1803,,cell,細胞,
1804,,confusion,混乱,
1805,,insect,昆虫,
1806,,mineral,鉱物,
1807,,suburb,郊外,
1808,,voyage,航海,
1809,,composition,構成,
1810,,preference,好み,
1811,,ray,光線,
1812,,reference,参照,
1813,,cash,現金,
1814,,diminish,減らす,
1815,,constitution,憲法,
1816,,construction,建設,
1817,,firmly,堅く,
1818,,contract,契約,
1819,,fancy,空想,
1820,,tension,緊張,
1821,,parliament,議会,
1822,,obligation,義務,
1823,,sacrifice,犠牲,
1824,,ritual,儀式,
1825,,hunger,飢え,
1826,,orbit,軌道,
1827,,pray,祈る,
1828,,executive,幹部，重役,
1829,,scholar,学者,
1830,,navy,海軍,
1831,,circuit,回路,
1832,,enterprise,会社,
1833,,furniture,家具,
1834,,beneath,下に,
1835,,crown,王冠,
1836,,application,適用,
1837,,remote,遠い,
1838,,immigration,移住,
1839,,dignity,威厳,
1840,,commissioner,委員,
1841,,relief,安堵,
1842,,affection,愛情，好意,
1843,,lord,領主,
1844,,ambition,野望,
1845,,recognition,認識,
1846,,load,積む,
1847,,acquaintance,知人,
1848,,perception,知覚,
1849,,perspective,見解,
1850,,injury,怪我,
1851,,excess,過剰,
1852,,tale,お話,
1853,,treasure,宝,
1854,,grave,墓,
1855,,vice,副,
1856,,lung,肺,
1857,,virtue,徳,
1858,,tide,潮,
1859,,shame,恥,
1860,,tip,先,
1861,,shore,岸,
1862,,inferior,劣った,
1863,,similarity,類似性,
1864,,suppress,抑える,
1865,,melt,溶ける,
1866,,guilty,有罪の,
1867,,definite,明確な,
1868,,annual,毎年の,
1869,,bury,埋める,
1870,,genuine,本物の,
1871,,telescope,望遠鏡,
1872,,legal,法律の,
1873,,capture,捕える,
1874,,editor,編集者,
1875,,convert,変える,
1876,,parallel,平行の,
1877,,complexity,複雑さ,
1878,,frequent,頻繁な,
1879,,subtle,微妙な,
1880,,critic,批評家,
1881,,tropical,熱帯の,
1882,,acknowledge,認める,
1883,,equivalent,等しい,
1884,,initial,当初の,
1885,,electrical,電気の,
1886,,empire,帝国の,
1887,,steadily,着実に,
1888,,steady,着実な,
1889,,principal,第一の,
1890,,endure,耐える,
1891,,numerous,多数の,
1892,,mutual,相互の,
1893,,grand,壮大な,
1894,,prejudice,先入観,
1895,,spiritual,精神の,
1896,,output,生産量,
1897,,precisely,正確に,
1898,,exact,正確な,
1899,,precise,正確な,
1900,,racial,人種の,
1901,,intimate,親密な,
1902,,colony,植民地,
1903,,crew,乗組員,
1904,,minority,少数派,
1905,,elementary,初級の,
1906,,adequate,十分な,
1907,,sufficient,十分な,
1908,,passive,受身の,
1909,,prime,主要な,
1910,,rude,失礼な,
1911,,servant,使用人,
1912,,participant,参加者,
1913,,latest,最新の,
1914,,aggression,攻撃性,
1915,,candidate,候補者,
1916,,rear,後部の,
1917,,deliberately,故意に,
1918,,classical,古典の,
1919,,strict,厳しい,
1920,,atomic,原子の,
1921,,prospect,見通し,
1922,,institute,制定する,
1923,,economics,経済学,
1924,,painful,苦痛な,
1925,,bend,曲げる,
1926,,republic,共和国,
1927,,massive,巨大な,
1928,,inhabitant,居住者,
1929,,resident,居住者,
1930,,ultimate,究極の,
1931,,precious,貴重な,
1932,,peculiar,奇妙な,
1933,,plain,簡素な,
1934,,altogether,完全に,
1935,,pioneer,開拓者,
1936,,excessive,過度の,
1937,,liquid,液体の,
1938,,permanent,永久の,
1939,,gene,遺伝子,
1940,,committee,委員会,
1941,,cease,やめる,
1942,,cave,ほら穴,
1943,,awful,ひどい,
1944,,originate,始まる,
1945,,grasp,つかむ,
1946,,delicate,繊細な,
1947,,luxury,贅沢な,
1948,,civil,市民の,
1949,,verbal,言葉の,
1950,,inclined,傾いた,
1951,,impose,課する,
1952,,mammal,哺乳動物,
1953,,relieve,和らげる,
1954,,logical,論理的な,
1955,,rational,理性的な,
1956,,imitate,模倣する,
1957,,evident,明らかな,
1958,,fascinate,魅了する,
1959,,essentially,本質的に,
1960,,desirable,望ましい,
1961,,broadcast,放送する,
1962,,guarantee,保証する,
1963,,retain,保持する,
1964,,analyze,分析する,
1965,,unpleasant,不愉快な,
1966,,exhibit,展示する,
1967,,burst,破裂する,
1968,,traditionally,伝統的に,
1969,,adjust,調節する,
1970,,investigate,調査する,
1971,,abstract,抽象的な,
1972,,delay,遅らせる,
1973,,Atlantic,大西洋の,
1974,,behalf,代わって,
1975,,relative,相対的な,
1976,,identical,同一の,
1977,,absolute,絶対的な,
1978,,found,設立する,
1979,,pile,積み重ね,
1980,,mature,成熟した,
1981,,restrict,制限する,
1982,,artificial,人工的な,
1983,,evolve,進化する,
1984,,patience,辛抱強さ,
1985,,cruise,巡航する,
1986,,eliminate,取り除く,
1987,,primarily,主として,
1988,,socially,社会的に,
1989,,practically,実質的に,
1990,,cure,治療する,
1991,,dominate,支配する,
1992,,commit,罪を犯す,
1993,,devise,考え出す,
1994,,cultivate,耕作する,
1995,,constitute,構成する,
1996,,update,更新する,
1997,,aggressive,攻撃的な,
1998,,protest,抗議する,
1999,,effectively,効果的に,
2000,,traffic jam,交通渋滞,
2001,,inspire,鼓舞する,
2002,,invisible,見えない,
2003,,undergo,経験する,
2004,,neighbor,隣人,
2005,,interfere,干渉する,
2006,,confirm,確認する,
2007,,apparent,外見上の,
2008,,resolve,解決する,
2009,,calm,穏やかな,
2010,,swallow,飲み込む,
2011,,overwhelming,圧倒的な,
2012,,neglect,無視する,
2013,,increasingly,ますます,
2014,,assure,保証する,
2015,,resist,抵抗する,
2016,,consequently,その結果,
2017,,confine,制限する,
2018,,whisper,ささやく,
2019,,beg,懇願する,
2020,,cling,くっつく,
2021,,gaze,凝視する,
2022,,urge,強く促す,
2023,,astonish,驚かせる,
2024,,nod,うなずく,
2025,,wan,青ざめた,
2026,,depress,落胆させる,
2027,,reliable,頼りになる,
2028,,democratic,民主主義の,
2029,,satisfactory,満足のいく,
2030,,literally,文字通りに,
2031,,sensible,分別のある,
2032,,generate,発生させる,
2033,,confront,直面させる,
2034,,aloud,声に出して,
2035,,uncomfortable,心地の悪い,
2036,,weigh,重さがある,
2037,,elaborate,手の込んだ,
2038,,owe,借りている,
2039,,interrupt,邪魔をする,
2040,,industrialize,産業化する,
2041,,communist,共産主義者,
2042,,generous,気前のよい,
2043,,accustomed,慣れている,
2044,,amuse,楽しませる,
2045,,ensure,確実にする,
2046,,disagree,反対する,
2047,,blink,瞬きをする,
2048,,scatter,まき散らす,
2049,,distinct,他と違った,
2050,,barely,かろうじて,
2051,,bow,お辞儀する,
2052,,fold,折りたたむ,
2053,,tremendous,非常に大きな,
2054,,inevitable,避けられない,
2055,,yell,大声を上げる,
2056,,ruin,台無しにする,
2057,,spoil,台無しにする,
2058,,substitute,代わりに使う,
2059,,unlikely,起こりそうにない,
2060,,regardless,にも関わらず,
2061,,bang,ドンドン叩く,
2062,,whereas,である一方で,
2063,,deposit,お金を預ける,
2064,,exhaust,疲れ果てさせる,
2065,,dare,思い切ってする,
2066,,logic,論理,
2067,,companion,仲間,
2068,,exception,例外,
2069,,divorce,離婚,
2070,,infant,幼児,
2071,,courage,勇気,
2072,,appointment,約束,
2073,,fur,毛皮,
2074,,honor,名誉,
2075,,charm,魅力,
2076,,instinct,本能,
2077,,dialect,方言,
2078,,conservation,保全,
2079,,insurance,保険,
2080,,odd,変な,
2081,,division,分割,
2082,,portion,部分,
2083,,disadvantage,不利,
2084,,absence,不在,
2085,,expense,費用,
2086,,comparison,比較,
2087,,tragedy,悲劇,
2088,,reflection,反映,
2089,,pronunciation,発音,
2090,,blast,爆風,
2091,,explosion,爆発,
2092,,passion,熱望,
2093,,trait,特性,
2094,,privilege,特権,
2095,,instrument,道具,
2096,,insight,洞察,
2097,,colleague,同僚,
2098,,motive,動機,
2099,,statistics,統計,
2100,,investment,投資,
2101,,foundation,基礎,
2102,,pursuit,追跡,
2103,,wage,賃金,
2104,,leap,跳ぶ,
2105,,harmony,調和,
2106,,pour,注ぐ,
2107,,globe,地球,
2108,,funeral,葬式,
2109,,dispute,争議,
2110,,sweep,掃く,
2111,,extinction,絶滅,
2112,,description,説明,
2113,,clip,切る,
2114,,pupil,生徒,
2115,,raw,生の,
2116,,institution,制度,
2117,,proceed,進む,
2118,,myth,神話,
2119,,nerve,神経,
2120,,profound,深い,
2121,,appetite,食欲,
2122,,profession,職業,
2123,,steam,蒸気,
2124,,enthusiasm,情熱,
2125,,site,場所,
2126,,impulse,衝動,
2127,,ministry,省庁,
2128,,shed,流す,
2129,,possession,所有,
2130,,instant,瞬時,
2131,,burden,重荷,
2132,,dwell,住む,
2133,,assembly,集合,
2134,,harvest,収穫,
2135,,seed,種子,
2136,,means,手段,
2137,,unemployment,失業,
2138,,liberty,自由,
2139,,era,時代,
2140,,incident,事件,
2141,,fund,資金,
2142,,facility,施設,
2143,,cell,細胞,
2144,,confusion,混乱,
2145,,insect,昆虫,
2146,,mineral,鉱物,
2147,,suburb,郊外,
2148,,voyage,航海,
2149,,composition,構成,
2150,,preference,好み,
2151,,ray,光線,
2152,,reference,参照,
2153,,cash,現金,
2154,,diminish,減らす,
2155,,constitution,憲法,
2156,,construction,建設,
2157,,firmly,堅く,
2158,,contract,契約,
2159,,fancy,空想,
2160,,tension,緊張,
2161,,parliament,議会,
2162,,obligation,義務,
2163,,sacrifice,犠牲,
2164,,ritual,儀式,
2165,,hunger,飢え,
2166,,orbit,軌道,
2167,,pray,祈る,
2168,,executive,幹部，重役,
2169,,scholar,学者,
2170,,navy,海軍,
2171,,circuit,回路,
2172,,enterprise,会社,
2173,,furniture,家具,
2174,,beneath,下に,
2175,,crown,王冠,
2176,,application,適用,
2177,,remote,遠い,
2178,,immigration,移住,
2179,,dignity,威厳,
2180,,commissioner,委員,
2181,,relief,安堵,
2182,,affection,愛情，好意,
2183,,lord,領主,
2184,,ambition,野望,
2185,,recognition,認識,
2186,,load,積む,
2187,,acquaintance,知人,
2188,,perception,知覚,
2189,,perspective,見解,
2190,,injury,怪我,
2191,,excess,過剰,
2192,,tale,お話,
2193,,treasure,宝,
2194,,grave,墓,
2195,,vice,副,
2196,,lung,肺,
2197,,virtue,徳,
2198,,tide,潮,
2199,,shame,恥,
2200,,tip,先,
2201,,shore,岸,
2202,,inferior,劣った,
2203,,similarity,類似性,
2204,,suppress,抑える,
2205,,melt,溶ける,
2206,,guilty,有罪の,
2207,,definite,明確な,
2208,,annual,毎年の,
2209,,bury,埋める,
2210,,genuine,本物の,
2211,,telescope,望遠鏡,
2212,,legal,法律の,
2213,,capture,捕える,
2214,,editor,編集者,
2215,,convert,変える,
2216,,parallel,平行の,
2217,,complexity,複雑さ,
2218,,frequent,頻繁な,
2219,,subtle,微妙な,
2220,,critic,批評家,
2221,,tropical,熱帯の,
2222,,acknowledge,認める,
2223,,equivalent,等しい,
2224,,initial,当初の,
2225,,electrical,電気の,
2226,,empire,帝国の,
2227,,steadily,着実に,
2228,,steady,着実な,
2229,,principal,第一の,
2230,,endure,耐える,
2231,,numerous,多数の,
2232,,mutual,相互の,
2233,,grand,壮大な,
2234,,prejudice,先入観,
2235,,spiritual,精神の,
2236,,output,生産量,
2237,,precisely,正確に,
2238,,exact,正確な,
2239,,precise,正確な,
2240,,racial,人種の,
2241,,intimate,親密な,
2242,,colony,植民地,
2243,,crew,乗組員,
2244,,minority,少数派,
2245,,elementary,初級の,
2246,,adequate,十分な,
2247,,sufficient,十分な,
2248,,passive,受身の,
2249,,prime,主要な,
2250,,rude,失礼な,
2251,,servant,使用人,
2252,,participant,参加者,
2253,,latest,最新の,
2254,,aggression,攻撃性,
2255,,candidate,候補者,
2256,,rear,後部の,
2257,,deliberately,故意に,
2258,,classical,古典の,
2259,,strict,厳しい,
2260,,atomic,原子の,
2261,,prospect,見通し,
2262,,institute,制定する,
2263,,economics,経済学,
2264,,painful,苦痛な,
2265,,bend,曲げる,
2266,,republic,共和国,
2267,,massive,巨大な,
2268,,inhabitant,居住者,
2269,,resident,居住者,
2270,,ultimate,究極の,
2271,,precious,貴重な,
2272,,peculiar,奇妙な,
2273,,plain,簡素な,
2274,,altogether,完全に,
2275,,pioneer,開拓者,
2276,,excessive,過度の,
2277,,liquid,液体の,
2278,,permanent,永久の,
2279,,gene,遺伝子,
2280,,committee,委員会,
2281,,cease,やめる,
2282,,cave,ほら穴,
2283,,awful,ひどい,
2284,,originate,始まる,
2285,,grasp,つかむ,
2286,,delicate,繊細な,
2287,,luxury,贅沢な,
2288,,civil,市民の,
2289,,verbal,言葉の,
2290,,inclined,傾いた,
2291,,impose,課する,
2292,,mammal,哺乳動物,
2293,,relieve,和らげる,
2294,,logical,論理的な,
2295,,rational,理性的な,
2296,,imitate,模倣する,
2297,,evident,明らかな,
2298,,fascinate,魅了する,
2299,,essentially,本質的に,
2300,,desirable,望ましい,
2301,,broadcast,放送する,
2302,,guarantee,保証する,
2303,,retain,保持する,
2304,,analyze,分析する,
2305,,unpleasant,不愉快な,
2306,,exhibit,展示する,
2307,,burst,破裂する,
2308,,traditionally,伝統的に,
2309,,adjust,調節する,
2310,,investigate,調査する,
2311,,abstract,抽象的な,
2312,,delay,遅らせる,
2313,,Atlantic,大西洋の,
2314,,behalf,代わって,
2315,,relative,相対的な,
2316,,identical,同一の,
2317,,absolute,絶対的な,
2318,,found,設立する,
2319,,pile,積み重ね,
2320,,mature,成熟した,
2321,,restrict,制限する,
2322,,artificial,人工的な,
2323,,evolve,進化する,
2324,,patience,辛抱強さ,
2325,,cruise,巡航する,
2326,,eliminate,取り除く,
2327,,primarily,主として,
2328,,socially,社会的に,
2329,,practically,実質的に,
2330,,cure,治療する,
2331,,dominate,支配する,
2332,,commit,罪を犯す,
2333,,devise,考え出す,
2334,,cultivate,耕作する,
2335,,constitute,構成する,
2336,,update,更新する,
2337,,aggressive,攻撃的な,
2338,,protest,抗議する,
2339,,effectively,効果的に,
2340,,traffic jam,交通渋滞,
2341,,inspire,鼓舞する,
2342,,invisible,見えない,
2343,,undergo,経験する,
2344,,neighbor,隣人,
2345,,interfere,干渉する,
2346,,confirm,確認する,
2347,,apparent,外見上の,
2348,,resolve,解決する,
2349,,calm,穏やかな,
2350,,swallow,飲み込む,
2351,,overwhelming,圧倒的な,
2352,,neglect,無視する,
2353,,increasingly,ますます,
2354,,assure,保証する,
2355,,resist,抵抗する,
2356,,consequently,その結果,
2357,,confine,制限する,
2358,,whisper,ささやく,
2359,,beg,懇願する,
2360,,cling,くっつく,
2361,,gaze,凝視する,
2362,,urge,強く促す,
2363,,astonish,驚かせる,
2364,,nod,うなずく,
2365,,wan,青ざめた,
2366,,depress,落胆させる,
2367,,reliable,頼りになる,
2368,,democratic,民主主義の,
2369,,satisfactory,満足のいく,
2370,,literally,文字通りに,
2371,,sensible,分別のある,
2372,,generate,発生させる,
2373,,confront,直面させる,
2374,,aloud,声に出して,
2375,,uncomfortable,心地の悪い,
2376,,weigh,重さがある,
2377,,elaborate,手の込んだ,
2378,,owe,借りている,
2379,,interrupt,邪魔をする,
2380,,industrialize,産業化する,
2381,,communist,共産主義者,
2382,,generous,気前のよい,
2383,,accustomed,慣れている,
2384,,amuse,楽しませる,
2385,,ensure,確実にする,
2386,,disagree,反対する,
2387,,blink,瞬きをする,
2388,,scatter,まき散らす,
2389,,distinct,他と違った,
2390,,barely,かろうじて,
2391,,bow,お辞儀する,
2392,,fold,折りたたむ,
2393,,tremendous,非常に大きな,
2394,,inevitable,避けられない,
2395,,yell,大声を上げる,
2396,,ruin,台無しにする,
2397,,spoil,台無しにする,
2398,,substitute,代わりに使う,
2399,,unlikely,起こりそうにない,
2400,,regardless,にも関わらず,
2401,,bang,ドンドン叩く,
2402,,whereas,である一方で,
2403,,deposit,お金を預ける,
2404,,exhaust,疲れ果てさせる,
2405,,dare,思い切ってする,
